ticker,expiry,spot,side,strike,iv,volume,openInterest,bid,ask
NATR,2026-08-21,20.059999465942383,C,17.5,1.0000000000000003e-05,2.0,0,0.0,0.0
NATR,2026-08-21,20.059999465942383,C,20.0,1.0000000000000003e-05,2.0,0,0.0,0.0
NATR,2026-08-21,20.059999465942383,C,22.5,0.12500875,3.0,0,0.0,0.0
NATR,2026-08-21,20.059999465942383,C,25.0,0.9492192578124999,1.0,39,0.0,0.6
NATR,2026-08-21,20.059999465942383,C,30.0,1.29297228515625,2.0,70,0.0,0.4
NATR,2026-08-21,20.059999465942383,P,10.0,0.500005,1.0,0,0.0,0.0
NATR,2026-08-21,20.059999465942383,P,15.0,3.259767475585937,,3,0.1,5.0
NATR,2026-08-21,20.059999465942383,P,20.0,0.007822421875,1.0,0,0.0,0.0
NATR,2026-08-21,20.059999465942383,P,22.5,1.0000000000000003e-05,12.0,0,0.0,0.0
NATR,2026-08-21,20.059999465942383,P,25.0,0.7929708203125,1.0,7,2.7,7.5
SEZL,2026-08-21,174.39999389648438,C,30.0,1.0000000000000003e-05,1.0,0,0.0,0.0
SEZL,2026-08-21,174.39999389648438,C,35.0,1.0000000000000003e-05,1.0,0,0.0,0.0
SEZL,2026-08-21,174.39999389648438,C,40.0,1.0000000000000003e-05,1.0,0,0.0,0.0
SEZL,2026-08-21,174.39999389648438,C,45.0,1.0000000000000003e-05,1.0,0,0.0,0.0
SEZL,2026-08-21,174.39999389648438,C,50.0,1.0000000000000003e-05,1.0,0,0.0,0.0
SEZL,2026-08-21,174.39999389648438,C,55.0,1.0000000000000003e-05,1.0,0,0.0,0.0
SEZL,2026-08-21,174.39999389648438,C,60.0,1.0000000000000003e-05,1.0,0,0.0,0.0
SEZL,2026-08-21,174.39999389648438,C,65.0,1.0000000000000003e-05,1.0,0,0.0,0.0
SEZL,2026-08-21,174.39999389648438,C,70.0,1.0000000000000003e-05,4.0,0,0.0,0.0
SEZL,2026-08-21,174.39999389648438,C,75.0,1.0000000000000003e-05,1.0,0,0.0,0.0
SEZL,2026-08-21,174.39999389648438,C,80.0,1.0000000000000003e-05,2.0,0,0.0,0.0
SEZL,2026-08-21,174.39999389648438,C,85.0,1.0000000000000003e-05,2.0,0,0.0,0.0
SEZL,2026-08-21,174.39999389648438,C,90.0,1.0000000000000003e-05,1.0,0,0.0,0.0
SEZL,2026-08-21,174.39999389648438,C,95.0,1.0000000000000003e-05,1.0,0,0.0,0.0
SEZL,2026-08-21,174.39999389648438,C,100.0,1.0000000000000003e-05,1.0,0,0.0,0.0
SEZL,2026-08-21,174.39999389648438,C,105.0,1.0000000000000003e-05,4.0,0,0.0,0.0
SEZL,2026-08-21,174.39999389648438,C,110.0,1.0000000000000003e-05,2.0,0,0.0,0.0
SEZL,2026-08-21,174.39999389648438,C,115.0,1.0000000000000003e-05,1.0,0,0.0,0.0
SEZL,2026-08-21,174.39999389648438,C,120.0,1.0000000000000003e-05,11.0,0,0.0,0.0
SEZL,2026-08-21,174.39999389648438,C,125.0,1.0000000000000003e-05,9.0,0,0.0,0.0
SEZL,2026-08-21,174.39999389648438,C,130.0,1.0000000000000003e-05,1.0,0,0.0,0.0
SEZL,2026-08-21,174.39999389648438,C,135.0,1.0000000000000003e-05,5.0,0,0.0,0.0
SEZL,2026-08-21,174.39999389648438,C,140.0,1.0000000000000003e-05,3.0,0,0.0,0.0
SEZL,2026-08-21,174.39999389648438,C,145.0,1.0000000000000003e-05,1.0,0,0.0,0.0
SEZL,2026-08-21,174.39999389648438,C,150.0,1.0000000000000003e-05,20.0,0,0.0,0.0
SEZL,2026-08-21,174.39999389648438,C,155.0,1.0000000000000003e-05,3.0,0,0.0,0.0
SEZL,2026-08-21,174.39999389648438,C,160.0,1.0000000000000003e-05,36.0,0,0.0,0.0
SEZL,2026-08-21,174.39999389648438,C,165.0,1.0000000000000003e-05,14.0,0,0.0,0.0
SEZL,2026-08-21,174.39999389648438,C,170.0,1.0000000000000003e-05,23.0,0,0.0,0.0
SEZL,2026-08-21,174.39999389648438,C,175.0,0.0039162109375,10.0,0,0.0,0.0
SEZL,2026-08-21,174.39999389648438,C,180.0,0.0312596875,14.0,0,0.0,0.0
SEZL,2026-08-21,174.39999389648438,C,185.0,0.062509375,3.0,0,0.0,0.0
SEZL,2026-08-21,174.39999389648438,C,190.0,0.12500875,4.0,0,0.0,0.0
SEZL,2026-08-21,174.39999389648438,C,195.0,0.12500875,32.0,0,0.0,0.0
SEZL,2026-08-21,174.39999389648438,C,200.0,0.12500875,28.0,0,0.0,0.0
SEZL,2026-08-21,174.39999389648438,C,210.0,0.2500075,10.0,0,0.0,0.0
SEZL,2026-08-21,174.39999389648438,C,220.0,0.2500075,9.0,0,0.0,0.0
SEZL,2026-08-21,174.39999389648438,C,230.0,0.2500075,1.0,0,0.0,0.0
SEZL,2026-08-21,174.39999389648438,C,240.0,0.2500075,3.0,0,0.0,0.0
SEZL,2026-08-21,174.39999389648438,C,250.0,0.2500075,1.0,0,0.0,0.0
SEZL,2026-08-21,174.39999389648438,C,260.0,0.500005,1.0,0,0.0,0.0
SEZL,2026-08-21,174.39999389648438,C,270.0,0.500005,1.0,0,0.0,0.0
SEZL,2026-08-21,174.39999389648438,C,280.0,0.500005,1.0,0,0.0,0.0
SEZL,2026-08-21,174.39999389648438,P,30.0,0.500005,,0,0.0,0.0
SEZL,2026-08-21,174.39999389648438,P,35.0,4.4257857177734365,2.0,5,0.0,2.25
SEZL,2026-08-21,174.39999389648438,P,40.0,4.044926818847656,1.0,2,0.0,2.2
SEZL,2026-08-21,174.39999389648438,P,45.0,3.7480475048828126,1.0,2,0.0,2.25
SEZL,2026-08-21,174.39999389648438,P,50.0,0.500005,1.0,0,0.0,0.0
SEZL,2026-08-21,174.39999389648438,P,55.0,0.500005,4.0,0,0.0,0.0
SEZL,2026-08-21,174.39999389648438,P,60.0,0.500005,1.0,0,0.0,0.0
SEZL,2026-08-21,174.39999389648438,P,65.0,0.500005,1.0,0,0.0,0.0
SEZL,2026-08-21,174.39999389648438,P,70.0,0.500005,1.0,0,0.0,0.0
SEZL,2026-08-21,174.39999389648438,P,75.0,0.500005,15.0,0,0.0,0.0
SEZL,2026-08-21,174.39999389648438,P,80.0,0.500005,1.0,0,0.0,0.0
SEZL,2026-08-21,174.39999389648438,P,85.0,2.11865704711914,13.0,24,0.0,2.35
SEZL,2026-08-21,174.39999389648438,P,90.0,1.9799805688476564,1.0,8,0.0,2.4
SEZL,2026-08-21,174.39999389648438,P,95.0,0.500005,1.0,0,0.0,0.0
SEZL,2026-08-21,174.39999389648438,P,100.0,0.500005,1.0,0,0.0,0.0
SEZL,2026-08-21,174.39999389648438,P,105.0,0.500005,1.0,0,0.0,0.0
SEZL,2026-08-21,174.39999389648438,P,110.0,0.500005,1.0,0,0.0,0.0
SEZL,2026-08-21,174.39999389648438,P,115.0,0.500005,1.0,0,0.0,0.0
SEZL,2026-08-21,174.39999389648438,P,120.0,0.500005,5.0,0,0.0,0.0
SEZL,2026-08-21,174.39999389648438,P,125.0,0.2500075,6.0,0,0.0,0.0
SEZL,2026-08-21,174.39999389648438,P,130.0,0.2500075,9.0,0,0.0,0.0
SEZL,2026-08-21,174.39999389648438,P,135.0,0.2500075,23.0,0,0.0,0.0
SEZL,2026-08-21,174.39999389648438,P,140.0,0.2500075,54.0,0,0.0,0.0
SEZL,2026-08-21,174.39999389648438,P,145.0,0.2500075,16.0,0,0.0,0.0
SEZL,2026-08-21,174.39999389648438,P,150.0,0.12500875,93.0,0,0.0,0.0
SEZL,2026-08-21,174.39999389648438,P,155.0,0.12500875,38.0,0,0.0,0.0
SEZL,2026-08-21,174.39999389648438,P,160.0,0.12500875,75.0,0,0.0,0.0
SEZL,2026-08-21,174.39999389648438,P,165.0,0.062509375,8.0,0,0.0,0.0
SEZL,2026-08-21,174.39999389648438,P,170.0,0.0312596875,3.0,0,0.0,0.0
SEZL,2026-08-21,174.39999389648438,P,175.0,1.0000000000000003e-05,30.0,0,0.0,0.0
SEZL,2026-08-21,174.39999389648438,P,180.0,1.0000000000000003e-05,2.0,0,0.0,0.0
SEZL,2026-08-21,174.39999389648438,P,185.0,1.0000000000000003e-05,46.0,0,0.0,0.0
SEZL,2026-08-21,174.39999389648438,P,190.0,1.0000000000000003e-05,1.0,0,0.0,0.0
SEZL,2026-08-21,174.39999389648438,P,195.0,1.0000000000000003e-05,,0,0.0,0.0
SEZL,2026-08-21,174.39999389648438,P,200.0,1.0000000000000003e-05,2.0,0,0.0,0.0
SEZL,2026-08-21,174.39999389648438,P,210.0,1.0000000000000003e-05,6.0,0,0.0,0.0
SEZL,2026-08-21,174.39999389648438,P,220.0,1.0000000000000003e-05,2.0,0,0.0,0.0
SEZL,2026-08-21,174.39999389648438,P,230.0,1.0000000000000003e-05,1.0,0,0.0,0.0
SEZL,2026-08-21,174.39999389648438,P,240.0,1.0000000000000003e-05,1.0,0,0.0,0.0
SEZL,2026-08-21,174.39999389648438,P,250.0,1.0000000000000003e-05,3.0,0,0.0,0.0
SEZL,2026-08-21,174.39999389648438,P,260.0,1.0000000000000003e-05,1.0,0,0.0,0.0
SEZL,2026-08-21,174.39999389648438,P,270.0,1.0000000000000003e-05,,0,0.0,0.0
INOD,2026-08-07,69.37000274658203,C,39.5,1.0000000000000003e-05,2.0,0,0.0,0.0
INOD,2026-08-07,69.37000274658203,C,40.0,1.0000000000000003e-05,4.0,0,0.0,0.0
INOD,2026-08-07,69.37000274658203,C,40.5,1.0000000000000003e-05,1.0,0,0.0,0.0
INOD,2026-08-07,69.37000274658203,C,50.0,1.0000000000000003e-05,1.0,0,0.0,0.0
INOD,2026-08-07,69.37000274658203,C,54.0,1.0000000000000003e-05,4.0,0,0.0,0.0
INOD,2026-08-07,69.37000274658203,C,55.0,1.0000000000000003e-05,3.0,0,0.0,0.0
INOD,2026-08-07,69.37000274658203,C,56.0,1.0000000000000003e-05,5.0,0,0.0,0.0
INOD,2026-08-07,69.37000274658203,C,57.0,1.0000000000000003e-05,3.0,0,0.0,0.0
INOD,2026-08-07,69.37000274658203,C,58.0,1.0000000000000003e-05,1.0,0,0.0,0.0
INOD,2026-08-07,69.37000274658203,C,59.0,1.0000000000000003e-05,1.0,0,0.0,0.0
INOD,2026-08-07,69.37000274658203,C,60.0,1.0000000000000003e-05,1.0,0,0.0,0.0
INOD,2026-08-07,69.37000274658203,C,61.0,1.0000000000000003e-05,1.0,0,0.0,0.0
INOD,2026-08-07,69.37000274658203,C,62.0,1.0000000000000003e-05,1.0,0,0.0,0.0
INOD,2026-08-07,69.37000274658203,C,63.0,1.0000000000000003e-05,1.0,0,0.0,0.0
INOD,2026-08-07,69.37000274658203,C,64.0,1.0000000000000003e-05,12.0,0,0.0,0.0
INOD,2026-08-07,69.37000274658203,C,65.0,1.0000000000000003e-05,10.0,0,0.0,0.0
INOD,2026-08-07,69.37000274658203,C,66.0,1.0000000000000003e-05,5.0,0,0.0,0.0
INOD,2026-08-07,69.37000274658203,C,67.0,1.0000000000000003e-05,2.0,0,0.0,0.0
INOD,2026-08-07,69.37000274658203,C,68.0,1.0000000000000003e-05,24.0,0,0.0,0.0
INOD,2026-08-07,69.37000274658203,C,69.0,1.0000000000000003e-05,26.0,0,0.0,0.0
INOD,2026-08-07,69.37000274658203,C,70.0,0.0312596875,1605.0,0,0.0,0.0
INOD,2026-08-07,69.37000274658203,C,71.0,0.062509375,26.0,0,0.0,0.0
INOD,2026-08-07,69.37000274658203,C,72.0,0.12500875,16.0,0,0.0,0.0
INOD,2026-08-07,69.37000274658203,C,73.0,0.12500875,60.0,0,0.0,0.0
INOD,2026-08-07,69.37000274658203,C,74.0,0.2500075,3.0,0,0.0,0.0
INOD,2026-08-07,69.37000274658203,C,75.0,0.2500075,122.0,0,0.0,0.0
INOD,2026-08-07,69.37000274658203,C,76.0,0.2500075,6.0,0,0.0,0.0
INOD,2026-08-07,69.37000274658203,C,77.0,0.2500075,266.0,0,0.0,0.0
INOD,2026-08-07,69.37000274658203,C,78.0,0.500005,15.0,0,0.0,0.0
INOD,2026-08-07,69.37000274658203,C,79.0,0.500005,3.0,0,0.0,0.0
INOD,2026-08-07,69.37000274658203,C,80.0,0.500005,237.0,0,0.0,0.0
INOD,2026-08-07,69.37000274658203,C,81.0,0.500005,3.0,0,0.0,0.0
INOD,2026-08-07,69.37000274658203,C,82.0,0.500005,4.0,0,0.0,0.0
INOD,2026-08-07,69.37000274658203,C,83.0,0.500005,1.0,0,0.0,0.0
INOD,2026-08-07,69.37000274658203,C,84.0,0.500005,3.0,0,0.0,0.0
INOD,2026-08-07,69.37000274658203,C,85.0,0.500005,121.0,0,0.0,0.0
INOD,2026-08-07,69.37000274658203,C,86.0,0.500005,5.0,0,0.0,0.0
INOD,2026-08-07,69.37000274658203,C,87.0,0.500005,4.0,0,0.0,0.0
INOD,2026-08-07,69.37000274658203,C,88.0,0.500005,2.0,0,0.0,0.0
INOD,2026-08-07,69.37000274658203,C,89.0,0.500005,1.0,0,0.0,0.0
INOD,2026-08-07,69.37000274658203,C,90.0,0.500005,14.0,0,0.0,0.0
INOD,2026-08-07,69.37000274658203,C,91.0,0.500005,2.0,0,0.0,0.0
INOD,2026-08-07,69.37000274658203,C,92.0,0.500005,1.0,0,0.0,0.0
INOD,2026-08-07,69.37000274658203,C,93.0,0.500005,5.0,0,0.0,0.0
INOD,2026-08-07,69.37000274658203,C,94.0,0.500005,2.0,0,0.0,0.0
INOD,2026-08-07,69.37000274658203,C,95.0,0.500005,15.0,0,0.0,0.0
INOD,2026-08-07,69.37000274658203,C,100.0,0.500005,2.0,0,0.0,0.0
INOD,2026-08-07,69.37000274658203,C,110.0,0.500005,50.0,0,0.0,0.0
INOD,2026-08-07,69.37000274658203,C,115.0,0.500005,2.0,0,0.0,0.0
INOD,2026-08-07,69.37000274658203,C,120.0,0.500005,1.0,0,0.0,0.0
INOD,2026-08-07,69.37000274658203,C,125.0,0.500005,,0,0.0,0.0
INOD,2026-08-07,69.37000274658203,P,36.0,0.500005,210.0,0,0.0,0.0
INOD,2026-08-07,69.37000274658203,P,36.5,0.500005,1.0,0,0.0,0.0
INOD,2026-08-07,69.37000274658203,P,38.0,1.000005,,0,0.0,0.0
INOD,2026-08-07,69.37000274658203,P,38.5,0.500005,8.0,0,0.0,0.0
INOD,2026-08-07,69.37000274658203,P,40.0,0.500005,3.0,0,0.0,0.0
INOD,2026-08-07,69.37000274658203,P,41.5,0.500005,,0,0.0,0.0
INOD,2026-08-07,69.37000274658203,P,42.0,0.500005,1.0,0,0.0,0.0
INOD,2026-08-07,69.37000274658203,P,42.5,0.500005,,0,0.0,0.0
INOD,2026-08-07,69.37000274658203,P,43.0,0.500005,1.0,0,0.0,0.0
INOD,2026-08-07,69.37000274658203,P,44.0,0.500005,1.0,0,0.0,0.0
INOD,2026-08-07,69.37000274658203,P,44.5,0.500005,1.0,0,0.0,0.0
INOD,2026-08-07,69.37000274658203,P,45.0,0.500005,29.0,0,0.0,0.0
INOD,2026-08-07,69.37000274658203,P,45.5,0.500005,10.0,0,0.0,0.0
INOD,2026-08-07,69.37000274658203,P,46.0,0.500005,23.0,0,0.0,0.0
INOD,2026-08-07,69.37000274658203,P,46.5,0.500005,,0,0.0,0.0
INOD,2026-08-07,69.37000274658203,P,47.0,0.500005,1.0,0,0.0,0.0
INOD,2026-08-07,69.37000274658203,P,47.5,0.500005,1.0,0,0.0,0.0
INOD,2026-08-07,69.37000274658203,P,48.0,0.500005,2.0,0,0.0,0.0
INOD,2026-08-07,69.37000274658203,P,48.5,0.500005,3.0,0,0.0,0.0
INOD,2026-08-07,69.37000274658203,P,50.0,0.500005,41.0,0,0.0,0.0
INOD,2026-08-07,69.37000274658203,P,51.0,0.500005,8.0,0,0.0,0.0
INOD,2026-08-07,69.37000274658203,P,52.0,0.500005,5.0,0,0.0,0.0
INOD,2026-08-07,69.37000274658203,P,53.0,0.500005,29.0,0,0.0,0.0
INOD,2026-08-07,69.37000274658203,P,54.0,0.500005,2.0,0,0.0,0.0
INOD,2026-08-07,69.37000274658203,P,55.0,0.500005,59.0,0,0.0,0.0
INOD,2026-08-07,69.37000274658203,P,56.0,0.500005,2.0,0,0.0,0.0
INOD,2026-08-07,69.37000274658203,P,57.0,0.500005,6.0,0,0.0,0.0
INOD,2026-08-07,69.37000274658203,P,58.0,0.500005,34.0,0,0.0,0.0
INOD,2026-08-07,69.37000274658203,P,59.0,0.500005,2.0,0,0.0,0.0
INOD,2026-08-07,69.37000274658203,P,60.0,0.500005,33.0,0,0.0,0.0
INOD,2026-08-07,69.37000274658203,P,61.0,0.500005,3.0,0,0.0,0.0
INOD,2026-08-07,69.37000274658203,P,62.0,0.500005,1.0,0,0.0,0.0
INOD,2026-08-07,69.37000274658203,P,63.0,0.2500075,6.0,0,0.0,0.0
INOD,2026-08-07,69.37000274658203,P,64.0,0.2500075,2.0,0,0.0,0.0
INOD,2026-08-07,69.37000274658203,P,65.0,0.2500075,47.0,0,0.0,0.0
INOD,2026-08-07,69.37000274658203,P,66.0,0.12500875,54.0,0,0.0,0.0
INOD,2026-08-07,69.37000274658203,P,67.0,0.12500875,4.0,0,0.0,0.0
INOD,2026-08-07,69.37000274658203,P,68.0,0.062509375,21.0,0,0.0,0.0
INOD,2026-08-07,69.37000274658203,P,69.0,0.0312596875,13.0,0,0.0,0.0
INOD,2026-08-07,69.37000274658203,P,70.0,1.0000000000000003e-05,138.0,0,0.0,0.0
INOD,2026-08-07,69.37000274658203,P,71.0,1.0000000000000003e-05,1.0,0,0.0,0.0
INOD,2026-08-07,69.37000274658203,P,72.0,1.0000000000000003e-05,2.0,0,0.0,0.0
INOD,2026-08-07,69.37000274658203,P,73.0,1.0000000000000003e-05,1.0,0,0.0,0.0
INOD,2026-08-07,69.37000274658203,P,74.0,1.0000000000000003e-05,1.0,0,0.0,0.0
INOD,2026-08-07,69.37000274658203,P,75.0,1.0000000000000003e-05,5.0,0,0.0,0.0
INOD,2026-08-07,69.37000274658203,P,76.0,1.0000000000000003e-05,1.0,0,0.0,0.0
INOD,2026-08-07,69.37000274658203,P,77.0,1.0000000000000003e-05,1.0,0,0.0,0.0
INOD,2026-08-07,69.37000274658203,P,78.0,1.0000000000000003e-05,1.0,0,0.0,0.0
INOD,2026-08-07,69.37000274658203,P,79.0,1.0000000000000003e-05,1.0,0,0.0,0.0
INOD,2026-08-07,69.37000274658203,P,80.0,1.0000000000000003e-05,2.0,0,0.0,0.0
INOD,2026-08-07,69.37000274658203,P,81.0,1.0000000000000003e-05,1.0,0,0.0,0.0
INOD,2026-08-07,69.37000274658203,P,82.0,1.0000000000000003e-05,1.0,0,0.0,0.0
INOD,2026-08-07,69.37000274658203,P,83.0,1.0000000000000003e-05,2.0,0,0.0,0.0
INOD,2026-08-07,69.37000274658203,P,84.0,1.0000000000000003e-05,2.0,0,0.0,0.0
INOD,2026-08-07,69.37000274658203,P,85.0,1.0000000000000003e-05,1.0,0,0.0,0.0
INOD,2026-08-07,69.37000274658203,P,86.0,1.0000000000000003e-05,2.0,0,0.0,0.0
INOD,2026-08-07,69.37000274658203,P,87.0,1.0000000000000003e-05,1.0,0,0.0,0.0
INOD,2026-08-07,69.37000274658203,P,88.0,1.0000000000000003e-05,1.0,0,0.0,0.0
INOD,2026-08-07,69.37000274658203,P,89.0,1.0000000000000003e-05,20.0,0,0.0,0.0
INOD,2026-08-07,69.37000274658203,P,90.0,1.0000000000000003e-05,4.0,0,0.0,0.0
INOD,2026-08-07,69.37000274658203,P,91.0,1.0000000000000003e-05,1.0,0,0.0,0.0
INOD,2026-08-07,69.37000274658203,P,94.0,1.0000000000000003e-05,5.0,0,0.0,0.0
INOD,2026-08-07,69.37000274658203,P,95.0,1.0000000000000003e-05,1.0,0,0.0,0.0
INOD,2026-08-07,69.37000274658203,P,100.0,1.0000000000000003e-05,2.0,0,0.0,0.0
ROKU,2026-08-07,146.9600067138672,C,75.0,1.0000000000000003e-05,26.0,0,0.0,0.0
ROKU,2026-08-07,146.9600067138672,C,80.0,1.0000000000000003e-05,4.0,0,0.0,0.0
ROKU,2026-08-07,146.9600067138672,C,85.0,1.0000000000000003e-05,48.0,0,0.0,0.0
ROKU,2026-08-07,146.9600067138672,C,90.0,1.0000000000000003e-05,611.0,0,0.0,0.0
ROKU,2026-08-07,146.9600067138672,C,95.0,1.0000000000000003e-05,190.0,0,0.0,0.0
ROKU,2026-08-07,146.9600067138672,C,100.0,1.0000000000000003e-05,1.0,0,0.0,0.0
ROKU,2026-08-07,146.9600067138672,C,105.0,1.0000000000000003e-05,5.0,0,0.0,0.0
ROKU,2026-08-07,146.9600067138672,C,110.0,1.0000000000000003e-05,2.0,0,0.0,0.0
ROKU,2026-08-07,146.9600067138672,C,115.0,1.0000000000000003e-05,1.0,0,0.0,0.0
ROKU,2026-08-07,146.9600067138672,C,120.0,1.0000000000000003e-05,4.0,0,0.0,0.0
ROKU,2026-08-07,146.9600067138672,C,122.0,1.0000000000000003e-05,2.0,0,0.0,0.0
ROKU,2026-08-07,146.9600067138672,C,123.0,1.0000000000000003e-05,,0,0.0,0.0
ROKU,2026-08-07,146.9600067138672,C,124.0,1.0000000000000003e-05,45.0,0,0.0,0.0
ROKU,2026-08-07,146.9600067138672,C,125.0,1.0000000000000003e-05,2.0,0,0.0,0.0
ROKU,2026-08-07,146.9600067138672,C,126.0,1.0000000000000003e-05,2.0,0,0.0,0.0
ROKU,2026-08-07,146.9600067138672,C,127.0,1.0000000000000003e-05,1.0,0,0.0,0.0
ROKU,2026-08-07,146.9600067138672,C,128.0,1.0000000000000003e-05,24.0,0,0.0,0.0
ROKU,2026-08-07,146.9600067138672,C,129.0,1.0000000000000003e-05,25.0,0,0.0,0.0
ROKU,2026-08-07,146.9600067138672,C,130.0,1.0000000000000003e-05,3.0,0,0.0,0.0
ROKU,2026-08-07,146.9600067138672,C,131.0,1.0000000000000003e-05,1.0,0,0.0,0.0
ROKU,2026-08-07,146.9600067138672,C,132.0,1.0000000000000003e-05,1.0,0,0.0,0.0
ROKU,2026-08-07,146.9600067138672,C,133.0,1.0000000000000003e-05,3.0,0,0.0,0.0
ROKU,2026-08-07,146.9600067138672,C,134.0,1.0000000000000003e-05,1.0,0,0.0,0.0
ROKU,2026-08-07,146.9600067138672,C,135.0,1.0000000000000003e-05,3.0,0,0.0,0.0
ROKU,2026-08-07,146.9600067138672,C,136.0,1.0000000000000003e-05,1.0,0,0.0,0.0
ROKU,2026-08-07,146.9600067138672,C,138.0,1.0000000000000003e-05,1.0,0,0.0,0.0
ROKU,2026-08-07,146.9600067138672,C,140.0,1.0000000000000003e-05,1.0,0,0.0,0.0
ROKU,2026-08-07,146.9600067138672,C,141.0,1.0000000000000003e-05,1.0,0,0.0,0.0
ROKU,2026-08-07,146.9600067138672,C,142.0,1.0000000000000003e-05,1.0,0,0.0,0.0
ROKU,2026-08-07,146.9600067138672,C,143.0,1.0000000000000003e-05,1.0,0,0.0,0.0
ROKU,2026-08-07,146.9600067138672,C,144.0,1.0000000000000003e-05,13.0,0,0.0,0.0
ROKU,2026-08-07,146.9600067138672,C,145.0,1.0000000000000003e-05,5.0,0,0.0,0.0
ROKU,2026-08-07,146.9600067138672,C,146.0,1.0000000000000003e-05,9.0,0,0.0,0.0
ROKU,2026-08-07,146.9600067138672,C,147.0,0.00196310546875,207.0,0,0.0,0.0
ROKU,2026-08-07,146.9600067138672,C,148.0,0.0312596875,37.0,0,0.0,0.0
ROKU,2026-08-07,146.9600067138672,C,149.0,0.062509375,5.0,0,0.0,0.0
ROKU,2026-08-07,146.9600067138672,C,150.0,0.062509375,124.0,0,0.0,0.0
ROKU,2026-08-07,146.9600067138672,C,152.5,0.12500875,20.0,0,0.0,0.0
ROKU,2026-08-07,146.9600067138672,C,155.0,0.12500875,39.0,0,0.0,0.0
ROKU,2026-08-07,146.9600067138672,C,157.5,0.2500075,36.0,0,0.0,0.0
ROKU,2026-08-07,146.9600067138672,C,160.0,0.2500075,43.0,0,0.0,0.0
ROKU,2026-08-07,146.9600067138672,C,165.0,0.2500075,,0,0.0,0.0
ROKU,2026-08-07,146.9600067138672,C,185.0,0.500005,2.0,0,0.0,0.0
ROKU,2026-08-07,146.9600067138672,P,120.0,0.500005,2.0,0,0.0,0.0
ROKU,2026-08-07,146.9600067138672,P,122.0,0.500005,,0,0.0,0.0
ROKU,2026-08-07,146.9600067138672,P,123.0,0.500005,1.0,0,0.0,0.0
ROKU,2026-08-07,146.9600067138672,P,124.0,0.500005,22.0,0,0.0,0.0
ROKU,2026-08-07,146.9600067138672,P,125.0,0.500005,2.0,0,0.0,0.0
ROKU,2026-08-07,146.9600067138672,P,127.0,0.500005,34.0,0,0.0,0.0
ROKU,2026-08-07,146.9600067138672,P,128.0,0.500005,2.0,0,0.0,0.0
ROKU,2026-08-07,146.9600067138672,P,129.0,0.500005,1.0,0,0.0,0.0
ROKU,2026-08-07,146.9600067138672,P,130.0,0.500005,50.0,0,0.0,0.0
ROKU,2026-08-07,146.9600067138672,P,131.0,0.2500075,26.0,0,0.0,0.0
ROKU,2026-08-07,146.9600067138672,P,132.0,0.2500075,5.0,0,0.0,0.0
ROKU,2026-08-07,146.9600067138672,P,133.0,0.2500075,1.0,0,0.0,0.0
ROKU,2026-08-07,146.9600067138672,P,135.0,0.2500075,10.0,0,0.0,0.0
ROKU,2026-08-07,146.9600067138672,P,136.0,0.2500075,4.0,0,0.0,0.0
ROKU,2026-08-07,146.9600067138672,P,137.0,0.2500075,2.0,0,0.0,0.0
ROKU,2026-08-07,146.9600067138672,P,138.0,0.2500075,2.0,0,0.0,0.0
ROKU,2026-08-07,146.9600067138672,P,139.0,0.2500075,4.0,0,0.0,0.0
ROKU,2026-08-07,146.9600067138672,P,140.0,0.12500875,103.0,0,0.0,0.0
ROKU,2026-08-07,146.9600067138672,P,141.0,0.12500875,15.0,0,0.0,0.0
ROKU,2026-08-07,146.9600067138672,P,142.0,0.12500875,2.0,0,0.0,0.0
ROKU,2026-08-07,146.9600067138672,P,143.0,0.12500875,8.0,0,0.0,0.0
ROKU,2026-08-07,146.9600067138672,P,144.0,0.062509375,11.0,0,0.0,0.0
ROKU,2026-08-07,146.9600067138672,P,145.0,0.062509375,47.0,0,0.0,0.0
ROKU,2026-08-07,146.9600067138672,P,146.0,0.0312596875,15.0,0,0.0,0.0
LQDT,2026-08-21,37.540000915527344,C,30.0,1.0000000000000003e-05,1,0,0.0,0.0
LQDT,2026-08-21,37.540000915527344,C,35.0,1.0000000000000003e-05,1,0,0.0,0.0
LQDT,2026-08-21,37.540000915527344,C,40.0,0.062509375,1,0,0.0,0.0
LQDT,2026-08-21,37.540000915527344,C,45.0,0.2500075,6,0,0.0,0.0
LQDT,2026-08-21,37.540000915527344,P,20.0,0.500005,4,0,0.0,0.0
LQDT,2026-08-21,37.540000915527344,P,22.5,0.500005,32,0,0.0,0.0
GCT,2026-08-21,46.2400016784668,C,25.0,1.0000000000000003e-05,10,0,0.0,0.0
GCT,2026-08-21,46.2400016784668,C,30.0,1.0000000000000003e-05,10,0,0.0,0.0
GCT,2026-08-21,46.2400016784668,C,35.0,1.0000000000000003e-05,1,0,0.0,0.0
GCT,2026-08-21,46.2400016784668,C,40.0,1.0000000000000003e-05,4,0,0.0,0.0
GCT,2026-08-21,46.2400016784668,C,45.0,1.0000000000000003e-05,11,0,0.0,0.0
GCT,2026-08-21,46.2400016784668,C,50.0,0.12500875,142,0,0.0,0.0
GCT,2026-08-21,46.2400016784668,P,22.5,0.500005,1,0,0.0,0.0
GCT,2026-08-21,46.2400016784668,P,25.0,0.500005,5,0,0.0,0.0
GCT,2026-08-21,46.2400016784668,P,30.0,0.500005,3,0,0.0,0.0
GCT,2026-08-21,46.2400016784668,P,35.0,0.2500075,16,0,0.0,0.0
GCT,2026-08-21,46.2400016784668,P,40.0,0.12500875,5167,0,0.0,0.0
GCT,2026-08-21,46.2400016784668,P,45.0,0.0312596875,6,0,0.0,0.0
PAYO,2026-08-21,7.119999885559082,C,1.0,1.0000000000000003e-05,1,0,0.0,0.0
PAYO,2026-08-21,7.119999885559082,C,3.0,5.281253398437499,40,40,3.2,6.2
PAYO,2026-08-21,7.119999885559082,C,4.0,1.0000000000000003e-05,1,0,0.0,0.0
PAYO,2026-08-21,7.119999885559082,C,5.0,1.0000000000000003e-05,1,0,0.0,0.0
PAYO,2026-08-21,7.119999885559082,C,6.0,1.0000000000000003e-05,10,0,0.0,0.0
PAYO,2026-08-21,7.119999885559082,C,7.0,1.0000000000000003e-05,2,0,0.0,0.0
PAYO,2026-08-21,7.119999885559082,C,8.0,0.12500875,1,0,0.0,0.0
PAYO,2026-08-21,7.119999885559082,C,9.0,0.2500075,10,0,0.0,0.0
PAYO,2026-08-21,7.119999885559082,P,4.0,1.5312523437499999,1,2508,0.0,0.05
PAYO,2026-08-21,7.119999885559082,P,5.0,0.500005,1,0,0.0,0.0
PAYO,2026-08-21,7.119999885559082,P,6.0,0.2500075,2,0,0.0,0.0
PAYO,2026-08-21,7.119999885559082,P,7.0,0.0312596875,143,0,0.0,0.0
PAYO,2026-08-21,7.119999885559082,P,8.0,1.0000000000000003e-05,1,0,0.0,0.0
CELH,2026-08-07,29.149999618530273,C,19.0,1.0000000000000003e-05,2,0,0.0,0.0
CELH,2026-08-07,29.149999618530273,C,21.0,1.0000000000000003e-05,1,0,0.0,0.0
CELH,2026-08-07,29.149999618530273,C,23.0,1.0000000000000003e-05,2,0,0.0,0.0
CELH,2026-08-07,29.149999618530273,C,24.0,1.0000000000000003e-05,4,0,0.0,0.0
CELH,2026-08-07,29.149999618530273,C,25.0,1.0000000000000003e-05,3,0,0.0,0.0
CELH,2026-08-07,29.149999618530273,C,26.0,1.0000000000000003e-05,4,0,0.0,0.0
CELH,2026-08-07,29.149999618530273,C,26.5,1.0000000000000003e-05,28,0,0.0,0.0
CELH,2026-08-07,29.149999618530273,C,27.0,1.0000000000000003e-05,28,0,0.0,0.0
CELH,2026-08-07,29.149999618530273,C,27.5,1.0000000000000003e-05,32,0,0.0,0.0
CELH,2026-08-07,29.149999618530273,C,28.0,1.0000000000000003e-05,33,0,0.0,0.0
CELH,2026-08-07,29.149999618530273,C,28.5,1.0000000000000003e-05,82,0,0.0,0.0
CELH,2026-08-07,29.149999618530273,C,29.0,1.0000000000000003e-05,80,0,0.0,0.0
CELH,2026-08-07,29.149999618530273,C,29.5,0.062509375,524,0,0.0,0.0
CELH,2026-08-07,29.149999618530273,C,30.0,0.12500875,1213,0,0.0,0.0
CELH,2026-08-07,29.149999618530273,C,30.5,0.12500875,3546,0,0.0,0.0
CELH,2026-08-07,29.149999618530273,C,31.0,0.2500075,1174,0,0.0,0.0
CELH,2026-08-07,29.149999618530273,C,31.5,0.2500075,996,0,0.0,0.0
CELH,2026-08-07,29.149999618530273,C,32.0,0.2500075,774,0,0.0,0.0
CELH,2026-08-07,29.149999618530273,C,32.5,0.500005,18,0,0.0,0.0
CELH,2026-08-07,29.149999618530273,C,33.0,0.500005,1125,0,0.0,0.0
CELH,2026-08-07,29.149999618530273,C,33.5,0.500005,89,0,0.0,0.0
CELH,2026-08-07,29.149999618530273,C,34.0,0.500005,6956,0,0.0,0.0
CELH,2026-08-07,29.149999618530273,C,34.5,0.500005,98,0,0.0,0.0
CELH,2026-08-07,29.149999618530273,C,35.0,0.500005,377,0,0.0,0.0
CELH,2026-08-07,29.149999618530273,C,35.5,0.500005,47,0,0.0,0.0
CELH,2026-08-07,29.149999618530273,C,36.0,0.500005,323,0,0.0,0.0
CELH,2026-08-07,29.149999618530273,C,36.5,0.500005,18,0,0.0,0.0
CELH,2026-08-07,29.149999618530273,C,37.0,0.500005,65,0,0.0,0.0
CELH,2026-08-07,29.149999618530273,C,38.0,0.500005,81,0,0.0,0.0
CELH,2026-08-07,29.149999618530273,C,39.0,0.500005,55,0,0.0,0.0
CELH,2026-08-07,29.149999618530273,C,40.0,0.500005,206,0,0.0,0.0
CELH,2026-08-07,29.149999618530273,C,41.0,0.500005,49,0,0.0,0.0
CELH,2026-08-07,29.149999618530273,C,42.0,0.500005,180,0,0.0,0.0
CELH,2026-08-07,29.149999618530273,P,19.0,0.500005,4,0,0.0,0.0
CELH,2026-08-07,29.149999618530273,P,20.0,0.500005,6,0,0.0,0.0
CELH,2026-08-07,29.149999618530273,P,21.0,0.500005,1,0,0.0,0.0
CELH,2026-08-07,29.149999618530273,P,22.0,0.500005,204,0,0.0,0.0
CELH,2026-08-07,29.149999618530273,P,22.5,0.500005,84,0,0.0,0.0
CELH,2026-08-07,29.149999618530273,P,23.0,0.500005,173,0,0.0,0.0
CELH,2026-08-07,29.149999618530273,P,23.5,0.500005,109,0,0.0,0.0
CELH,2026-08-07,29.149999618530273,P,24.0,0.500005,1698,0,0.0,0.0
CELH,2026-08-07,29.149999618530273,P,24.5,0.500005,168,0,0.0,0.0
CELH,2026-08-07,29.149999618530273,P,25.0,0.500005,1259,0,0.0,0.0
CELH,2026-08-07,29.149999618530273,P,25.5,0.500005,311,0,0.0,0.0
CELH,2026-08-07,29.149999618530273,P,26.0,0.500005,1172,0,0.0,0.0
CELH,2026-08-07,29.149999618530273,P,26.5,0.2500075,154,0,0.0,0.0
CELH,2026-08-07,29.149999618530273,P,27.0,0.2500075,398,0,0.0,0.0
CELH,2026-08-07,29.149999618530273,P,27.5,0.2500075,89,0,0.0,0.0
CELH,2026-08-07,29.149999618530273,P,28.0,0.12500875,411,0,0.0,0.0
CELH,2026-08-07,29.149999618530273,P,28.5,0.12500875,285,0,0.0,0.0
CELH,2026-08-07,29.149999618530273,P,29.0,0.0312596875,596,0,0.0,0.0
CELH,2026-08-07,29.149999618530273,P,29.5,1.0000000000000003e-05,322,0,0.0,0.0
CELH,2026-08-07,29.149999618530273,P,30.0,1.0000000000000003e-05,483,0,0.0,0.0
CELH,2026-08-07,29.149999618530273,P,30.5,1.0000000000000003e-05,9,0,0.0,0.0
CELH,2026-08-07,29.149999618530273,P,31.0,1.0000000000000003e-05,2,0,0.0,0.0
CELH,2026-08-07,29.149999618530273,P,31.5,1.0000000000000003e-05,2,0,0.0,0.0
CELH,2026-08-07,29.149999618530273,P,32.0,1.0000000000000003e-05,9,0,0.0,0.0
CELH,2026-08-07,29.149999618530273,P,32.5,1.0000000000000003e-05,2,0,0.0,0.0
CELH,2026-08-07,29.149999618530273,P,33.0,1.0000000000000003e-05,2,0,0.0,0.0
CELH,2026-08-07,29.149999618530273,P,33.5,1.0000000000000003e-05,1,0,0.0,0.0
CELH,2026-08-07,29.149999618530273,P,34.0,1.0000000000000003e-05,1,0,0.0,0.0
CELH,2026-08-07,29.149999618530273,P,34.5,1.0000000000000003e-05,1,0,0.0,0.0
CELH,2026-08-07,29.149999618530273,P,35.0,1.0000000000000003e-05,4,0,0.0,0.0
CELH,2026-08-07,29.149999618530273,P,36.0,1.0000000000000003e-05,1,0,0.0,0.0
CELH,2026-08-07,29.149999618530273,P,37.0,1.0000000000000003e-05,1,0,0.0,0.0
CELH,2026-08-07,29.149999618530273,P,38.0,1.0000000000000003e-05,1,0,0.0,0.0
CELH,2026-08-07,29.149999618530273,P,39.0,1.0000000000000003e-05,13,0,0.0,0.0
CELH,2026-08-07,29.149999618530273,P,40.0,1.0000000000000003e-05,13,0,0.0,0.0
KVUE,2026-08-07,19.670000076293945,C,18.0,1.0000000000000003e-05,38.0,0,0.0,0.0
KVUE,2026-08-07,19.670000076293945,C,18.5,1.0000000000000003e-05,4.0,0,0.0,0.0
KVUE,2026-08-07,19.670000076293945,C,19.0,1.0000000000000003e-05,16.0,0,0.0,0.0
KVUE,2026-08-07,19.670000076293945,C,19.5,1.0000000000000003e-05,26.0,0,0.0,0.0
KVUE,2026-08-07,19.670000076293945,C,20.0,0.062509375,336.0,0,0.0,0.0
KVUE,2026-08-07,19.670000076293945,C,20.5,0.12500875,80.0,0,0.0,0.0
KVUE,2026-08-07,19.670000076293945,C,21.0,0.2500075,9.0,0,0.0,0.0
KVUE,2026-08-07,19.670000076293945,C,21.5,0.2500075,1.0,0,0.0,0.0
KVUE,2026-08-07,19.670000076293945,C,22.0,0.500005,,0,0.0,0.0
KVUE,2026-08-07,19.670000076293945,C,23.0,0.500005,,0,0.0,0.0
KVUE,2026-08-07,19.670000076293945,C,24.0,0.500005,,0,0.0,0.0
KVUE,2026-08-07,19.670000076293945,C,25.0,0.500005,10.0,0,0.0,0.0
KVUE,2026-08-07,19.670000076293945,C,30.0,0.500005,,0,0.0,0.0
KVUE,2026-08-07,19.670000076293945,P,16.0,0.500005,20.0,0,0.0,0.0
KVUE,2026-08-07,19.670000076293945,P,16.5,0.500005,10.0,0,0.0,0.0
KVUE,2026-08-07,19.670000076293945,P,17.0,0.500005,1.0,0,0.0,0.0
KVUE,2026-08-07,19.670000076293945,P,17.5,0.500005,15.0,0,0.0,0.0
KVUE,2026-08-07,19.670000076293945,P,18.0,0.2500075,34.0,0,0.0,0.0
KVUE,2026-08-07,19.670000076293945,P,18.5,0.2500075,1.0,0,0.0,0.0
KVUE,2026-08-07,19.670000076293945,P,19.0,0.12500875,12.0,0,0.0,0.0
KVUE,2026-08-07,19.670000076293945,P,19.5,0.0312596875,12.0,0,0.0,0.0
KVUE,2026-08-07,19.670000076293945,P,20.0,1.0000000000000003e-05,100.0,0,0.0,0.0
KVUE,2026-08-07,19.670000076293945,P,21.5,1.0000000000000003e-05,1.0,0,0.0,0.0
REAL,2026-08-21,12.649999618530273,C,2.5,1.0000000000000003e-05,2.0,0,0.0,0.0
REAL,2026-08-21,12.649999618530273,C,7.5,1.0000000000000003e-05,8.0,0,0.0,0.0
REAL,2026-08-21,12.649999618530273,C,10.0,1.0000000000000003e-05,50.0,0,0.0,0.0
REAL,2026-08-21,12.649999618530273,C,12.5,1.0000000000000003e-05,242.0,0,0.0,0.0
REAL,2026-08-21,12.649999618530273,C,15.0,0.2500075,1005.0,0,0.0,0.0
REAL,2026-08-21,12.649999618530273,C,17.5,0.500005,1000.0,0,0.0,0.0
REAL,2026-08-21,12.649999618530273,C,20.0,0.500005,1.0,0,0.0,0.0
REAL,2026-08-21,12.649999618530273,C,22.5,0.500005,5.0,0,0.0,0.0
REAL,2026-08-21,12.649999618530273,C,25.0,2.1523483691406247,1.0,40,0.0,0.45
REAL,2026-08-21,12.649999618530273,P,5.0,3.3281266796874993,1.0,216,0.0,0.45
REAL,2026-08-21,12.649999618530273,P,7.5,0.500005,10.0,0,0.0,0.0
REAL,2026-08-21,12.649999618530273,P,10.0,0.2500075,2.0,0,0.0,0.0
REAL,2026-08-21,12.649999618530273,P,12.5,0.015634843750000002,203.0,0,0.0,0.0
REAL,2026-08-21,12.649999618530273,P,15.0,1.0000000000000003e-05,2.0,0,0.0,0.0
REAL,2026-08-21,12.649999618530273,P,17.5,3.5683604541015628,1.0,27,6.5,7.9
REAL,2026-08-21,12.649999618530273,P,20.0,3.9160158349609375,1.0,22,9.1,10.1
REAL,2026-08-21,12.649999618530273,P,25.0,3.8339847900390627,,0,13.1,14.6
G,2026-08-21,35.27000045776367,C,17.5,1.0000000000000003e-05,8.0,0,0.0,0.0
G,2026-08-21,35.27000045776367,C,20.0,1.0000000000000003e-05,10.0,0,0.0,0.0
G,2026-08-21,35.27000045776367,C,22.5,1.0000000000000003e-05,2.0,1,6.2,9.4
G,2026-08-21,35.27000045776367,C,25.0,1.0000000000000003e-05,10.0,0,0.0,0.0
G,2026-08-21,35.27000045776367,C,30.0,1.0000000000000003e-05,2.0,0,0.0,0.0
G,2026-08-21,35.27000045776367,C,35.0,1.0000000000000003e-05,5.0,0,0.0,0.0
G,2026-08-21,35.27000045776367,C,40.0,0.12500875,,0,0.0,0.0
G,2026-08-21,35.27000045776367,P,25.0,0.500005,1.0,0,0.0,0.0
G,2026-08-21,35.27000045776367,P,30.0,0.2500075,2.0,0,0.0,0.0
ATS,2026-08-21,27.950000762939453,C,25.0,1.0000000000000003e-05,2.0,0,0.0,0.0
ATS,2026-08-21,27.950000762939453,C,30.0,0.12500875,2.0,0,0.0,0.0
ATS,2026-08-21,27.950000762939453,C,35.0,0.2500075,,0,0.0,0.0
ATS,2026-08-21,27.950000762939453,C,45.0,0.500005,,0,0.0,0.0
ATS,2026-08-21,27.950000762939453,P,25.0,0.12500875,19.0,0,0.0,0.0
RKT,2026-08-07,13.859999656677246,C,5.0,1.0000000000000003e-05,11,0,0.0,0.0
RKT,2026-08-07,13.859999656677246,C,7.0,1.0000000000000003e-05,4,0,0.0,0.0
RKT,2026-08-07,13.859999656677246,C,8.0,1.0000000000000003e-05,3,0,0.0,0.0
RKT,2026-08-07,13.859999656677246,C,9.0,1.0000000000000003e-05,3,0,0.0,0.0
RKT,2026-08-07,13.859999656677246,C,9.5,1.0000000000000003e-05,2,0,0.0,0.0
RKT,2026-08-07,13.859999656677246,C,10.0,1.0000000000000003e-05,21,0,0.0,0.0
RKT,2026-08-07,13.859999656677246,C,10.5,1.0000000000000003e-05,17,0,0.0,0.0
RKT,2026-08-07,13.859999656677246,C,11.0,1.0000000000000003e-05,5,0,0.0,0.0
RKT,2026-08-07,13.859999656677246,C,11.5,1.0000000000000003e-05,1,0,0.0,0.0
RKT,2026-08-07,13.859999656677246,C,12.0,1.0000000000000003e-05,19,0,0.0,0.0
RKT,2026-08-07,13.859999656677246,C,12.5,1.0000000000000003e-05,104,0,0.0,0.0
RKT,2026-08-07,13.859999656677246,C,13.0,1.0000000000000003e-05,139,0,0.0,0.0
RKT,2026-08-07,13.859999656677246,C,13.5,1.0000000000000003e-05,154,0,0.0,0.0
RKT,2026-08-07,13.859999656677246,C,14.0,0.062509375,413,0,0.0,0.0
RKT,2026-08-07,13.859999656677246,C,14.5,0.2500075,863,0,0.0,0.0
RKT,2026-08-07,13.859999656677246,C,15.0,0.2500075,541,0,0.0,0.0
RKT,2026-08-07,13.859999656677246,C,15.5,0.500005,55,0,0.0,0.0
RKT,2026-08-07,13.859999656677246,C,16.0,0.500005,744,0,0.0,0.0
RKT,2026-08-07,13.859999656677246,C,16.5,0.500005,364,0,0.0,0.0
RKT,2026-08-07,13.859999656677246,C,17.0,0.500005,7,0,0.0,0.0
RKT,2026-08-07,13.859999656677246,C,17.5,0.500005,5,0,0.0,0.0
RKT,2026-08-07,13.859999656677246,C,18.0,0.500005,20,0,0.0,0.0
RKT,2026-08-07,13.859999656677246,C,18.5,0.500005,1,0,0.0,0.0
RKT,2026-08-07,13.859999656677246,C,19.0,0.500005,102,0,0.0,0.0
RKT,2026-08-07,13.859999656677246,C,19.5,0.500005,1,0,0.0,0.0
RKT,2026-08-07,13.859999656677246,C,20.0,0.500005,2,0,0.0,0.0
RKT,2026-08-07,13.859999656677246,C,21.0,0.500005,2,0,0.0,0.0
RKT,2026-08-07,13.859999656677246,C,22.0,0.500005,2,0,0.0,0.0
RKT,2026-08-07,13.859999656677246,C,23.0,0.500005,1,0,0.0,0.0
RKT,2026-08-07,13.859999656677246,C,25.0,0.500005,1,0,0.0,0.0
RKT,2026-08-07,13.859999656677246,P,10.0,0.500005,44,0,0.0,0.0
RKT,2026-08-07,13.859999656677246,P,10.5,0.500005,24,0,0.0,0.0
RKT,2026-08-07,13.859999656677246,P,11.0,0.500005,287,0,0.0,0.0
RKT,2026-08-07,13.859999656677246,P,11.5,0.500005,40,0,0.0,0.0
RKT,2026-08-07,13.859999656677246,P,12.0,0.500005,279,0,0.0,0.0
RKT,2026-08-07,13.859999656677246,P,12.5,0.500005,1042,0,0.0,0.0
RKT,2026-08-07,13.859999656677246,P,13.0,0.2500075,3213,0,0.0,0.0
RKT,2026-08-07,13.859999656677246,P,13.5,0.12500875,324,0,0.0,0.0
RKT,2026-08-07,13.859999656677246,P,14.0,1.0000000000000003e-05,173,0,0.0,0.0
RKT,2026-08-07,13.859999656677246,P,14.5,1.0000000000000003e-05,72,0,0.0,0.0
RKT,2026-08-07,13.859999656677246,P,15.0,1.0000000000000003e-05,68,0,0.0,0.0
RKT,2026-08-07,13.859999656677246,P,15.5,1.0000000000000003e-05,50,0,0.0,0.0
RKT,2026-08-07,13.859999656677246,P,16.0,1.0000000000000003e-05,14,0,0.0,0.0
RKT,2026-08-07,13.859999656677246,P,16.5,1.0000000000000003e-05,1,0,0.0,0.0
RKT,2026-08-07,13.859999656677246,P,17.0,1.0000000000000003e-05,1,0,0.0,0.0
RKT,2026-08-07,13.859999656677246,P,17.5,1.0000000000000003e-05,2,0,0.0,0.0
RKT,2026-08-07,13.859999656677246,P,18.0,1.0000000000000003e-05,2,0,0.0,0.0
RKT,2026-08-07,13.859999656677246,P,18.5,1.0000000000000003e-05,2,0,0.0,0.0
RKT,2026-08-07,13.859999656677246,P,19.5,1.0000000000000003e-05,1,0,0.0,0.0
RKT,2026-08-07,13.859999656677246,P,20.0,1.0000000000000003e-05,1,0,0.0,0.0
RKT,2026-08-07,13.859999656677246,P,21.0,1.0000000000000003e-05,2,0,0.0,0.0
RKT,2026-08-07,13.859999656677246,P,22.0,1.0000000000000003e-05,2,0,0.0,0.0
RKT,2026-08-07,13.859999656677246,P,23.0,1.0000000000000003e-05,2,0,0.0,0.0
RKT,2026-08-07,13.859999656677246,P,24.0,1.0000000000000003e-05,2,0,0.0,0.0
RKT,2026-08-07,13.859999656677246,P,25.0,1.0000000000000003e-05,2,0,0.0,0.0
WPM,2026-08-07,122.81999969482422,C,80.0,1.0000000000000003e-05,12.0,0,0.0,0.0
WPM,2026-08-07,122.81999969482422,C,85.0,1.0000000000000003e-05,,0,0.0,0.0
WPM,2026-08-07,122.81999969482422,C,92.0,1.0000000000000003e-05,2.0,0,0.0,0.0
WPM,2026-08-07,122.81999969482422,C,94.0,1.0000000000000003e-05,1.0,0,0.0,0.0
WPM,2026-08-07,122.81999969482422,C,95.0,1.0000000000000003e-05,1.0,0,0.0,0.0
WPM,2026-08-07,122.81999969482422,C,97.0,1.0000000000000003e-05,,0,0.0,0.0
WPM,2026-08-07,122.81999969482422,C,99.0,1.0000000000000003e-05,,0,0.0,0.0
WPM,2026-08-07,122.81999969482422,C,100.0,1.0000000000000003e-05,1.0,0,0.0,0.0
WPM,2026-08-07,122.81999969482422,C,102.0,1.0000000000000003e-05,1.0,0,0.0,0.0
WPM,2026-08-07,122.81999969482422,C,104.0,1.0000000000000003e-05,6.0,0,0.0,0.0
WPM,2026-08-07,122.81999969482422,C,105.0,1.0000000000000003e-05,4.0,0,0.0,0.0
WPM,2026-08-07,122.81999969482422,C,106.0,1.0000000000000003e-05,14.0,0,0.0,0.0
WPM,2026-08-07,122.81999969482422,C,107.0,1.0000000000000003e-05,3.0,0,0.0,0.0
WPM,2026-08-07,122.81999969482422,C,108.0,1.0000000000000003e-05,5.0,0,0.0,0.0
WPM,2026-08-07,122.81999969482422,C,109.0,1.0000000000000003e-05,1.0,0,0.0,0.0
WPM,2026-08-07,122.81999969482422,C,110.0,1.0000000000000003e-05,49.0,0,0.0,0.0
WPM,2026-08-07,122.81999969482422,C,111.0,1.0000000000000003e-05,17.0,0,0.0,0.0
WPM,2026-08-07,122.81999969482422,C,112.0,1.0000000000000003e-05,17.0,0,0.0,0.0
WPM,2026-08-07,122.81999969482422,C,113.0,1.0000000000000003e-05,1.0,0,0.0,0.0
WPM,2026-08-07,122.81999969482422,C,114.0,1.0000000000000003e-05,1.0,0,0.0,0.0
WPM,2026-08-07,122.81999969482422,C,115.0,1.0000000000000003e-05,36.0,0,0.0,0.0
WPM,2026-08-07,122.81999969482422,C,116.0,1.0000000000000003e-05,31.0,0,0.0,0.0
WPM,2026-08-07,122.81999969482422,C,117.0,1.0000000000000003e-05,6.0,0,0.0,0.0
WPM,2026-08-07,122.81999969482422,C,118.0,1.0000000000000003e-05,16.0,0,0.0,0.0
WPM,2026-08-07,122.81999969482422,C,119.0,1.0000000000000003e-05,121.0,0,0.0,0.0
WPM,2026-08-07,122.81999969482422,C,120.0,1.0000000000000003e-05,56.0,0,0.0,0.0
WPM,2026-08-07,122.81999969482422,C,121.0,1.0000000000000003e-05,981.0,0,0.0,0.0
WPM,2026-08-07,122.81999969482422,C,122.0,1.0000000000000003e-05,9.0,0,0.0,0.0
WPM,2026-08-07,122.81999969482422,C,123.0,0.007822421875,9.0,0,0.0,0.0
WPM,2026-08-07,122.81999969482422,C,124.0,0.0312596875,34.0,0,0.0,0.0
WPM,2026-08-07,122.81999969482422,C,125.0,0.062509375,9.0,0,0.0,0.0
WPM,2026-08-07,122.81999969482422,C,126.0,0.12500875,13.0,0,0.0,0.0
WPM,2026-08-07,122.81999969482422,C,127.0,0.12500875,2.0,0,0.0,0.0
WPM,2026-08-07,122.81999969482422,C,130.0,0.2500075,88.0,0,0.0,0.0
WPM,2026-08-07,122.81999969482422,C,135.0,0.2500075,41.0,0,0.0,0.0
WPM,2026-08-07,122.81999969482422,C,140.0,0.500005,112.0,0,0.0,0.0
WPM,2026-08-07,122.81999969482422,C,145.0,0.500005,1.0,0,0.0,0.0
WPM,2026-08-07,122.81999969482422,P,85.0,0.500005,2.0,0,0.0,0.0
WPM,2026-08-07,122.81999969482422,P,90.0,0.500005,11.0,0,0.0,0.0
WPM,2026-08-07,122.81999969482422,P,91.0,0.500005,10.0,0,0.0,0.0
WPM,2026-08-07,122.81999969482422,P,92.0,0.500005,10.0,0,0.0,0.0
WPM,2026-08-07,122.81999969482422,P,93.0,0.500005,2.0,0,0.0,0.0
WPM,2026-08-07,122.81999969482422,P,94.0,0.500005,11.0,0,0.0,0.0
WPM,2026-08-07,122.81999969482422,P,95.0,0.500005,1.0,0,0.0,0.0
WPM,2026-08-07,122.81999969482422,P,96.0,0.500005,10.0,0,0.0,0.0
WPM,2026-08-07,122.81999969482422,P,97.0,0.500005,10.0,0,0.0,0.0
WPM,2026-08-07,122.81999969482422,P,98.0,0.500005,10.0,0,0.0,0.0
WPM,2026-08-07,122.81999969482422,P,99.0,0.500005,1.0,0,0.0,0.0
WPM,2026-08-07,122.81999969482422,P,100.0,0.500005,1.0,0,0.0,0.0
WPM,2026-08-07,122.81999969482422,P,101.0,0.500005,4.0,0,0.0,0.0
WPM,2026-08-07,122.81999969482422,P,102.0,0.500005,76.0,0,0.0,0.0
WPM,2026-08-07,122.81999969482422,P,103.0,0.500005,12.0,0,0.0,0.0
WPM,2026-08-07,122.81999969482422,P,104.0,0.500005,3.0,0,0.0,0.0
WPM,2026-08-07,122.81999969482422,P,105.0,0.500005,7.0,0,0.0,0.0
WPM,2026-08-07,122.81999969482422,P,106.0,0.500005,1.0,0,0.0,0.0
WPM,2026-08-07,122.81999969482422,P,107.0,0.500005,1.0,0,0.0,0.0
WPM,2026-08-07,122.81999969482422,P,108.0,0.500005,14.0,0,0.0,0.0
WPM,2026-08-07,122.81999969482422,P,109.0,0.500005,1.0,0,0.0,0.0
WPM,2026-08-07,122.81999969482422,P,110.0,0.2500075,22.0,0,0.0,0.0
WPM,2026-08-07,122.81999969482422,P,111.0,0.2500075,3.0,0,0.0,0.0
WPM,2026-08-07,122.81999969482422,P,112.0,0.2500075,78.0,0,0.0,0.0
WPM,2026-08-07,122.81999969482422,P,113.0,0.2500075,40.0,0,0.0,0.0
WPM,2026-08-07,122.81999969482422,P,114.0,0.2500075,1.0,0,0.0,0.0
WPM,2026-08-07,122.81999969482422,P,115.0,0.2500075,14.0,0,0.0,0.0
WPM,2026-08-07,122.81999969482422,P,116.0,0.2500075,6.0,0,0.0,0.0
WPM,2026-08-07,122.81999969482422,P,120.0,0.062509375,260.0,0,0.0,0.0
WPM,2026-08-07,122.81999969482422,P,121.0,0.062509375,1.0,0,0.0,0.0
WPM,2026-08-07,122.81999969482422,P,122.0,0.0312596875,30.0,0,0.0,0.0
WPM,2026-08-07,122.81999969482422,P,124.0,1.0000000000000003e-05,42.0,0,0.0,0.0
WPM,2026-08-07,122.81999969482422,P,130.0,1.0000000000000003e-05,2.0,0,0.0,0.0
WLDN,2026-08-21,74.12999725341797,C,45.0,7.260254830932617,,3,46.7,51.1
WLDN,2026-08-21,74.12999725341797,C,50.0,6.558107271118165,1.0,4,43.0,46.3
WLDN,2026-08-21,74.12999725341797,C,55.0,1.0000000000000003e-05,1.0,0,0.0,0.0
WLDN,2026-08-21,74.12999725341797,C,60.0,1.0000000000000003e-05,9.0,0,0.0,0.0
WLDN,2026-08-21,74.12999725341797,C,65.0,1.0000000000000003e-05,2.0,0,0.0,0.0
WLDN,2026-08-21,74.12999725341797,C,70.0,1.0000000000000003e-05,22.0,0,0.0,0.0
WLDN,2026-08-21,74.12999725341797,C,75.0,0.015634843750000002,10.0,0,0.0,0.0
WLDN,2026-08-21,74.12999725341797,C,80.0,0.062509375,1.0,0,0.0,0.0
WLDN,2026-08-21,74.12999725341797,C,85.0,0.12500875,23.0,0,0.0,0.0
WLDN,2026-08-21,74.12999725341797,C,90.0,0.2500075,1.0,0,0.0,0.0
WLDN,2026-08-21,74.12999725341797,C,95.0,0.2500075,4.0,0,0.0,0.0
WLDN,2026-08-21,74.12999725341797,C,100.0,0.2500075,2.0,0,0.0,0.0
WLDN,2026-08-21,74.12999725341797,C,105.0,0.2500075,20.0,0,0.0,0.0
WLDN,2026-08-21,74.12999725341797,C,110.0,0.500005,1.0,0,0.0,0.0
WLDN,2026-08-21,74.12999725341797,C,115.0,0.500005,1.0,0,0.0,0.0
WLDN,2026-08-21,74.12999725341797,C,120.0,0.500005,3.0,0,0.0,0.0
WLDN,2026-08-21,74.12999725341797,C,125.0,0.500005,5.0,0,0.0,0.0
WLDN,2026-08-21,74.12999725341797,C,130.0,0.500005,1.0,0,0.0,0.0
WLDN,2026-08-21,74.12999725341797,C,135.0,0.500005,5.0,0,0.0,0.0
WLDN,2026-08-21,74.12999725341797,C,140.0,0.500005,6.0,0,0.0,0.0
WLDN,2026-08-21,74.12999725341797,C,145.0,0.500005,1.0,0,0.0,0.0
WLDN,2026-08-21,74.12999725341797,C,150.0,0.500005,2.0,0,0.0,0.0
WLDN,2026-08-21,74.12999725341797,C,155.0,0.500005,1.0,0,0.0,0.0
WLDN,2026-08-21,74.12999725341797,C,160.0,2.2265669335937495,7.0,101,0.0,2.05
WLDN,2026-08-21,74.12999725341797,C,165.0,2.3857462231445306,1.0,10,0.0,2.5
WLDN,2026-08-21,74.12999725341797,C,170.0,0.500005,2.0,0,0.0,0.0
WLDN,2026-08-21,74.12999725341797,C,175.0,2.6181675170898435,,2,0.2,2.85
WLDN,2026-08-21,74.12999725341797,C,185.0,0.500005,1.0,0,0.0,0.0
WLDN,2026-08-21,74.12999725341797,C,200.0,0.500005,1.0,0,0.0,0.0
WLDN,2026-08-21,74.12999725341797,P,45.0,1.9072270263671878,1.0,4,0.0,2.3
WLDN,2026-08-21,74.12999725341797,P,50.0,0.500005,2.0,0,0.0,0.0
WLDN,2026-08-21,74.12999725341797,P,55.0,0.2500075,2.0,0,0.0,0.0
WLDN,2026-08-21,74.12999725341797,P,60.0,0.2500075,2.0,0,0.0,0.0
WLDN,2026-08-21,74.12999725341797,P,65.0,0.12500875,1.0,0,0.0,0.0
WLDN,2026-08-21,74.12999725341797,P,70.0,0.062509375,5.0,0,0.0,0.0
WLDN,2026-08-21,74.12999725341797,P,75.0,1.0000000000000003e-05,3.0,0,0.0,0.0
WLDN,2026-08-21,74.12999725341797,P,80.0,1.0000000000000003e-05,1.0,0,0.0,0.0
WLDN,2026-08-21,74.12999725341797,P,85.0,1.0000000000000003e-05,1.0,0,0.0,0.0
WLDN,2026-08-21,74.12999725341797,P,90.0,1.0000000000000003e-05,1.0,0,0.0,0.0
WLDN,2026-08-21,74.12999725341797,P,95.0,1.0000000000000003e-05,1.0,0,0.0,0.0
WLDN,2026-08-21,74.12999725341797,P,100.0,1.0000000000000003e-05,1.0,0,0.0,0.0
WLDN,2026-08-21,74.12999725341797,P,105.0,1.0000000000000003e-05,1.0,0,0.0,0.0
WLDN,2026-08-21,74.12999725341797,P,110.0,1.0000000000000003e-05,2.0,0,0.0,0.0
WLDN,2026-08-21,74.12999725341797,P,115.0,1.0000000000000003e-05,1.0,2,20.8,23.9
WLDN,2026-08-21,74.12999725341797,P,120.0,1.0000000000000003e-05,1.0,4,23.9,27.5
WLDN,2026-08-21,74.12999725341797,P,125.0,1.0000000000000003e-05,1.0,2,31.2,34.6
WLDN,2026-08-21,74.12999725341797,P,140.0,1.0000000000000003e-05,1.0,3,59.7,63.0
WLDN,2026-08-21,74.12999725341797,P,150.0,1.0000000000000003e-05,1.0,6,65.6,69.9
WLDN,2026-08-21,74.12999725341797,P,155.0,1.0000000000000003e-05,2.0,0,0.0,0.0
WLDN,2026-08-21,74.12999725341797,P,160.0,1.0000000000000003e-05,1.0,0,0.0,0.0
WLDN,2026-08-21,74.12999725341797,P,165.0,1.0000000000000003e-05,1.0,0,0.0,0.0
WLDN,2026-08-21,74.12999725341797,P,170.0,1.0000000000000003e-05,,0,85.0,89.3
WLDN,2026-08-21,74.12999725341797,P,175.0,1.0000000000000003e-05,,0,79.6,83.6
WLDN,2026-08-21,74.12999725341797,P,180.0,1.0000000000000003e-05,,0,0.0,0.0
UMAC,2026-08-07,25.729999542236328,C,2.5,1.0000000000000003e-05,10.0,0,0.0,0.0
UMAC,2026-08-07,25.729999542236328,C,5.0,1.0000000000000003e-05,2.0,0,0.0,0.0
UMAC,2026-08-07,25.729999542236328,C,7.5,1.0000000000000003e-05,2.0,0,0.0,0.0
UMAC,2026-08-07,25.729999542236328,C,10.0,1.0000000000000003e-05,1.0,0,0.0,0.0
UMAC,2026-08-07,25.729999542236328,C,12.0,1.0000000000000003e-05,2.0,0,0.0,0.0
UMAC,2026-08-07,25.729999542236328,C,12.5,1.0000000000000003e-05,2.0,0,0.0,0.0
UMAC,2026-08-07,25.729999542236328,C,13.0,1.0000000000000003e-05,1.0,0,0.0,0.0
UMAC,2026-08-07,25.729999542236328,C,14.5,1.0000000000000003e-05,7.0,0,0.0,0.0
UMAC,2026-08-07,25.729999542236328,C,15.0,1.0000000000000003e-05,2.0,0,0.0,0.0
UMAC,2026-08-07,25.729999542236328,C,16.0,1.0000000000000003e-05,1.0,0,0.0,0.0
UMAC,2026-08-07,25.729999542236328,C,17.0,1.0000000000000003e-05,3.0,0,0.0,0.0
UMAC,2026-08-07,25.729999542236328,C,17.5,1.0000000000000003e-05,10.0,0,0.0,0.0
UMAC,2026-08-07,25.729999542236328,C,18.0,1.0000000000000003e-05,1.0,0,0.0,0.0
UMAC,2026-08-07,25.729999542236328,C,18.5,1.0000000000000003e-05,6.0,0,0.0,0.0
UMAC,2026-08-07,25.729999542236328,C,19.0,1.0000000000000003e-05,5.0,0,0.0,0.0
UMAC,2026-08-07,25.729999542236328,C,19.5,1.0000000000000003e-05,50.0,0,0.0,0.0
UMAC,2026-08-07,25.729999542236328,C,20.0,1.0000000000000003e-05,24.0,0,0.0,0.0
UMAC,2026-08-07,25.729999542236328,C,20.5,1.0000000000000003e-05,1.0,0,0.0,0.0
UMAC,2026-08-07,25.729999542236328,C,21.0,1.0000000000000003e-05,8.0,0,0.0,0.0
UMAC,2026-08-07,25.729999542236328,C,21.5,1.0000000000000003e-05,3.0,0,0.0,0.0
UMAC,2026-08-07,25.729999542236328,C,22.0,1.0000000000000003e-05,36.0,0,0.0,0.0
UMAC,2026-08-07,25.729999542236328,C,22.5,1.0000000000000003e-05,4.0,0,0.0,0.0
UMAC,2026-08-07,25.729999542236328,C,23.0,1.0000000000000003e-05,44.0,0,0.0,0.0
UMAC,2026-08-07,25.729999542236328,C,23.5,1.0000000000000003e-05,51.0,0,0.0,0.0
UMAC,2026-08-07,25.729999542236328,C,24.0,1.0000000000000003e-05,35.0,0,0.0,0.0
UMAC,2026-08-07,25.729999542236328,C,24.5,1.0000000000000003e-05,9.0,0,0.0,0.0
UMAC,2026-08-07,25.729999542236328,C,25.0,1.0000000000000003e-05,23.0,0,0.0,0.0
UMAC,2026-08-07,25.729999542236328,C,25.5,1.0000000000000003e-05,3.0,0,0.0,0.0
UMAC,2026-08-07,25.729999542236328,C,26.0,0.062509375,310.0,0,0.0,0.0
UMAC,2026-08-07,25.729999542236328,C,26.5,0.12500875,39.0,0,0.0,0.0
UMAC,2026-08-07,25.729999542236328,C,27.0,0.2500075,114.0,0,0.0,0.0
UMAC,2026-08-07,25.729999542236328,C,28.0,0.2500075,58.0,0,0.0,0.0
UMAC,2026-08-07,25.729999542236328,C,29.0,0.500005,42.0,0,0.0,0.0
UMAC,2026-08-07,25.729999542236328,C,29.5,0.500005,25.0,0,0.0,0.0
UMAC,2026-08-07,25.729999542236328,C,30.0,0.500005,398.0,0,0.0,0.0
UMAC,2026-08-07,25.729999542236328,C,30.5,0.500005,41.0,0,0.0,0.0
UMAC,2026-08-07,25.729999542236328,C,31.0,0.500005,48.0,0,0.0,0.0
UMAC,2026-08-07,25.729999542236328,C,31.5,0.500005,32.0,0,0.0,0.0
UMAC,2026-08-07,25.729999542236328,C,32.0,0.500005,6.0,0,0.0,0.0
UMAC,2026-08-07,25.729999542236328,C,33.0,0.500005,56.0,0,0.0,0.0
UMAC,2026-08-07,25.729999542236328,C,35.0,0.500005,2.0,0,0.0,0.0
UMAC,2026-08-07,25.729999542236328,C,40.0,0.500005,31.0,0,0.0,0.0
UMAC,2026-08-07,25.729999542236328,P,5.0,0.500005,,0,0.0,0.0
UMAC,2026-08-07,25.729999542236328,P,7.5,0.500005,3.0,0,0.0,0.0
UMAC,2026-08-07,25.729999542236328,P,10.0,0.500005,1.0,0,0.0,0.0
UMAC,2026-08-07,25.729999542236328,P,12.0,0.500005,,0,0.0,0.0
UMAC,2026-08-07,25.729999542236328,P,12.5,0.500005,4.0,0,0.0,0.0
UMAC,2026-08-07,25.729999542236328,P,13.0,0.500005,6.0,0,0.0,0.0
UMAC,2026-08-07,25.729999542236328,P,13.5,0.500005,1.0,0,0.0,0.0
UMAC,2026-08-07,25.729999542236328,P,14.0,0.500005,3.0,0,0.0,0.0
UMAC,2026-08-07,25.729999542236328,P,14.5,0.500005,1.0,0,0.0,0.0
UMAC,2026-08-07,25.729999542236328,P,15.0,0.500005,1.0,0,0.0,0.0
UMAC,2026-08-07,25.729999542236328,P,15.5,0.500005,1.0,0,0.0,0.0
UMAC,2026-08-07,25.729999542236328,P,16.0,0.500005,6.0,0,0.0,0.0
UMAC,2026-08-07,25.729999542236328,P,16.5,0.500005,5.0,0,0.0,0.0
UMAC,2026-08-07,25.729999542236328,P,17.0,0.500005,1.0,0,0.0,0.0
UMAC,2026-08-07,25.729999542236328,P,17.5,0.500005,10.0,0,0.0,0.0
UMAC,2026-08-07,25.729999542236328,P,18.0,0.500005,8.0,0,0.0,0.0
UMAC,2026-08-07,25.729999542236328,P,18.5,0.500005,3.0,0,0.0,0.0
UMAC,2026-08-07,25.729999542236328,P,19.0,0.500005,31.0,0,0.0,0.0
UMAC,2026-08-07,25.729999542236328,P,19.5,0.500005,6.0,0,0.0,0.0
UMAC,2026-08-07,25.729999542236328,P,20.0,0.500005,106.0,0,0.0,0.0
UMAC,2026-08-07,25.729999542236328,P,20.5,0.500005,45.0,0,0.0,0.0
UMAC,2026-08-07,25.729999542236328,P,21.0,0.500005,53.0,0,0.0,0.0
UMAC,2026-08-07,25.729999542236328,P,21.5,0.500005,58.0,0,0.0,0.0
UMAC,2026-08-07,25.729999542236328,P,22.0,0.500005,63.0,0,0.0,0.0
UMAC,2026-08-07,25.729999542236328,P,22.5,0.500005,6.0,0,0.0,0.0
UMAC,2026-08-07,25.729999542236328,P,23.0,0.500005,67.0,0,0.0,0.0
UMAC,2026-08-07,25.729999542236328,P,23.5,0.2500075,39.0,0,0.0,0.0
UMAC,2026-08-07,25.729999542236328,P,24.0,0.2500075,7.0,0,0.0,0.0
UMAC,2026-08-07,25.729999542236328,P,24.5,0.2500075,12.0,0,0.0,0.0
UMAC,2026-08-07,25.729999542236328,P,25.0,0.12500875,85.0,0,0.0,0.0
UMAC,2026-08-07,25.729999542236328,P,26.0,1.0000000000000003e-05,250.0,0,0.0,0.0
UMAC,2026-08-07,25.729999542236328,P,28.0,1.0000000000000003e-05,65.0,0,0.0,0.0
UMAC,2026-08-07,25.729999542236328,P,35.0,1.0000000000000003e-05,,0,0.0,0.0
UMAC,2026-08-07,25.729999542236328,P,36.0,1.0000000000000003e-05,1.0,0,0.0,0.0
UMAC,2026-08-07,25.729999542236328,P,40.0,1.0000000000000003e-05,1.0,0,0.0,0.0
XERS,2026-08-21,8.109999656677246,C,5.0,1.0000000000000003e-05,100,0,0.0,0.0
XERS,2026-08-21,8.109999656677246,C,7.5,1.0000000000000003e-05,129,0,0.0,0.0
XERS,2026-08-21,8.109999656677246,C,10.0,0.2500075,50,0,0.0,0.0
XERS,2026-08-21,8.109999656677246,C,12.5,0.500005,1,0,0.0,0.0
XERS,2026-08-21,8.109999656677246,P,2.5,0.500005,1,0,0.0,0.0
XERS,2026-08-21,8.109999656677246,P,7.5,0.12500875,8,0,0.0,0.0
XERS,2026-08-21,8.109999656677246,P,10.0,1.0000000000000003e-05,1,0,0.0,0.0
LNTH,2026-08-21,101.5,C,90.0,1.0000000000000003e-05,1.0,0,0.0,0.0
LNTH,2026-08-21,101.5,C,95.0,1.0000000000000003e-05,30.0,0,0.0,0.0
LNTH,2026-08-21,101.5,C,100.0,1.0000000000000003e-05,26.0,0,0.0,0.0
LNTH,2026-08-21,101.5,C,105.0,0.0312596875,124.0,0,0.0,0.0
LNTH,2026-08-21,101.5,C,110.0,0.12500875,55.0,0,0.0,0.0
LNTH,2026-08-21,101.5,C,115.0,0.12500875,15.0,0,0.0,0.0
LNTH,2026-08-21,101.5,C,120.0,0.12500875,2.0,0,0.0,0.0
LNTH,2026-08-21,101.5,C,125.0,0.2500075,2.0,0,0.0,0.0
LNTH,2026-08-21,101.5,C,130.0,0.2500075,1.0,0,0.0,0.0
LNTH,2026-08-21,101.5,C,135.0,0.2500075,,0,0.0,0.0
LNTH,2026-08-21,101.5,C,140.0,0.2500075,1.0,0,0.0,0.0
LNTH,2026-08-21,101.5,P,70.0,0.500005,1.0,0,0.0,0.0
LNTH,2026-08-21,101.5,P,75.0,0.2500075,1.0,0,0.0,0.0
LNTH,2026-08-21,101.5,P,80.0,0.2500075,1.0,0,0.0,0.0
LNTH,2026-08-21,101.5,P,85.0,0.2500075,1.0,0,0.0,0.0
LNTH,2026-08-21,101.5,P,90.0,0.12500875,18.0,0,0.0,0.0
LNTH,2026-08-21,101.5,P,95.0,0.062509375,144.0,0,0.0,0.0
LNTH,2026-08-21,101.5,P,100.0,0.015634843750000002,1.0,0,0.0,0.0
LNTH,2026-08-21,101.5,P,105.0,1.0000000000000003e-05,1.0,0,0.0,0.0
LNTH,2026-08-21,101.5,P,110.0,1.0000000000000003e-05,1.0,0,0.0,0.0
LNTH,2026-08-21,101.5,P,115.0,1.0000000000000003e-05,6.0,0,0.0,0.0
HCI,2026-08-21,178.47000122070312,C,110.0,1.0000000000000003e-05,1.0,0,0.0,0.0
HCI,2026-08-21,178.47000122070312,C,135.0,1.0000000000000003e-05,,0,0.0,0.0
HCI,2026-08-21,178.47000122070312,C,140.0,1.0000000000000003e-05,,0,0.0,0.0
HCI,2026-08-21,178.47000122070312,C,150.0,1.0000000000000003e-05,,0,0.0,0.0
HCI,2026-08-21,178.47000122070312,C,155.0,1.0000000000000003e-05,,0,0.0,0.0
HCI,2026-08-21,178.47000122070312,C,165.0,1.0000000000000003e-05,1.0,0,0.0,0.0
HCI,2026-08-21,178.47000122070312,C,175.0,1.0000000000000003e-05,4.0,0,0.0,0.0
HCI,2026-08-21,178.47000122070312,C,180.0,0.015634843750000002,,0,0.0,0.0
HCI,2026-08-21,178.47000122070312,C,185.0,0.0312596875,3.0,0,0.0,0.0
HCI,2026-08-21,178.47000122070312,C,190.0,0.062509375,5.0,0,0.0,0.0
HCI,2026-08-21,178.47000122070312,C,195.0,0.12500875,1.0,0,0.0,0.0
HCI,2026-08-21,178.47000122070312,C,200.0,0.12500875,1.0,0,0.0,0.0
HCI,2026-08-21,178.47000122070312,C,210.0,0.12500875,1.0,0,0.0,0.0
HCI,2026-08-21,178.47000122070312,C,220.0,0.2500075,1.0,0,0.0,0.0
HCI,2026-08-21,178.47000122070312,C,230.0,0.2500075,,0,0.0,0.0
HCI,2026-08-21,178.47000122070312,P,145.0,0.2500075,1.0,0,0.0,0.0
HCI,2026-08-21,178.47000122070312,P,150.0,0.12500875,1.0,0,0.0,0.0
HCI,2026-08-21,178.47000122070312,P,155.0,0.12500875,1.0,0,0.0,0.0
HCI,2026-08-21,178.47000122070312,P,160.0,0.12500875,1.0,0,0.0,0.0
HCI,2026-08-21,178.47000122070312,P,165.0,0.062509375,1.0,0,0.0,0.0
HCI,2026-08-21,178.47000122070312,P,170.0,0.062509375,,0,0.0,0.0
HCI,2026-08-21,178.47000122070312,P,200.0,1.0000000000000003e-05,,0,0.0,0.0
HCI,2026-08-21,178.47000122070312,P,220.0,1.0000000000000003e-05,,0,0.0,0.0
HCI,2026-08-21,178.47000122070312,P,230.0,1.0000000000000003e-05,,0,0.0,0.0
HCI,2026-08-21,178.47000122070312,P,240.0,1.0000000000000003e-05,1.0,0,0.0,0.0
GNE,2026-08-21,14.119999885559082,C,15.0,0.062509375,3.0,0.0,0.0,0.0
GNE,2026-08-21,14.119999885559082,C,17.5,0.2500075,1.0,0.0,0.0,0.0
GNE,2026-08-21,14.119999885559082,C,20.0,0.500005,1.0,0.0,0.0,0.0
GNE,2026-08-21,14.119999885559082,C,22.5,0.500005,1.0,0.0,0.0,0.0
GNE,2026-08-21,14.119999885559082,C,25.0,0.500005,1.0,0.0,0.0,0.0
MRVI,2026-08-21,6.409999847412109,C,5.0,1.0000000000000003e-05,10.0,0,0.0,0.0
MRVI,2026-08-21,6.409999847412109,C,7.5,0.2500075,1.0,0,0.0,0.0
MRVI,2026-08-21,6.409999847412109,C,10.0,0.500005,8.0,0,0.0,0.0
MRVI,2026-08-21,6.409999847412109,P,2.5,0.500005,,0,0.0,0.0
MRVI,2026-08-21,6.409999847412109,P,5.0,0.2500075,6.0,0,0.0,0.0
IRWD,2026-08-21,4.150000095367432,C,1.0,1.0000000000000003e-05,1,0,0.0,0.0
IRWD,2026-08-21,4.150000095367432,C,2.0,1.0000000000000003e-05,1,0,0.0,0.0
IRWD,2026-08-21,4.150000095367432,C,3.0,1.0000000000000003e-05,1,0,0.0,0.0
IRWD,2026-08-21,4.150000095367432,C,4.0,1.0000000000000003e-05,42,0,0.0,0.0
IRWD,2026-08-21,4.150000095367432,C,5.0,0.2500075,376,0,0.0,0.0
IRWD,2026-08-21,4.150000095367432,C,6.0,0.500005,5,0,0.0,0.0
IRWD,2026-08-21,4.150000095367432,C,7.0,0.500005,2,0,0.0,0.0
IRWD,2026-08-21,4.150000095367432,C,8.0,0.500005,1,0,0.0,0.0
IRWD,2026-08-21,4.150000095367432,C,10.0,0.500005,1,0,0.0,0.0
IRWD,2026-08-21,4.150000095367432,P,1.0,0.500005,4,0,0.0,0.0
IRWD,2026-08-21,4.150000095367432,P,2.0,0.500005,25,0,0.0,0.0
IRWD,2026-08-21,4.150000095367432,P,3.0,0.500005,463,0,0.0,0.0
IRWD,2026-08-21,4.150000095367432,P,4.0,0.062509375,149,0,0.0,0.0
IRWD,2026-08-21,4.150000095367432,P,5.0,1.0000000000000003e-05,1,0,0.0,0.0
IRWD,2026-08-21,4.150000095367432,P,6.0,4.523441845703125,1,4,2.4,3.4
IRWD,2026-08-21,4.150000095367432,P,10.0,1.0000000000000003e-05,2,0,0.0,0.0
DDOG,2026-08-07,283.1700134277344,C,125.0,1.0000000000000003e-05,17.0,0,0.0,0.0
DDOG,2026-08-07,283.1700134277344,C,130.0,1.0000000000000003e-05,1.0,0,0.0,0.0
DDOG,2026-08-07,283.1700134277344,C,135.0,1.0000000000000003e-05,6.0,0,0.0,0.0
DDOG,2026-08-07,283.1700134277344,C,140.0,1.0000000000000003e-05,6.0,0,0.0,0.0
DDOG,2026-08-07,283.1700134277344,C,145.0,1.0000000000000003e-05,2.0,0,0.0,0.0
DDOG,2026-08-07,283.1700134277344,C,150.0,1.0000000000000003e-05,1.0,0,0.0,0.0
DDOG,2026-08-07,283.1700134277344,C,155.0,1.0000000000000003e-05,1.0,0,0.0,0.0
DDOG,2026-08-07,283.1700134277344,C,160.0,1.0000000000000003e-05,2.0,0,0.0,0.0
DDOG,2026-08-07,283.1700134277344,C,165.0,1.0000000000000003e-05,2.0,0,0.0,0.0
DDOG,2026-08-07,283.1700134277344,C,170.0,1.0000000000000003e-05,1.0,0,0.0,0.0
DDOG,2026-08-07,283.1700134277344,C,175.0,1.0000000000000003e-05,1.0,0,0.0,0.0
DDOG,2026-08-07,283.1700134277344,C,180.0,1.0000000000000003e-05,3.0,0,0.0,0.0
DDOG,2026-08-07,283.1700134277344,C,185.0,1.0000000000000003e-05,1.0,0,0.0,0.0
DDOG,2026-08-07,283.1700134277344,C,187.5,1.0000000000000003e-05,,0,0.0,0.0
DDOG,2026-08-07,283.1700134277344,C,190.0,1.0000000000000003e-05,,0,0.0,0.0
DDOG,2026-08-07,283.1700134277344,C,192.5,1.0000000000000003e-05,,0,0.0,0.0
DDOG,2026-08-07,283.1700134277344,C,195.0,1.0000000000000003e-05,4.0,0,0.0,0.0
DDOG,2026-08-07,283.1700134277344,C,200.0,1.0000000000000003e-05,1.0,0,0.0,0.0
DDOG,2026-08-07,283.1700134277344,C,205.0,1.0000000000000003e-05,3.0,0,0.0,0.0
DDOG,2026-08-07,283.1700134277344,C,207.5,1.0000000000000003e-05,1.0,0,0.0,0.0
DDOG,2026-08-07,283.1700134277344,C,210.0,1.0000000000000003e-05,1.0,0,0.0,0.0
DDOG,2026-08-07,283.1700134277344,C,212.5,1.0000000000000003e-05,,0,0.0,0.0
DDOG,2026-08-07,283.1700134277344,C,215.0,1.0000000000000003e-05,15.0,0,0.0,0.0
DDOG,2026-08-07,283.1700134277344,C,217.5,1.0000000000000003e-05,1.0,0,0.0,0.0
DDOG,2026-08-07,283.1700134277344,C,220.0,1.0000000000000003e-05,10.0,0,0.0,0.0
DDOG,2026-08-07,283.1700134277344,C,222.5,1.0000000000000003e-05,20.0,0,0.0,0.0
DDOG,2026-08-07,283.1700134277344,C,225.0,1.0000000000000003e-05,15.0,0,0.0,0.0
DDOG,2026-08-07,283.1700134277344,C,227.5,1.0000000000000003e-05,1.0,0,0.0,0.0
DDOG,2026-08-07,283.1700134277344,C,230.0,1.0000000000000003e-05,1.0,0,0.0,0.0
DDOG,2026-08-07,283.1700134277344,C,232.5,1.0000000000000003e-05,1.0,0,0.0,0.0
DDOG,2026-08-07,283.1700134277344,C,235.0,1.0000000000000003e-05,1.0,0,0.0,0.0
DDOG,2026-08-07,283.1700134277344,C,237.5,1.0000000000000003e-05,,0,0.0,0.0
DDOG,2026-08-07,283.1700134277344,C,240.0,1.0000000000000003e-05,18.0,0,0.0,0.0
DDOG,2026-08-07,283.1700134277344,C,242.5,1.0000000000000003e-05,1.0,0,0.0,0.0
DDOG,2026-08-07,283.1700134277344,C,245.0,1.0000000000000003e-05,13.0,0,0.0,0.0
DDOG,2026-08-07,283.1700134277344,C,247.5,1.0000000000000003e-05,25.0,0,0.0,0.0
DDOG,2026-08-07,283.1700134277344,C,250.0,1.0000000000000003e-05,7.0,0,0.0,0.0
DDOG,2026-08-07,283.1700134277344,C,252.5,1.0000000000000003e-05,1.0,0,0.0,0.0
DDOG,2026-08-07,283.1700134277344,C,255.0,1.0000000000000003e-05,13.0,0,0.0,0.0
DDOG,2026-08-07,283.1700134277344,C,257.5,1.0000000000000003e-05,10.0,0,0.0,0.0
DDOG,2026-08-07,283.1700134277344,C,260.0,1.0000000000000003e-05,11.0,0,0.0,0.0
DDOG,2026-08-07,283.1700134277344,C,262.5,1.0000000000000003e-05,16.0,0,0.0,0.0
DDOG,2026-08-07,283.1700134277344,C,265.0,1.0000000000000003e-05,26.0,0,0.0,0.0
DDOG,2026-08-07,283.1700134277344,C,267.5,1.0000000000000003e-05,12.0,0,0.0,0.0
DDOG,2026-08-07,283.1700134277344,C,270.0,1.0000000000000003e-05,60.0,0,0.0,0.0
DDOG,2026-08-07,283.1700134277344,C,272.5,1.0000000000000003e-05,19.0,0,0.0,0.0
DDOG,2026-08-07,283.1700134277344,C,275.0,1.0000000000000003e-05,42.0,0,0.0,0.0
DDOG,2026-08-07,283.1700134277344,C,277.5,1.0000000000000003e-05,20.0,0,0.0,0.0
DDOG,2026-08-07,283.1700134277344,C,280.0,1.0000000000000003e-05,549.0,0,0.0,0.0
DDOG,2026-08-07,283.1700134277344,C,282.5,1.0000000000000003e-05,15.0,0,0.0,0.0
DDOG,2026-08-07,283.1700134277344,C,285.0,0.0312596875,132.0,0,0.0,0.0
DDOG,2026-08-07,283.1700134277344,C,287.5,0.062509375,189.0,0,0.0,0.0
DDOG,2026-08-07,283.1700134277344,C,290.0,0.062509375,1320.0,0,0.0,0.0
DDOG,2026-08-07,283.1700134277344,C,292.5,0.12500875,48.0,0,0.0,0.0
DDOG,2026-08-07,283.1700134277344,C,295.0,0.12500875,117.0,0,0.0,0.0
DDOG,2026-08-07,283.1700134277344,C,297.5,0.12500875,18.0,0,0.0,0.0
DDOG,2026-08-07,283.1700134277344,C,300.0,0.12500875,1033.0,0,0.0,0.0
DDOG,2026-08-07,283.1700134277344,C,302.5,0.2500075,67.0,0,0.0,0.0
DDOG,2026-08-07,283.1700134277344,C,305.0,0.2500075,651.0,0,0.0,0.0
DDOG,2026-08-07,283.1700134277344,C,307.5,0.2500075,13.0,0,0.0,0.0
DDOG,2026-08-07,283.1700134277344,C,310.0,0.2500075,146.0,0,0.0,0.0
DDOG,2026-08-07,283.1700134277344,C,315.0,0.2500075,535.0,0,0.0,0.0
DDOG,2026-08-07,283.1700134277344,C,320.0,0.2500075,1815.0,0,0.0,0.0
DDOG,2026-08-07,283.1700134277344,C,322.5,0.500005,62.0,0,0.0,0.0
DDOG,2026-08-07,283.1700134277344,C,325.0,0.500005,799.0,0,0.0,0.0
DDOG,2026-08-07,283.1700134277344,C,327.5,0.500005,8.0,0,0.0,0.0
DDOG,2026-08-07,283.1700134277344,C,330.0,0.500005,555.0,0,0.0,0.0
DDOG,2026-08-07,283.1700134277344,C,335.0,0.500005,397.0,0,0.0,0.0
DDOG,2026-08-07,283.1700134277344,C,337.5,0.500005,12.0,0,0.0,0.0
DDOG,2026-08-07,283.1700134277344,C,340.0,0.500005,1877.0,0,0.0,0.0
DDOG,2026-08-07,283.1700134277344,C,345.0,0.500005,183.0,0,0.0,0.0
DDOG,2026-08-07,283.1700134277344,C,347.5,0.500005,11.0,0,0.0,0.0
DDOG,2026-08-07,283.1700134277344,C,350.0,0.500005,459.0,0,0.0,0.0
DDOG,2026-08-07,283.1700134277344,C,360.0,0.500005,951.0,0,0.0,0.0
DDOG,2026-08-07,283.1700134277344,P,125.0,0.500005,2.0,0,0.0,0.0
DDOG,2026-08-07,283.1700134277344,P,130.0,0.500005,18.0,0,0.0,0.0
DDOG,2026-08-07,283.1700134277344,P,135.0,0.500005,7.0,0,0.0,0.0
DDOG,2026-08-07,283.1700134277344,P,140.0,0.500005,44.0,0,0.0,0.0
DDOG,2026-08-07,283.1700134277344,P,145.0,0.500005,2.0,0,0.0,0.0
DDOG,2026-08-07,283.1700134277344,P,150.0,0.500005,7.0,0,0.0,0.0
DDOG,2026-08-07,283.1700134277344,P,155.0,1.000005,2.0,0,0.0,0.0
DDOG,2026-08-07,283.1700134277344,P,160.0,0.500005,3.0,0,0.0,0.0
DDOG,2026-08-07,283.1700134277344,P,165.0,0.500005,26.0,0,0.0,0.0
DDOG,2026-08-07,283.1700134277344,P,170.0,0.500005,22.0,0,0.0,0.0
DDOG,2026-08-07,283.1700134277344,P,175.0,0.500005,51.0,0,0.0,0.0
DDOG,2026-08-07,283.1700134277344,P,177.5,0.500005,4.0,0,0.0,0.0
DDOG,2026-08-07,283.1700134277344,P,180.0,0.500005,106.0,0,0.0,0.0
DDOG,2026-08-07,283.1700134277344,P,182.5,0.500005,60.0,0,0.0,0.0
DDOG,2026-08-07,283.1700134277344,P,185.0,0.500005,51.0,0,0.0,0.0
DDOG,2026-08-07,283.1700134277344,P,187.5,0.500005,20.0,0,0.0,0.0
DDOG,2026-08-07,283.1700134277344,P,190.0,0.500005,79.0,0,0.0,0.0
DDOG,2026-08-07,283.1700134277344,P,192.5,0.500005,56.0,0,0.0,0.0
DDOG,2026-08-07,283.1700134277344,P,195.0,0.500005,42.0,0,0.0,0.0
DDOG,2026-08-07,283.1700134277344,P,197.5,0.500005,24.0,0,0.0,0.0
DDOG,2026-08-07,283.1700134277344,P,200.0,0.500005,1707.0,0,0.0,0.0
DDOG,2026-08-07,283.1700134277344,P,202.5,0.500005,83.0,0,0.0,0.0
DDOG,2026-08-07,283.1700134277344,P,205.0,0.500005,30.0,0,0.0,0.0
DDOG,2026-08-07,283.1700134277344,P,207.5,0.500005,98.0,0,0.0,0.0
DDOG,2026-08-07,283.1700134277344,P,210.0,0.500005,148.0,0,0.0,0.0
DDOG,2026-08-07,283.1700134277344,P,212.5,0.500005,57.0,0,0.0,0.0
DDOG,2026-08-07,283.1700134277344,P,215.0,0.500005,208.0,0,0.0,0.0
DDOG,2026-08-07,283.1700134277344,P,217.5,0.500005,40.0,0,0.0,0.0
DDOG,2026-08-07,283.1700134277344,P,220.0,0.500005,2181.0,0,0.0,0.0
DDOG,2026-08-07,283.1700134277344,P,222.5,0.500005,151.0,0,0.0,0.0
DDOG,2026-08-07,283.1700134277344,P,225.0,0.500005,252.0,0,0.0,0.0
DDOG,2026-08-07,283.1700134277344,P,227.5,0.500005,86.0,0,0.0,0.0
DDOG,2026-08-07,283.1700134277344,P,230.0,0.500005,312.0,0,0.0,0.0
DDOG,2026-08-07,283.1700134277344,P,232.5,0.500005,88.0,0,0.0,0.0
DDOG,2026-08-07,283.1700134277344,P,235.0,0.500005,410.0,0,0.0,0.0
DDOG,2026-08-07,283.1700134277344,P,237.5,0.500005,36.0,0,0.0,0.0
DDOG,2026-08-07,283.1700134277344,P,240.0,0.500005,1544.0,0,0.0,0.0
DDOG,2026-08-07,283.1700134277344,P,242.5,0.500005,127.0,0,0.0,0.0
DDOG,2026-08-07,283.1700134277344,P,245.0,0.500005,251.0,0,0.0,0.0
DDOG,2026-08-07,283.1700134277344,P,247.5,0.500005,34.0,0,0.0,0.0
DDOG,2026-08-07,283.1700134277344,P,250.0,0.500005,409.0,0,0.0,0.0
DDOG,2026-08-07,283.1700134277344,P,252.5,0.2500075,23.0,0,0.0,0.0
DDOG,2026-08-07,283.1700134277344,P,255.0,0.2500075,82.0,0,0.0,0.0
DDOG,2026-08-07,283.1700134277344,P,257.5,0.2500075,56.0,0,0.0,0.0
DDOG,2026-08-07,283.1700134277344,P,260.0,0.2500075,1169.0,0,0.0,0.0
DDOG,2026-08-07,283.1700134277344,P,262.5,0.2500075,47.0,0,0.0,0.0
DDOG,2026-08-07,283.1700134277344,P,265.0,0.2500075,1734.0,0,0.0,0.0
DDOG,2026-08-07,283.1700134277344,P,267.5,0.12500875,8.0,0,0.0,0.0
DDOG,2026-08-07,283.1700134277344,P,270.0,0.12500875,81.0,0,0.0,0.0
DDOG,2026-08-07,283.1700134277344,P,272.5,0.12500875,502.0,0,0.0,0.0
DDOG,2026-08-07,283.1700134277344,P,275.0,0.12500875,2714.0,0,0.0,0.0
DDOG,2026-08-07,283.1700134277344,P,277.5,0.062509375,13.0,0,0.0,0.0
DDOG,2026-08-07,283.1700134277344,P,280.0,0.0312596875,915.0,0,0.0,0.0
DDOG,2026-08-07,283.1700134277344,P,282.5,0.007822421875,27.0,0,0.0,0.0
DDOG,2026-08-07,283.1700134277344,P,285.0,1.0000000000000003e-05,300.0,0,0.0,0.0
DDOG,2026-08-07,283.1700134277344,P,295.0,1.0000000000000003e-05,10.0,0,0.0,0.0
DDOG,2026-08-07,283.1700134277344,P,297.5,1.0000000000000003e-05,,0,0.0,0.0
DDOG,2026-08-07,283.1700134277344,P,300.0,1.0000000000000003e-05,83.0,0,0.0,0.0
DDOG,2026-08-07,283.1700134277344,P,305.0,1.0000000000000003e-05,71.0,0,0.0,0.0
DDOG,2026-08-07,283.1700134277344,P,320.0,1.0000000000000003e-05,1.0,0,0.0,0.0
DDOG,2026-08-07,283.1700134277344,P,325.0,1.0000000000000003e-05,1.0,0,0.0,0.0
DDOG,2026-08-07,283.1700134277344,P,330.0,1.0000000000000003e-05,10.0,0,0.0,0.0
DDOG,2026-08-07,283.1700134277344,P,335.0,1.0000000000000003e-05,5.0,0,0.0,0.0
DDOG,2026-08-07,283.1700134277344,P,340.0,1.0000000000000003e-05,10.0,0,0.0,0.0
DDOG,2026-08-07,283.1700134277344,P,342.5,1.0000000000000003e-05,,0,0.0,0.0
DDOG,2026-08-07,283.1700134277344,P,345.0,1.0000000000000003e-05,,0,0.0,0.0
DDOG,2026-08-07,283.1700134277344,P,350.0,1.0000000000000003e-05,1.0,0,0.0,0.0
DDOG,2026-08-07,283.1700134277344,P,360.0,1.0000000000000003e-05,1.0,0,0.0,0.0
TIGO,2026-08-21,91.79000091552734,C,70.0,1.0000000000000003e-05,1.0,0,0.0,0.0
TIGO,2026-08-21,91.79000091552734,C,80.0,1.0000000000000003e-05,3.0,0,0.0,0.0
TIGO,2026-08-21,91.79000091552734,C,85.0,1.0000000000000003e-05,15.0,0,0.0,0.0
TIGO,2026-08-21,91.79000091552734,C,90.0,1.0000000000000003e-05,40.0,0,0.0,0.0
TIGO,2026-08-21,91.79000091552734,C,95.0,0.0312596875,108.0,0,0.0,0.0
TIGO,2026-08-21,91.79000091552734,C,100.0,0.12500875,133.0,0,0.0,0.0
TIGO,2026-08-21,91.79000091552734,C,105.0,0.12500875,1.0,0,0.0,0.0
TIGO,2026-08-21,91.79000091552734,C,110.0,0.2500075,11.0,0,0.0,0.0
TIGO,2026-08-21,91.79000091552734,C,115.0,0.2500075,3.0,0,0.0,0.0
TIGO,2026-08-21,91.79000091552734,C,120.0,0.2500075,1.0,0,0.0,0.0
TIGO,2026-08-21,91.79000091552734,C,125.0,0.2500075,,0,0.0,0.0
TIGO,2026-08-21,91.79000091552734,P,50.0,2.080082924804687,,10,0.0,2.15
TIGO,2026-08-21,91.79000091552734,P,65.0,0.2500075,1.0,0,0.0,0.0
TIGO,2026-08-21,91.79000091552734,P,70.0,0.2500075,1.0,0,0.0,0.0
TIGO,2026-08-21,91.79000091552734,P,75.0,0.2500075,4.0,0,0.0,0.0
TIGO,2026-08-21,91.79000091552734,P,80.0,0.12500875,1.0,0,0.0,0.0
TIGO,2026-08-21,91.79000091552734,P,85.0,0.062509375,3.0,0,0.0,0.0
TIGO,2026-08-21,91.79000091552734,P,90.0,0.0312596875,40.0,0,0.0,0.0
TIGO,2026-08-21,91.79000091552734,P,95.0,1.0000000000000003e-05,3.0,0,0.0,0.0
TIGO,2026-08-21,91.79000091552734,P,100.0,1.0000000000000003e-05,10.0,0,0.0,0.0
ARLO,2026-08-21,15.930000305175781,C,5.0,1.0000000000000003e-05,2.0,0,0.0,0.0
ARLO,2026-08-21,15.930000305175781,C,6.0,1.0000000000000003e-05,2.0,0,0.0,0.0
ARLO,2026-08-21,15.930000305175781,C,7.0,1.0000000000000003e-05,2.0,0,0.0,0.0
ARLO,2026-08-21,15.930000305175781,C,8.0,1.0000000000000003e-05,2.0,0,0.0,0.0
ARLO,2026-08-21,15.930000305175781,C,9.0,1.0000000000000003e-05,2.0,0,0.0,0.0
ARLO,2026-08-21,15.930000305175781,C,10.0,1.0000000000000003e-05,2.0,0,0.0,0.0
ARLO,2026-08-21,15.930000305175781,C,12.0,1.0000000000000003e-05,40.0,0,0.0,0.0
ARLO,2026-08-21,15.930000305175781,C,13.0,1.0000000000000003e-05,5.0,0,0.0,0.0
ARLO,2026-08-21,15.930000305175781,C,14.0,1.0000000000000003e-05,2.0,0,0.0,0.0
ARLO,2026-08-21,15.930000305175781,C,15.0,1.0000000000000003e-05,21.0,0,0.0,0.0
ARLO,2026-08-21,15.930000305175781,C,16.0,0.007822421875,9.0,0,0.0,0.0
ARLO,2026-08-21,15.930000305175781,C,17.0,0.12500875,3.0,0,0.0,0.0
ARLO,2026-08-21,15.930000305175781,C,19.0,0.2500075,38.0,0,0.0,0.0
ARLO,2026-08-21,15.930000305175781,P,5.0,0.500005,,0,0.0,0.0
ARLO,2026-08-21,15.930000305175781,P,11.0,0.500005,,0,0.0,0.0
ARLO,2026-08-21,15.930000305175781,P,12.0,0.2500075,1.0,0,0.0,0.0
ARLO,2026-08-21,15.930000305175781,P,13.0,0.2500075,10.0,0,0.0,0.0
ARLO,2026-08-21,15.930000305175781,P,15.0,0.062509375,1.0,0,0.0,0.0
ARLO,2026-08-21,15.930000305175781,P,17.0,1.0000000000000003e-05,,0,0.0,0.0
ARLO,2026-08-21,15.930000305175781,P,18.0,1.0000000000000003e-05,4.0,0,0.0,0.0
ARLO,2026-08-21,15.930000305175781,P,19.0,1.0000000000000003e-05,2.0,0,0.0,0.0
ARLO,2026-08-21,15.930000305175781,P,20.0,1.0000000000000003e-05,4.0,0,0.0,0.0
ARLO,2026-08-21,15.930000305175781,P,21.0,1.0000000000000003e-05,6.0,0,0.0,0.0
NVAX,2026-08-07,7.699999809265137,C,3.0,1.0000000000000003e-05,2,0,0.0,0.0
NVAX,2026-08-07,7.699999809265137,C,4.0,1.0000000000000003e-05,5,0,0.0,0.0
NVAX,2026-08-07,7.699999809265137,C,4.5,1.0000000000000003e-05,7,0,0.0,0.0
NVAX,2026-08-07,7.699999809265137,C,5.0,1.0000000000000003e-05,4,0,0.0,0.0
NVAX,2026-08-07,7.699999809265137,C,7.0,1.0000000000000003e-05,3,0,0.0,0.0
NVAX,2026-08-07,7.699999809265137,C,7.5,1.0000000000000003e-05,160,0,0.0,0.0
NVAX,2026-08-07,7.699999809265137,C,8.0,0.12500875,1310,0,0.0,0.0
NVAX,2026-08-07,7.699999809265137,C,8.5,0.500005,111,0,0.0,0.0
NVAX,2026-08-07,7.699999809265137,C,9.0,0.500005,248,0,0.0,0.0
NVAX,2026-08-07,7.699999809265137,C,9.5,0.500005,59,0,0.0,0.0
NVAX,2026-08-07,7.699999809265137,C,10.0,0.500005,92,0,0.0,0.0
NVAX,2026-08-07,7.699999809265137,C,10.5,0.500005,54,0,0.0,0.0
NVAX,2026-08-07,7.699999809265137,C,11.0,0.500005,54,0,0.0,0.0
NVAX,2026-08-07,7.699999809265137,C,11.5,0.500005,2,0,0.0,0.0
NVAX,2026-08-07,7.699999809265137,C,12.0,0.500005,1,0,0.0,0.0
NVAX,2026-08-07,7.699999809265137,C,12.5,0.500005,2,0,0.0,0.0
NVAX,2026-08-07,7.699999809265137,C,13.0,0.500005,2,0,0.0,0.0
NVAX,2026-08-07,7.699999809265137,C,13.5,0.500005,2,0,0.0,0.0
NVAX,2026-08-07,7.699999809265137,C,14.0,0.500005,20,0,0.0,0.0
NVAX,2026-08-07,7.699999809265137,C,14.5,0.500005,2,0,0.0,0.0
NVAX,2026-08-07,7.699999809265137,C,15.0,0.500005,2,0,0.0,0.0
NVAX,2026-08-07,7.699999809265137,C,19.0,0.500005,1,0,0.0,0.0
NVAX,2026-08-07,7.699999809265137,P,3.0,0.500005,1,0,0.0,0.0
NVAX,2026-08-07,7.699999809265137,P,4.0,0.500005,6,0,0.0,0.0
NVAX,2026-08-07,7.699999809265137,P,5.0,0.500005,18,0,0.0,0.0
NVAX,2026-08-07,7.699999809265137,P,5.5,0.500005,25,0,0.0,0.0
NVAX,2026-08-07,7.699999809265137,P,6.0,0.500005,10,0,0.0,0.0
NVAX,2026-08-07,7.699999809265137,P,6.5,0.500005,85,0,0.0,0.0
NVAX,2026-08-07,7.699999809265137,P,7.0,0.500005,116,0,0.0,0.0
NVAX,2026-08-07,7.699999809265137,P,7.5,0.12500875,100,0,0.0,0.0
NVAX,2026-08-07,7.699999809265137,P,8.0,1.0000000000000003e-05,135,0,0.0,0.0
NVAX,2026-08-07,7.699999809265137,P,8.5,1.0000000000000003e-05,1,0,0.0,0.0
NVAX,2026-08-07,7.699999809265137,P,9.0,1.0000000000000003e-05,21,0,0.0,0.0
NVAX,2026-08-07,7.699999809265137,P,10.0,1.0000000000000003e-05,3,0,0.0,0.0
NVAX,2026-08-07,7.699999809265137,P,10.5,1.0000000000000003e-05,2,0,0.0,0.0
NVAX,2026-08-07,7.699999809265137,P,14.0,1.0000000000000003e-05,3,0,0.0,0.0
TWLO,2026-08-07,193.22000122070312,C,115.0,1.0000000000000003e-05,1.0,0,0.0,0.0
TWLO,2026-08-07,193.22000122070312,C,120.0,1.0000000000000003e-05,10.0,0,0.0,0.0
TWLO,2026-08-07,193.22000122070312,C,125.0,1.0000000000000003e-05,,0,0.0,0.0
TWLO,2026-08-07,193.22000122070312,C,130.0,1.0000000000000003e-05,1.0,0,0.0,0.0
TWLO,2026-08-07,193.22000122070312,C,135.0,1.0000000000000003e-05,,0,0.0,0.0
TWLO,2026-08-07,193.22000122070312,C,140.0,1.0000000000000003e-05,4.0,0,0.0,0.0
TWLO,2026-08-07,193.22000122070312,C,150.0,1.0000000000000003e-05,4.0,0,0.0,0.0
TWLO,2026-08-07,193.22000122070312,C,155.0,1.0000000000000003e-05,2.0,0,0.0,0.0
TWLO,2026-08-07,193.22000122070312,C,160.0,1.0000000000000003e-05,1.0,0,0.0,0.0
TWLO,2026-08-07,193.22000122070312,C,165.0,1.0000000000000003e-05,2.0,0,0.0,0.0
TWLO,2026-08-07,193.22000122070312,C,167.5,1.0000000000000003e-05,1.0,0,0.0,0.0
TWLO,2026-08-07,193.22000122070312,C,170.0,1.0000000000000003e-05,2.0,0,0.0,0.0
TWLO,2026-08-07,193.22000122070312,C,177.5,1.0000000000000003e-05,,0,0.0,0.0
TWLO,2026-08-07,193.22000122070312,C,180.0,1.0000000000000003e-05,1.0,0,0.0,0.0
TWLO,2026-08-07,193.22000122070312,C,185.0,1.0000000000000003e-05,1.0,0,0.0,0.0
TWLO,2026-08-07,193.22000122070312,C,187.5,1.0000000000000003e-05,2.0,0,0.0,0.0
TWLO,2026-08-07,193.22000122070312,C,190.0,1.0000000000000003e-05,6.0,0,0.0,0.0
TWLO,2026-08-07,193.22000122070312,C,192.5,1.0000000000000003e-05,5.0,0,0.0,0.0
TWLO,2026-08-07,193.22000122070312,C,195.0,0.0312596875,14.0,0,0.0,0.0
TWLO,2026-08-07,193.22000122070312,C,197.5,0.062509375,6.0,0,0.0,0.0
TWLO,2026-08-07,193.22000122070312,C,200.0,0.12500875,18.0,0,0.0,0.0
TWLO,2026-08-07,193.22000122070312,C,202.5,0.12500875,1.0,0,0.0,0.0
TWLO,2026-08-07,193.22000122070312,C,205.0,0.2500075,5.0,0,0.0,0.0
TWLO,2026-08-07,193.22000122070312,C,207.5,0.2500075,1.0,0,0.0,0.0
TWLO,2026-08-07,193.22000122070312,C,210.0,0.2500075,8.0,0,0.0,0.0
TWLO,2026-08-07,193.22000122070312,C,212.5,0.2500075,22.0,0,0.0,0.0
TWLO,2026-08-07,193.22000122070312,C,215.0,0.2500075,140.0,0,0.0,0.0
TWLO,2026-08-07,193.22000122070312,C,217.5,0.2500075,2.0,0,0.0,0.0
TWLO,2026-08-07,193.22000122070312,C,220.0,0.500005,23.0,0,0.0,0.0
TWLO,2026-08-07,193.22000122070312,C,222.5,0.500005,2.0,0,0.0,0.0
TWLO,2026-08-07,193.22000122070312,C,225.0,0.500005,3.0,0,0.0,0.0
TWLO,2026-08-07,193.22000122070312,C,227.5,0.500005,11.0,0,0.0,0.0
TWLO,2026-08-07,193.22000122070312,C,230.0,0.500005,6.0,0,0.0,0.0
TWLO,2026-08-07,193.22000122070312,C,232.5,0.500005,1.0,0,0.0,0.0
TWLO,2026-08-07,193.22000122070312,C,235.0,0.500005,40.0,0,0.0,0.0
TWLO,2026-08-07,193.22000122070312,C,240.0,0.500005,1.0,0,0.0,0.0
TWLO,2026-08-07,193.22000122070312,C,245.0,0.500005,78.0,0,0.0,0.0
TWLO,2026-08-07,193.22000122070312,C,247.5,0.500005,13.0,0,0.0,0.0
TWLO,2026-08-07,193.22000122070312,C,250.0,0.500005,2.0,0,0.0,0.0
TWLO,2026-08-07,193.22000122070312,C,255.0,0.500005,35.0,0,0.0,0.0
TWLO,2026-08-07,193.22000122070312,C,260.0,0.500005,1.0,0,0.0,0.0
TWLO,2026-08-07,193.22000122070312,C,265.0,0.500005,2.0,0,0.0,0.0
TWLO,2026-08-07,193.22000122070312,C,270.0,0.500005,31.0,0,0.0,0.0
TWLO,2026-08-07,193.22000122070312,C,275.0,0.500005,11.0,0,0.0,0.0
TWLO,2026-08-07,193.22000122070312,C,280.0,0.500005,1.0,0,0.0,0.0
TWLO,2026-08-07,193.22000122070312,C,285.0,0.500005,1.0,0,0.0,0.0
TWLO,2026-08-07,193.22000122070312,P,120.0,0.500005,,0,0.0,0.0
TWLO,2026-08-07,193.22000122070312,P,125.0,0.500005,,0,0.0,0.0
TWLO,2026-08-07,193.22000122070312,P,130.0,0.500005,23.0,0,0.0,0.0
TWLO,2026-08-07,193.22000122070312,P,135.0,0.500005,10.0,0,0.0,0.0
TWLO,2026-08-07,193.22000122070312,P,140.0,0.500005,8.0,0,0.0,0.0
TWLO,2026-08-07,193.22000122070312,P,144.0,0.500005,,0,0.0,0.0
TWLO,2026-08-07,193.22000122070312,P,145.0,0.500005,10.0,0,0.0,0.0
TWLO,2026-08-07,193.22000122070312,P,150.0,0.500005,27.0,0,0.0,0.0
TWLO,2026-08-07,193.22000122070312,P,152.5,0.500005,,0,0.0,0.0
TWLO,2026-08-07,193.22000122070312,P,155.0,0.500005,1.0,0,0.0,0.0
TWLO,2026-08-07,193.22000122070312,P,157.5,0.500005,2.0,0,0.0,0.0
TWLO,2026-08-07,193.22000122070312,P,160.0,0.500005,18.0,0,0.0,0.0
TWLO,2026-08-07,193.22000122070312,P,165.0,0.500005,23.0,0,0.0,0.0
TWLO,2026-08-07,193.22000122070312,P,167.5,0.500005,25.0,0,0.0,0.0
TWLO,2026-08-07,193.22000122070312,P,170.0,0.500005,11.0,0,0.0,0.0
TWLO,2026-08-07,193.22000122070312,P,172.5,0.2500075,2.0,0,0.0,0.0
TWLO,2026-08-07,193.22000122070312,P,175.0,0.2500075,9.0,0,0.0,0.0
TWLO,2026-08-07,193.22000122070312,P,177.5,0.2500075,21.0,0,0.0,0.0
TWLO,2026-08-07,193.22000122070312,P,180.0,0.2500075,17.0,0,0.0,0.0
TWLO,2026-08-07,193.22000122070312,P,182.5,0.2500075,1.0,0,0.0,0.0
TWLO,2026-08-07,193.22000122070312,P,185.0,0.12500875,4.0,0,0.0,0.0
TWLO,2026-08-07,193.22000122070312,P,187.5,0.12500875,1.0,0,0.0,0.0
TWLO,2026-08-07,193.22000122070312,P,190.0,0.062509375,17.0,0,0.0,0.0
TWLO,2026-08-07,193.22000122070312,P,192.5,0.015634843750000002,7.0,0,0.0,0.0
TWLO,2026-08-07,193.22000122070312,P,195.0,1.0000000000000003e-05,5.0,0,0.0,0.0
TWLO,2026-08-07,193.22000122070312,P,197.5,1.0000000000000003e-05,2.0,0,0.0,0.0
TWLO,2026-08-07,193.22000122070312,P,200.0,1.0000000000000003e-05,1.0,0,0.0,0.0
TWLO,2026-08-07,193.22000122070312,P,202.5,1.0000000000000003e-05,2.0,0,0.0,0.0
TWLO,2026-08-07,193.22000122070312,P,205.0,1.0000000000000003e-05,1.0,0,0.0,0.0
TWLO,2026-08-07,193.22000122070312,P,207.5,1.0000000000000003e-05,1.0,0,0.0,0.0
TWLO,2026-08-07,193.22000122070312,P,210.0,1.0000000000000003e-05,1.0,0,0.0,0.0
TWLO,2026-08-07,193.22000122070312,P,212.5,1.0000000000000003e-05,1.0,0,0.0,0.0
TWLO,2026-08-07,193.22000122070312,P,215.0,1.0000000000000003e-05,5.0,0,0.0,0.0
TWLO,2026-08-07,193.22000122070312,P,220.0,1.0000000000000003e-05,1.0,0,0.0,0.0
TWLO,2026-08-07,193.22000122070312,P,247.5,1.0000000000000003e-05,,0,0.0,0.0
TWLO,2026-08-07,193.22000122070312,P,255.0,1.0000000000000003e-05,,0,0.0,0.0
TWLO,2026-08-07,193.22000122070312,P,265.0,1.0000000000000003e-05,10.0,0,0.0,0.0
TWLO,2026-08-07,193.22000122070312,P,275.0,1.0000000000000003e-05,,0,0.0,0.0
TWLO,2026-08-07,193.22000122070312,P,280.0,1.0000000000000003e-05,1.0,0,0.0,0.0
TWLO,2026-08-07,193.22000122070312,P,285.0,1.0000000000000003e-05,1.0,0,0.0,0.0
GMED,2026-08-21,80.54000091552734,C,72.5,0.37842418457031246,2.0,2,4.8,8.3
GMED,2026-08-21,80.54000091552734,C,75.0,1.0000000000000003e-05,7.0,0,0.0,0.0
GMED,2026-08-21,80.54000091552734,C,77.5,1.0000000000000003e-05,7.0,0,0.0,0.0
GMED,2026-08-21,80.54000091552734,C,80.0,1.0000000000000003e-05,1.0,0,0.0,0.0
GMED,2026-08-21,80.54000091552734,C,82.5,0.0312596875,1.0,0,0.0,0.0
GMED,2026-08-21,80.54000091552734,C,85.0,0.062509375,30.0,0,0.0,0.0
GMED,2026-08-21,80.54000091552734,C,87.5,0.12500875,10.0,0,0.0,0.0
GMED,2026-08-21,80.54000091552734,C,90.0,0.12500875,2.0,0,0.0,0.0
GMED,2026-08-21,80.54000091552734,C,95.0,0.12500875,1.0,0,0.0,0.0
GMED,2026-08-21,80.54000091552734,C,100.0,0.93164130859375,,2,0.0,2.35
GMED,2026-08-21,80.54000091552734,C,110.0,0.2500075,,0,0.0,0.0
GMED,2026-08-21,80.54000091552734,C,115.0,0.500005,2.0,0,0.0,0.0
GMED,2026-08-21,80.54000091552734,P,55.0,0.500005,,0,0.0,0.0
GMED,2026-08-21,80.54000091552734,P,65.0,0.2500075,2.0,0,0.0,0.0
GMED,2026-08-21,80.54000091552734,P,67.5,0.2500075,,0,0.0,0.0
GMED,2026-08-21,80.54000091552734,P,70.0,0.12500875,2.0,0,0.0,0.0
GMED,2026-08-21,80.54000091552734,P,72.5,0.12500875,2.0,0,0.0,0.0
GMED,2026-08-21,80.54000091552734,P,75.0,0.062509375,1.0,0,0.0,0.0
GMED,2026-08-21,80.54000091552734,P,77.5,0.062509375,1.0,0,0.0,0.0
GMED,2026-08-21,80.54000091552734,P,80.0,0.007822421875,1.0,0,0.0,0.0
GMED,2026-08-21,80.54000091552734,P,82.5,1.0000000000000003e-05,,0,0.0,0.0
GMED,2026-08-21,80.54000091552734,P,85.0,1.0000000000000003e-05,,0,0.0,0.0
GMED,2026-08-21,80.54000091552734,P,90.0,1.0000000000000003e-05,1.0,0,0.0,0.0
GMED,2026-08-21,80.54000091552734,P,95.0,1.0000000000000003e-05,3.0,0,0.0,0.0
DMLP,2026-08-21,25.510000228881836,C,12.5,1.0000000000000003e-05,65.0,0,0.0,0.0
DMLP,2026-08-21,25.510000228881836,C,15.0,1.0000000000000003e-05,60.0,0,0.0,0.0
DMLP,2026-08-21,25.510000228881836,C,17.5,1.0000000000000003e-05,,0,0.0,0.0
DMLP,2026-08-21,25.510000228881836,C,20.0,1.0000000000000003e-05,1.0,0,0.0,0.0
DMLP,2026-08-21,25.510000228881836,C,22.5,1.0000000000000003e-05,55.0,0,0.0,0.0
DMLP,2026-08-21,25.510000228881836,C,25.0,1.0000000000000003e-05,2.0,0,0.0,0.0
DMLP,2026-08-21,25.510000228881836,C,30.0,0.2500075,2.0,0,0.0,0.0
DMLP,2026-08-21,25.510000228881836,P,17.5,0.500005,6.0,0,0.0,0.0
DMLP,2026-08-21,25.510000228881836,P,20.0,0.7617211328125001,1.0,7,0.0,0.2
DMLP,2026-08-21,25.510000228881836,P,22.5,0.12500875,5.0,0,0.0,0.0
DMLP,2026-08-21,25.510000228881836,P,25.0,0.0312596875,20.0,0,0.0,0.0
DMLP,2026-08-21,25.510000228881836,P,30.0,1.0000000000000003e-05,19.0,0,0.0,0.0
OUST,2026-08-07,45.119998931884766,C,24.0,1.0000000000000003e-05,100.0,0,0.0,0.0
OUST,2026-08-07,45.119998931884766,C,25.0,1.0000000000000003e-05,1.0,0,0.0,0.0
OUST,2026-08-07,45.119998931884766,C,27.0,1.0000000000000003e-05,21.0,0,0.0,0.0
OUST,2026-08-07,45.119998931884766,C,30.0,1.0000000000000003e-05,176.0,0,0.0,0.0
OUST,2026-08-07,45.119998931884766,C,31.0,1.0000000000000003e-05,10.0,0,0.0,0.0
OUST,2026-08-07,45.119998931884766,C,31.5,1.0000000000000003e-05,6.0,0,0.0,0.0
OUST,2026-08-07,45.119998931884766,C,32.0,1.0000000000000003e-05,6.0,0,0.0,0.0
OUST,2026-08-07,45.119998931884766,C,32.5,1.0000000000000003e-05,3.0,0,0.0,0.0
OUST,2026-08-07,45.119998931884766,C,33.0,1.0000000000000003e-05,3.0,0,0.0,0.0
OUST,2026-08-07,45.119998931884766,C,33.5,1.0000000000000003e-05,5.0,0,0.0,0.0
OUST,2026-08-07,45.119998931884766,C,34.0,1.0000000000000003e-05,7.0,0,0.0,0.0
OUST,2026-08-07,45.119998931884766,C,34.5,1.0000000000000003e-05,3.0,0,0.0,0.0
OUST,2026-08-07,45.119998931884766,C,35.0,1.0000000000000003e-05,5.0,0,0.0,0.0
OUST,2026-08-07,45.119998931884766,C,35.5,1.0000000000000003e-05,6.0,0,0.0,0.0
OUST,2026-08-07,45.119998931884766,C,36.0,1.0000000000000003e-05,7.0,0,0.0,0.0
OUST,2026-08-07,45.119998931884766,C,36.5,1.0000000000000003e-05,1.0,0,0.0,0.0
OUST,2026-08-07,45.119998931884766,C,37.0,1.0000000000000003e-05,7.0,0,0.0,0.0
OUST,2026-08-07,45.119998931884766,C,37.5,1.0000000000000003e-05,1.0,0,0.0,0.0
OUST,2026-08-07,45.119998931884766,C,38.0,1.0000000000000003e-05,3.0,0,0.0,0.0
OUST,2026-08-07,45.119998931884766,C,38.5,1.0000000000000003e-05,1.0,0,0.0,0.0
OUST,2026-08-07,45.119998931884766,C,39.0,1.0000000000000003e-05,21.0,0,0.0,0.0
OUST,2026-08-07,45.119998931884766,C,39.5,1.0000000000000003e-05,10.0,0,0.0,0.0
OUST,2026-08-07,45.119998931884766,C,40.0,1.0000000000000003e-05,14.0,0,0.0,0.0
OUST,2026-08-07,45.119998931884766,C,40.5,1.0000000000000003e-05,2.0,0,0.0,0.0
OUST,2026-08-07,45.119998931884766,C,41.0,1.0000000000000003e-05,33.0,0,0.0,0.0
OUST,2026-08-07,45.119998931884766,C,41.5,1.0000000000000003e-05,11.0,0,0.0,0.0
OUST,2026-08-07,45.119998931884766,C,42.0,1.0000000000000003e-05,9.0,0,0.0,0.0
OUST,2026-08-07,45.119998931884766,C,42.5,1.0000000000000003e-05,1.0,0,0.0,0.0
OUST,2026-08-07,45.119998931884766,C,43.0,1.0000000000000003e-05,2.0,0,0.0,0.0
OUST,2026-08-07,45.119998931884766,C,43.5,1.0000000000000003e-05,3.0,0,0.0,0.0
OUST,2026-08-07,45.119998931884766,C,44.0,1.0000000000000003e-05,4.0,0,0.0,0.0
OUST,2026-08-07,45.119998931884766,C,44.5,1.0000000000000003e-05,1.0,0,0.0,0.0
OUST,2026-08-07,45.119998931884766,C,45.0,1.0000000000000003e-05,22.0,0,0.0,0.0
OUST,2026-08-07,45.119998931884766,C,45.5,0.0312596875,16.0,0,0.0,0.0
OUST,2026-08-07,45.119998931884766,C,46.0,0.062509375,56.0,0,0.0,0.0
OUST,2026-08-07,45.119998931884766,C,47.0,0.12500875,34.0,0,0.0,0.0
OUST,2026-08-07,45.119998931884766,C,48.0,0.2500075,41.0,0,0.0,0.0
OUST,2026-08-07,45.119998931884766,C,49.0,0.2500075,6.0,0,0.0,0.0
OUST,2026-08-07,45.119998931884766,C,50.0,0.2500075,201.0,0,0.0,0.0
OUST,2026-08-07,45.119998931884766,C,51.0,0.500005,24.0,0,0.0,0.0
OUST,2026-08-07,45.119998931884766,C,52.0,0.500005,129.0,0,0.0,0.0
OUST,2026-08-07,45.119998931884766,C,53.0,0.500005,5.0,0,0.0,0.0
OUST,2026-08-07,45.119998931884766,C,54.0,0.500005,7.0,0,0.0,0.0
OUST,2026-08-07,45.119998931884766,C,55.0,0.500005,59.0,0,0.0,0.0
OUST,2026-08-07,45.119998931884766,C,56.0,0.500005,3.0,0,0.0,0.0
OUST,2026-08-07,45.119998931884766,C,57.0,0.500005,2.0,0,0.0,0.0
OUST,2026-08-07,45.119998931884766,C,58.0,0.500005,8.0,0,0.0,0.0
OUST,2026-08-07,45.119998931884766,C,59.0,0.500005,1.0,0,0.0,0.0
OUST,2026-08-07,45.119998931884766,C,60.0,0.500005,47.0,0,0.0,0.0
OUST,2026-08-07,45.119998931884766,C,61.0,0.500005,1.0,0,0.0,0.0
OUST,2026-08-07,45.119998931884766,C,62.0,0.500005,7.0,0,0.0,0.0
OUST,2026-08-07,45.119998931884766,C,63.0,0.500005,6.0,0,0.0,0.0
OUST,2026-08-07,45.119998931884766,C,64.0,0.500005,6.0,0,0.0,0.0
OUST,2026-08-07,45.119998931884766,C,65.0,0.500005,28.0,0,0.0,0.0
OUST,2026-08-07,45.119998931884766,C,66.0,0.500005,8.0,0,0.0,0.0
OUST,2026-08-07,45.119998931884766,C,67.0,0.500005,10.0,0,0.0,0.0
OUST,2026-08-07,45.119998931884766,C,68.0,0.500005,1.0,0,0.0,0.0
OUST,2026-08-07,45.119998931884766,C,69.0,0.500005,3.0,0,0.0,0.0
OUST,2026-08-07,45.119998931884766,C,70.0,0.500005,105.0,0,0.0,0.0
OUST,2026-08-07,45.119998931884766,C,71.0,0.500005,1.0,0,0.0,0.0
OUST,2026-08-07,45.119998931884766,C,72.0,0.500005,8.0,0,0.0,0.0
OUST,2026-08-07,45.119998931884766,C,73.0,0.500005,1.0,0,0.0,0.0
OUST,2026-08-07,45.119998931884766,C,75.0,0.500005,3.0,0,0.0,0.0
OUST,2026-08-07,45.119998931884766,C,80.0,0.500005,1.0,0,0.0,0.0
OUST,2026-08-07,45.119998931884766,C,85.0,0.500005,5.0,0,0.0,0.0
OUST,2026-08-07,45.119998931884766,C,90.0,0.500005,1.0,0,0.0,0.0
OUST,2026-08-07,45.119998931884766,C,95.0,0.500005,1.0,0,0.0,0.0
OUST,2026-08-07,45.119998931884766,P,20.5,0.500005,4.0,0,0.0,0.0
OUST,2026-08-07,45.119998931884766,P,21.0,0.500005,6.0,0,0.0,0.0
OUST,2026-08-07,45.119998931884766,P,21.5,0.500005,,0,0.0,0.0
OUST,2026-08-07,45.119998931884766,P,22.0,0.500005,,0,0.0,0.0
OUST,2026-08-07,45.119998931884766,P,22.5,0.500005,3.0,0,0.0,0.0
OUST,2026-08-07,45.119998931884766,P,23.0,0.500005,1.0,0,0.0,0.0
OUST,2026-08-07,45.119998931884766,P,23.5,0.500005,2.0,0,0.0,0.0
OUST,2026-08-07,45.119998931884766,P,24.0,0.500005,5.0,0,0.0,0.0
OUST,2026-08-07,45.119998931884766,P,24.5,0.500005,1.0,0,0.0,0.0
OUST,2026-08-07,45.119998931884766,P,25.0,1.000005,1.0,0,0.0,0.0
OUST,2026-08-07,45.119998931884766,P,25.5,0.500005,9.0,0,0.0,0.0
OUST,2026-08-07,45.119998931884766,P,26.0,0.500005,13.0,0,0.0,0.0
OUST,2026-08-07,45.119998931884766,P,26.5,0.500005,5.0,0,0.0,0.0
OUST,2026-08-07,45.119998931884766,P,27.0,0.500005,7.0,0,0.0,0.0
OUST,2026-08-07,45.119998931884766,P,27.5,0.500005,6.0,0,0.0,0.0
OUST,2026-08-07,45.119998931884766,P,28.0,0.500005,2.0,0,0.0,0.0
OUST,2026-08-07,45.119998931884766,P,28.5,0.500005,14.0,0,0.0,0.0
OUST,2026-08-07,45.119998931884766,P,29.0,0.500005,1.0,0,0.0,0.0
OUST,2026-08-07,45.119998931884766,P,29.5,0.500005,14.0,0,0.0,0.0
OUST,2026-08-07,45.119998931884766,P,30.0,0.500005,17.0,0,0.0,0.0
OUST,2026-08-07,45.119998931884766,P,30.5,0.500005,4.0,0,0.0,0.0
OUST,2026-08-07,45.119998931884766,P,31.0,0.500005,2.0,0,0.0,0.0
OUST,2026-08-07,45.119998931884766,P,31.5,0.500005,13.0,0,0.0,0.0
OUST,2026-08-07,45.119998931884766,P,32.0,0.500005,8.0,0,0.0,0.0
OUST,2026-08-07,45.119998931884766,P,32.5,0.500005,5.0,0,0.0,0.0
OUST,2026-08-07,45.119998931884766,P,33.0,0.500005,8.0,0,0.0,0.0
OUST,2026-08-07,45.119998931884766,P,33.5,0.500005,2.0,0,0.0,0.0
OUST,2026-08-07,45.119998931884766,P,34.0,0.500005,6.0,0,0.0,0.0
OUST,2026-08-07,45.119998931884766,P,34.5,0.500005,1.0,0,0.0,0.0
OUST,2026-08-07,45.119998931884766,P,35.0,0.500005,67.0,0,0.0,0.0
OUST,2026-08-07,45.119998931884766,P,35.5,0.500005,27.0,0,0.0,0.0
OUST,2026-08-07,45.119998931884766,P,36.0,0.500005,11.0,0,0.0,0.0
OUST,2026-08-07,45.119998931884766,P,36.5,0.500005,1.0,0,0.0,0.0
OUST,2026-08-07,45.119998931884766,P,37.0,0.500005,36.0,0,0.0,0.0
OUST,2026-08-07,45.119998931884766,P,37.5,0.500005,53.0,0,0.0,0.0
OUST,2026-08-07,45.119998931884766,P,38.0,0.500005,20.0,0,0.0,0.0
OUST,2026-08-07,45.119998931884766,P,38.5,0.500005,32.0,0,0.0,0.0
OUST,2026-08-07,45.119998931884766,P,39.0,0.500005,21.0,0,0.0,0.0
OUST,2026-08-07,45.119998931884766,P,39.5,0.500005,1.0,0,0.0,0.0
OUST,2026-08-07,45.119998931884766,P,40.0,0.500005,14.0,0,0.0,0.0
OUST,2026-08-07,45.119998931884766,P,40.5,0.500005,1.0,0,0.0,0.0
OUST,2026-08-07,45.119998931884766,P,41.0,0.2500075,17.0,0,0.0,0.0
OUST,2026-08-07,45.119998931884766,P,41.5,0.2500075,5.0,0,0.0,0.0
OUST,2026-08-07,45.119998931884766,P,42.0,0.2500075,22.0,0,0.0,0.0
OUST,2026-08-07,45.119998931884766,P,43.0,0.12500875,5.0,0,0.0,0.0
OUST,2026-08-07,45.119998931884766,P,44.0,0.12500875,158.0,0,0.0,0.0
OUST,2026-08-07,45.119998931884766,P,45.0,0.015634843750000002,29.0,0,0.0,0.0
OUST,2026-08-07,45.119998931884766,P,46.0,1.0000000000000003e-05,23.0,0,0.0,0.0
OUST,2026-08-07,45.119998931884766,P,47.0,1.0000000000000003e-05,5.0,0,0.0,0.0
OUST,2026-08-07,45.119998931884766,P,48.0,1.0000000000000003e-05,2.0,0,0.0,0.0
OUST,2026-08-07,45.119998931884766,P,49.0,1.0000000000000003e-05,1.0,0,0.0,0.0
OUST,2026-08-07,45.119998931884766,P,50.0,1.0000000000000003e-05,3.0,0,0.0,0.0
OUST,2026-08-07,45.119998931884766,P,51.0,1.0000000000000003e-05,,0,0.0,0.0
OUST,2026-08-07,45.119998931884766,P,52.0,1.0000000000000003e-05,2.0,0,0.0,0.0
OUST,2026-08-07,45.119998931884766,P,53.0,1.0000000000000003e-05,10.0,0,0.0,0.0
OUST,2026-08-07,45.119998931884766,P,54.0,1.0000000000000003e-05,1.0,0,0.0,0.0
OUST,2026-08-07,45.119998931884766,P,55.0,1.0000000000000003e-05,4.0,0,0.0,0.0
OUST,2026-08-07,45.119998931884766,P,56.0,1.0000000000000003e-05,1.0,0,0.0,0.0
OUST,2026-08-07,45.119998931884766,P,57.0,1.0000000000000003e-05,,0,0.0,0.0
OUST,2026-08-07,45.119998931884766,P,58.0,1.0000000000000003e-05,1.0,0,0.0,0.0
OUST,2026-08-07,45.119998931884766,P,59.0,1.0000000000000003e-05,1.0,0,0.0,0.0
OUST,2026-08-07,45.119998931884766,P,60.0,1.0000000000000003e-05,1.0,0,0.0,0.0
OUST,2026-08-07,45.119998931884766,P,61.0,1.0000000000000003e-05,,0,0.0,0.0
OUST,2026-08-07,45.119998931884766,P,62.0,1.0000000000000003e-05,,0,0.0,0.0
OUST,2026-08-07,45.119998931884766,P,63.0,1.0000000000000003e-05,,0,0.0,0.0
OUST,2026-08-07,45.119998931884766,P,64.0,1.0000000000000003e-05,,0,0.0,0.0
OUST,2026-08-07,45.119998931884766,P,65.0,1.0000000000000003e-05,,0,0.0,0.0
OUST,2026-08-07,45.119998931884766,P,70.0,1.0000000000000003e-05,,0,0.0,0.0
IBP,2026-08-21,241.50999450683594,C,200.0,1.0000000000000003e-05,,0,0.0,0.0
IBP,2026-08-21,241.50999450683594,C,210.0,1.0000000000000003e-05,1.0,0,0.0,0.0
IBP,2026-08-21,241.50999450683594,C,220.0,1.0000000000000003e-05,,0,0.0,0.0
IBP,2026-08-21,241.50999450683594,C,230.0,1.0000000000000003e-05,5.0,0,0.0,0.0
IBP,2026-08-21,241.50999450683594,C,240.0,1.0000000000000003e-05,1.0,0,0.0,0.0
IBP,2026-08-21,241.50999450683594,C,250.0,0.0312596875,1.0,0,0.0,0.0
IBP,2026-08-21,241.50999450683594,C,260.0,0.062509375,2.0,0,0.0,0.0
IBP,2026-08-21,241.50999450683594,C,270.0,0.12500875,,0,0.0,0.0
IBP,2026-08-21,241.50999450683594,P,155.0,1.491457620849609,,4,0.0,4.2
IBP,2026-08-21,241.50999450683594,P,160.0,1.4121123144531251,,4,0.0,4.3
IBP,2026-08-21,241.50999450683594,P,165.0,0.500005,,0,0.0,0.0
IBP,2026-08-21,241.50999450683594,P,170.0,0.2500075,,0,0.0,0.0
IBP,2026-08-21,241.50999450683594,P,175.0,0.2500075,1.0,0,0.0,0.0
IBP,2026-08-21,241.50999450683594,P,185.0,0.2500075,,0,0.0,0.0
IBP,2026-08-21,241.50999450683594,P,190.0,0.2500075,26.0,0,0.0,0.0
IBP,2026-08-21,241.50999450683594,P,195.0,0.2500075,26.0,0,0.0,0.0
IBP,2026-08-21,241.50999450683594,P,200.0,0.2500075,1.0,0,0.0,0.0
IBP,2026-08-21,241.50999450683594,P,210.0,0.12500875,1200.0,0,0.0,0.0
IBP,2026-08-21,241.50999450683594,P,220.0,0.12500875,1252.0,0,0.0,0.0
FIGS,2026-08-21,10.920000076293945,C,2.5,1.0000000000000003e-05,46,0,0.0,0.0
FIGS,2026-08-21,10.920000076293945,C,7.5,1.0000000000000003e-05,12,0,0.0,0.0
FIGS,2026-08-21,10.920000076293945,C,10.0,1.0000000000000003e-05,1,0,0.0,0.0
FIGS,2026-08-21,10.920000076293945,C,12.5,0.2500075,8,0,0.0,0.0
FIGS,2026-08-21,10.920000076293945,C,15.0,0.500005,1,0,0.0,0.0
FIGS,2026-08-21,10.920000076293945,C,20.0,0.500005,1,0,0.0,0.0
FIGS,2026-08-21,10.920000076293945,P,7.5,0.500005,8,0,0.0,0.0
FIGS,2026-08-21,10.920000076293945,P,10.0,0.12500875,6,0,0.0,0.0
FIGS,2026-08-21,10.920000076293945,P,12.5,1.0000000000000003e-05,2,0,0.0,0.0
OSCR,2026-08-07,30.110000610351562,C,15.0,1.0000000000000003e-05,99.0,0,0.0,0.0
OSCR,2026-08-07,30.110000610351562,C,19.0,1.0000000000000003e-05,100.0,0,0.0,0.0
OSCR,2026-08-07,30.110000610351562,C,20.0,1.0000000000000003e-05,5.0,0,0.0,0.0
OSCR,2026-08-07,30.110000610351562,C,20.5,1.0000000000000003e-05,23.0,0,0.0,0.0
OSCR,2026-08-07,30.110000610351562,C,21.0,1.0000000000000003e-05,30.0,0,0.0,0.0
OSCR,2026-08-07,30.110000610351562,C,22.0,1.0000000000000003e-05,20.0,0,0.0,0.0
OSCR,2026-08-07,30.110000610351562,C,23.0,1.0000000000000003e-05,5.0,0,0.0,0.0
OSCR,2026-08-07,30.110000610351562,C,24.0,1.0000000000000003e-05,5.0,0,0.0,0.0
OSCR,2026-08-07,30.110000610351562,C,25.0,1.0000000000000003e-05,3.0,0,0.0,0.0
OSCR,2026-08-07,30.110000610351562,C,25.5,1.0000000000000003e-05,50.0,0,0.0,0.0
OSCR,2026-08-07,30.110000610351562,C,26.0,1.0000000000000003e-05,2.0,0,0.0,0.0
OSCR,2026-08-07,30.110000610351562,C,26.5,1.0000000000000003e-05,,0,0.0,0.0
OSCR,2026-08-07,30.110000610351562,C,27.0,1.0000000000000003e-05,1.0,0,0.0,0.0
OSCR,2026-08-07,30.110000610351562,C,27.5,1.0000000000000003e-05,464.0,0,0.0,0.0
OSCR,2026-08-07,30.110000610351562,C,28.0,1.0000000000000003e-05,15.0,0,0.0,0.0
OSCR,2026-08-07,30.110000610351562,C,28.5,1.0000000000000003e-05,3.0,0,0.0,0.0
OSCR,2026-08-07,30.110000610351562,C,29.0,1.0000000000000003e-05,82.0,0,0.0,0.0
OSCR,2026-08-07,30.110000610351562,C,29.5,1.0000000000000003e-05,29.0,0,0.0,0.0
OSCR,2026-08-07,30.110000610351562,C,30.0,1.0000000000000003e-05,513.0,0,0.0,0.0
OSCR,2026-08-07,30.110000610351562,C,30.5,0.062509375,435.0,0,0.0,0.0
OSCR,2026-08-07,30.110000610351562,C,31.0,0.12500875,860.0,0,0.0,0.0
OSCR,2026-08-07,30.110000610351562,C,31.5,0.12500875,163.0,0,0.0,0.0
OSCR,2026-08-07,30.110000610351562,C,32.0,0.2500075,1348.0,0,0.0,0.0
OSCR,2026-08-07,30.110000610351562,C,32.5,0.2500075,27.0,0,0.0,0.0
OSCR,2026-08-07,30.110000610351562,C,33.0,0.2500075,123.0,0,0.0,0.0
OSCR,2026-08-07,30.110000610351562,C,33.5,0.500005,1095.0,0,0.0,0.0
OSCR,2026-08-07,30.110000610351562,C,34.0,0.500005,1037.0,0,0.0,0.0
OSCR,2026-08-07,30.110000610351562,C,34.5,0.500005,531.0,0,0.0,0.0
OSCR,2026-08-07,30.110000610351562,C,35.0,0.500005,11552.0,0,0.0,0.0
OSCR,2026-08-07,30.110000610351562,C,35.5,0.500005,523.0,0,0.0,0.0
OSCR,2026-08-07,30.110000610351562,C,36.0,0.500005,273.0,0,0.0,0.0
OSCR,2026-08-07,30.110000610351562,C,36.5,0.500005,25.0,0,0.0,0.0
OSCR,2026-08-07,30.110000610351562,C,37.0,0.500005,151.0,0,0.0,0.0
OSCR,2026-08-07,30.110000610351562,C,37.5,0.500005,1.0,0,0.0,0.0
OSCR,2026-08-07,30.110000610351562,C,38.0,0.500005,46.0,0,0.0,0.0
OSCR,2026-08-07,30.110000610351562,C,38.5,0.500005,25.0,0,0.0,0.0
OSCR,2026-08-07,30.110000610351562,C,39.0,0.500005,9.0,0,0.0,0.0
OSCR,2026-08-07,30.110000610351562,C,39.5,0.500005,1.0,0,0.0,0.0
OSCR,2026-08-07,30.110000610351562,C,40.0,0.500005,342.0,0,0.0,0.0
OSCR,2026-08-07,30.110000610351562,C,41.0,0.500005,3.0,0,0.0,0.0
OSCR,2026-08-07,30.110000610351562,C,42.0,0.500005,53.0,0,0.0,0.0
OSCR,2026-08-07,30.110000610351562,C,43.0,0.500005,2.0,0,0.0,0.0
OSCR,2026-08-07,30.110000610351562,C,44.0,0.500005,1.0,0,0.0,0.0
OSCR,2026-08-07,30.110000610351562,C,45.0,0.500005,2.0,0,0.0,0.0
OSCR,2026-08-07,30.110000610351562,C,46.0,0.500005,2.0,0,0.0,0.0
OSCR,2026-08-07,30.110000610351562,C,47.0,0.500005,6.0,0,0.0,0.0
OSCR,2026-08-07,30.110000610351562,P,20.0,0.500005,10.0,0,0.0,0.0
OSCR,2026-08-07,30.110000610351562,P,20.5,0.500005,34.0,0,0.0,0.0
OSCR,2026-08-07,30.110000610351562,P,21.0,0.500005,2.0,0,0.0,0.0
OSCR,2026-08-07,30.110000610351562,P,21.5,0.500005,3.0,0,0.0,0.0
OSCR,2026-08-07,30.110000610351562,P,22.0,0.500005,2.0,0,0.0,0.0
OSCR,2026-08-07,30.110000610351562,P,22.5,0.500005,27.0,0,0.0,0.0
OSCR,2026-08-07,30.110000610351562,P,23.0,0.500005,1.0,0,0.0,0.0
OSCR,2026-08-07,30.110000610351562,P,23.5,0.500005,361.0,0,0.0,0.0
OSCR,2026-08-07,30.110000610351562,P,24.0,0.500005,30.0,0,0.0,0.0
OSCR,2026-08-07,30.110000610351562,P,24.5,0.500005,12.0,0,0.0,0.0
OSCR,2026-08-07,30.110000610351562,P,25.0,0.500005,690.0,0,0.0,0.0
OSCR,2026-08-07,30.110000610351562,P,25.5,0.500005,37.0,0,0.0,0.0
OSCR,2026-08-07,30.110000610351562,P,26.0,0.500005,221.0,0,0.0,0.0
OSCR,2026-08-07,30.110000610351562,P,26.5,0.500005,28.0,0,0.0,0.0
OSCR,2026-08-07,30.110000610351562,P,27.0,0.500005,219.0,0,0.0,0.0
OSCR,2026-08-07,30.110000610351562,P,27.5,0.2500075,1034.0,0,0.0,0.0
OSCR,2026-08-07,30.110000610351562,P,28.0,0.2500075,169.0,0,0.0,0.0
OSCR,2026-08-07,30.110000610351562,P,28.5,0.2500075,5.0,0,0.0,0.0
OSCR,2026-08-07,30.110000610351562,P,29.0,0.12500875,108.0,0,0.0,0.0
OSCR,2026-08-07,30.110000610351562,P,29.5,0.062509375,4.0,0,0.0,0.0
OSCR,2026-08-07,30.110000610351562,P,30.0,0.015634843750000002,450.0,0,0.0,0.0
OSCR,2026-08-07,30.110000610351562,P,30.5,1.0000000000000003e-05,241.0,0,0.0,0.0
OSCR,2026-08-07,30.110000610351562,P,31.0,1.0000000000000003e-05,81.0,0,0.0,0.0
OSCR,2026-08-07,30.110000610351562,P,31.5,1.0000000000000003e-05,1.0,0,0.0,0.0
OSCR,2026-08-07,30.110000610351562,P,32.0,1.0000000000000003e-05,1.0,0,0.0,0.0
OSCR,2026-08-07,30.110000610351562,P,32.5,1.0000000000000003e-05,8.0,0,0.0,0.0
OSCR,2026-08-07,30.110000610351562,P,33.0,1.0000000000000003e-05,4.0,0,0.0,0.0
OSCR,2026-08-07,30.110000610351562,P,34.0,1.0000000000000003e-05,4.0,0,0.0,0.0
OSCR,2026-08-07,30.110000610351562,P,37.0,1.0000000000000003e-05,1.0,0,0.0,0.0
OSCR,2026-08-07,30.110000610351562,P,42.0,1.0000000000000003e-05,1.0,0,0.0,0.0
OSCR,2026-08-07,30.110000610351562,P,43.0,1.0000000000000003e-05,2.0,0,0.0,0.0
OSCR,2026-08-07,30.110000610351562,P,45.0,1.0000000000000003e-05,1.0,0,0.0,0.0
OSCR,2026-08-07,30.110000610351562,P,46.0,1.0000000000000003e-05,2.0,0,0.0,0.0
WMS,2026-08-21,149.58999633789062,C,135.0,1.0000000000000003e-05,,0,0.0,0.0
WMS,2026-08-21,149.58999633789062,C,140.0,1.0000000000000003e-05,5.0,0,0.0,0.0
WMS,2026-08-21,149.58999633789062,C,145.0,1.0000000000000003e-05,6.0,0,0.0,0.0
WMS,2026-08-21,149.58999633789062,C,150.0,0.0039162109375,25.0,0,0.0,0.0
WMS,2026-08-21,149.58999633789062,C,155.0,0.0312596875,2.0,0,0.0,0.0
WMS,2026-08-21,149.58999633789062,C,160.0,0.062509375,1.0,0,0.0,0.0
WMS,2026-08-21,149.58999633789062,C,165.0,0.12500875,1.0,0,0.0,0.0
WMS,2026-08-21,149.58999633789062,C,170.0,0.12500875,7.0,0,0.0,0.0
WMS,2026-08-21,149.58999633789062,C,175.0,0.12500875,5.0,0,0.0,0.0
WMS,2026-08-21,149.58999633789062,C,180.0,0.2500075,,0,0.0,0.0
WMS,2026-08-21,149.58999633789062,C,185.0,0.2500075,1.0,0,0.0,0.0
WMS,2026-08-21,149.58999633789062,C,190.0,0.2500075,1.0,0,0.0,0.0
WMS,2026-08-21,149.58999633789062,C,195.0,0.2500075,1.0,0,0.0,0.0
WMS,2026-08-21,149.58999633789062,C,200.0,0.9448247705078124,,1,0.0,2.15
WMS,2026-08-21,149.58999633789062,P,90.0,0.500005,1.0,0,0.0,0.0
WMS,2026-08-21,149.58999633789062,P,95.0,0.500005,,0,0.0,0.0
WMS,2026-08-21,149.58999633789062,P,115.0,0.2500075,2.0,0,0.0,0.0
WMS,2026-08-21,149.58999633789062,P,120.0,0.2500075,1.0,0,0.0,0.0
WMS,2026-08-21,149.58999633789062,P,125.0,0.2500075,1.0,0,0.0,0.0
WMS,2026-08-21,149.58999633789062,P,130.0,0.12500875,1.0,0,0.0,0.0
WMS,2026-08-21,149.58999633789062,P,135.0,0.12500875,1.0,0,0.0,0.0
WMS,2026-08-21,149.58999633789062,P,140.0,0.062509375,1103.0,0,0.0,0.0
WMS,2026-08-21,149.58999633789062,P,145.0,0.0312596875,1.0,0,0.0,0.0
WMS,2026-08-21,149.58999633789062,P,150.0,1.0000000000000003e-05,25.0,0,0.0,0.0
PRDO,2026-08-21,33.029998779296875,C,30.0,1.0000000000000003e-05,6,0,0.0,0.0
PRDO,2026-08-21,33.029998779296875,C,35.0,0.062509375,5,0,0.0,0.0
PRDO,2026-08-21,33.029998779296875,C,40.0,0.2500075,1,0,0.0,0.0
PRDO,2026-08-21,33.029998779296875,P,25.0,0.2500075,1,0,0.0,0.0
PRDO,2026-08-21,33.029998779296875,P,30.0,0.12500875,95,0,0.0,0.0
PRDO,2026-08-21,33.029998779296875,P,35.0,1.0000000000000003e-05,1,0,0.0,0.0
PRDO,2026-08-21,33.029998779296875,P,40.0,1.0000000000000003e-05,1,0,0.0,0.0
ESTA,2026-08-21,91.25,C,30.0,1.0000000000000003e-05,,0,0.0,0.0
ESTA,2026-08-21,91.25,C,45.0,1.0000000000000003e-05,10.0,0,0.0,0.0
ESTA,2026-08-21,91.25,C,60.0,1.0000000000000003e-05,20.0,0,0.0,0.0
ESTA,2026-08-21,91.25,C,62.5,1.0000000000000003e-05,1.0,1,14.6,18.3
ESTA,2026-08-21,91.25,C,65.0,1.0000000000000003e-05,1.0,0,0.0,0.0
ESTA,2026-08-21,91.25,C,67.5,1.0000000000000003e-05,10.0,0,0.0,0.0
ESTA,2026-08-21,91.25,C,70.0,1.0000000000000003e-05,10.0,0,0.0,0.0
ESTA,2026-08-21,91.25,C,72.5,1.0000000000000003e-05,1.0,0,0.0,0.0
ESTA,2026-08-21,91.25,C,75.0,1.0000000000000003e-05,13.0,0,0.0,0.0
ESTA,2026-08-21,91.25,C,77.5,1.0000000000000003e-05,5.0,0,0.0,0.0
ESTA,2026-08-21,91.25,C,80.0,1.0000000000000003e-05,50.0,0,0.0,0.0
ESTA,2026-08-21,91.25,C,82.5,0.7514673291015624,1.0,4,7.7,10.9
ESTA,2026-08-21,91.25,C,85.0,1.0000000000000003e-05,50.0,0,0.0,0.0
ESTA,2026-08-21,91.25,C,87.5,1.0000000000000003e-05,5.0,0,0.0,0.0
ESTA,2026-08-21,91.25,C,90.0,1.0000000000000003e-05,1.0,0,0.0,0.0
ESTA,2026-08-21,91.25,C,92.5,0.015634843750000002,8.0,0,0.0,0.0
ESTA,2026-08-21,91.25,C,95.0,0.062509375,50.0,0,0.0,0.0
ESTA,2026-08-21,91.25,C,97.5,0.062509375,9.0,0,0.0,0.0
ESTA,2026-08-21,91.25,C,100.0,0.12500875,515.0,0,0.0,0.0
ESTA,2026-08-21,91.25,C,105.0,0.12500875,780.0,0,0.0,0.0
ESTA,2026-08-21,91.25,C,110.0,0.2500075,557.0,0,0.0,0.0
ESTA,2026-08-21,91.25,C,115.0,0.2500075,1.0,0,0.0,0.0
ESTA,2026-08-21,91.25,C,120.0,0.2500075,1.0,0,0.0,0.0
ESTA,2026-08-21,91.25,C,125.0,0.2500075,,0,0.0,0.0
ESTA,2026-08-21,91.25,P,40.0,0.500005,1.0,0,0.0,0.0
ESTA,2026-08-21,91.25,P,52.5,2.1416062084960936,,3,0.0,3.2
ESTA,2026-08-21,91.25,P,55.0,0.500005,1.0,0,0.0,0.0
ESTA,2026-08-21,91.25,P,57.5,1.673829755859375,1.0,1,0.0,2.2
ESTA,2026-08-21,91.25,P,60.0,0.500005,40.0,0,0.0,0.0
ESTA,2026-08-21,91.25,P,62.5,0.500005,1.0,0,0.0,0.0
ESTA,2026-08-21,91.25,P,65.0,0.2500075,1.0,0,0.0,0.0
ESTA,2026-08-21,91.25,P,70.0,0.2500075,,0,0.0,0.0
ESTA,2026-08-21,91.25,P,75.0,0.2500075,50.0,0,0.0,0.0
ESTA,2026-08-21,91.25,P,77.5,0.12500875,5.0,0,0.0,0.0
ESTA,2026-08-21,91.25,P,80.0,0.12500875,1.0,0,0.0,0.0
ESTA,2026-08-21,91.25,P,82.5,0.12500875,5.0,0,0.0,0.0
ESTA,2026-08-21,91.25,P,85.0,0.062509375,1.0,0,0.0,0.0
ESTA,2026-08-21,91.25,P,87.5,0.062509375,,0,0.0,0.0
ESTA,2026-08-21,91.25,P,90.0,0.015634843750000002,810.0,0,0.0,0.0
ESTA,2026-08-21,91.25,P,92.5,1.0000000000000003e-05,,0,0.0,0.0
ESTA,2026-08-21,91.25,P,95.0,1.0000000000000003e-05,,0,0.0,0.0
HWM,2026-08-07,291.4200134277344,C,150.0,1.0000000000000003e-05,1.0,0,0.0,0.0
HWM,2026-08-07,291.4200134277344,C,195.0,1.0000000000000003e-05,1.0,0,0.0,0.0
HWM,2026-08-07,291.4200134277344,C,200.0,1.0000000000000003e-05,1.0,0,0.0,0.0
HWM,2026-08-07,291.4200134277344,C,250.0,1.0000000000000003e-05,12.0,0,0.0,0.0
HWM,2026-08-07,291.4200134277344,C,260.0,1.0000000000000003e-05,12.0,0,0.0,0.0
HWM,2026-08-07,291.4200134277344,C,270.0,1.0000000000000003e-05,40.0,0,0.0,0.0
HWM,2026-08-07,291.4200134277344,C,275.0,1.0000000000000003e-05,1.0,0,0.0,0.0
HWM,2026-08-07,291.4200134277344,C,277.5,1.0000000000000003e-05,40.0,0,0.0,0.0
HWM,2026-08-07,291.4200134277344,C,280.0,1.0000000000000003e-05,13.0,0,0.0,0.0
HWM,2026-08-07,291.4200134277344,C,282.5,1.0000000000000003e-05,7.0,0,0.0,0.0
HWM,2026-08-07,291.4200134277344,C,285.0,1.0000000000000003e-05,24.0,0,0.0,0.0
HWM,2026-08-07,291.4200134277344,C,287.5,1.0000000000000003e-05,2.0,0,0.0,0.0
HWM,2026-08-07,291.4200134277344,C,290.0,1.0000000000000003e-05,216.0,0,0.0,0.0
HWM,2026-08-07,291.4200134277344,C,292.5,0.015634843750000002,175.0,0,0.0,0.0
HWM,2026-08-07,291.4200134277344,C,295.0,0.0312596875,47.0,0,0.0,0.0
HWM,2026-08-07,291.4200134277344,C,297.5,0.062509375,12.0,0,0.0,0.0
HWM,2026-08-07,291.4200134277344,C,300.0,0.12500875,71.0,0,0.0,0.0
HWM,2026-08-07,291.4200134277344,C,302.5,0.12500875,6.0,0,0.0,0.0
HWM,2026-08-07,291.4200134277344,C,305.0,0.12500875,4.0,0,0.0,0.0
HWM,2026-08-07,291.4200134277344,C,307.5,0.12500875,3.0,0,0.0,0.0
HWM,2026-08-07,291.4200134277344,C,310.0,0.2500075,19.0,0,0.0,0.0
HWM,2026-08-07,291.4200134277344,C,315.0,0.2500075,54.0,0,0.0,0.0
HWM,2026-08-07,291.4200134277344,C,320.0,0.2500075,39.0,0,0.0,0.0
HWM,2026-08-07,291.4200134277344,C,325.0,0.2500075,43.0,0,0.0,0.0
HWM,2026-08-07,291.4200134277344,C,330.0,0.2500075,4.0,0,0.0,0.0
HWM,2026-08-07,291.4200134277344,C,350.0,0.500005,1.0,0,0.0,0.0
HWM,2026-08-07,291.4200134277344,P,175.0,0.500005,1.0,0,0.0,0.0
HWM,2026-08-07,291.4200134277344,P,180.0,0.500005,,0,0.0,0.0
HWM,2026-08-07,291.4200134277344,P,185.0,0.500005,20.0,0,0.0,0.0
HWM,2026-08-07,291.4200134277344,P,190.0,0.500005,,0,0.0,0.0
HWM,2026-08-07,291.4200134277344,P,195.0,0.500005,1.0,0,0.0,0.0
HWM,2026-08-07,291.4200134277344,P,200.0,0.500005,1.0,0,0.0,0.0
HWM,2026-08-07,291.4200134277344,P,210.0,0.500005,1.0,0,0.0,0.0
HWM,2026-08-07,291.4200134277344,P,220.0,0.500005,3.0,0,0.0,0.0
HWM,2026-08-07,291.4200134277344,P,225.0,0.500005,1.0,0,0.0,0.0
HWM,2026-08-07,291.4200134277344,P,230.0,0.500005,4.0,0,0.0,0.0
HWM,2026-08-07,291.4200134277344,P,240.0,0.500005,6.0,0,0.0,0.0
HWM,2026-08-07,291.4200134277344,P,245.0,0.500005,6.0,0,0.0,0.0
HWM,2026-08-07,291.4200134277344,P,250.0,0.500005,37.0,0,0.0,0.0
HWM,2026-08-07,291.4200134277344,P,252.5,0.500005,3.0,0,0.0,0.0
HWM,2026-08-07,291.4200134277344,P,255.0,0.500005,53.0,0,0.0,0.0
HWM,2026-08-07,291.4200134277344,P,257.5,0.2500075,2.0,0,0.0,0.0
HWM,2026-08-07,291.4200134277344,P,260.0,0.2500075,58.0,0,0.0,0.0
HWM,2026-08-07,291.4200134277344,P,262.5,0.2500075,78.0,0,0.0,0.0
HWM,2026-08-07,291.4200134277344,P,265.0,0.2500075,73.0,0,0.0,0.0
HWM,2026-08-07,291.4200134277344,P,267.5,0.2500075,26.0,0,0.0,0.0
HWM,2026-08-07,291.4200134277344,P,270.0,0.2500075,7.0,0,0.0,0.0
HWM,2026-08-07,291.4200134277344,P,272.5,0.2500075,21.0,0,0.0,0.0
HWM,2026-08-07,291.4200134277344,P,275.0,0.12500875,27.0,0,0.0,0.0
HWM,2026-08-07,291.4200134277344,P,277.5,0.12500875,16.0,0,0.0,0.0
HWM,2026-08-07,291.4200134277344,P,280.0,0.12500875,14.0,0,0.0,0.0
HWM,2026-08-07,291.4200134277344,P,282.5,0.12500875,4.0,0,0.0,0.0
HWM,2026-08-07,291.4200134277344,P,285.0,0.062509375,25.0,0,0.0,0.0
HWM,2026-08-07,291.4200134277344,P,287.5,0.062509375,91.0,0,0.0,0.0
HWM,2026-08-07,291.4200134277344,P,290.0,0.015634843750000002,6.0,0,0.0,0.0
HWM,2026-08-07,291.4200134277344,P,292.5,1.0000000000000003e-05,3.0,0,0.0,0.0
HWM,2026-08-07,291.4200134277344,P,295.0,1.0000000000000003e-05,1.0,0,0.0,0.0
HWM,2026-08-07,291.4200134277344,P,300.0,1.0000000000000003e-05,3.0,0,0.0,0.0
HWM,2026-08-07,291.4200134277344,P,345.0,1.0000000000000003e-05,1.0,0,0.0,0.0
HWM,2026-08-07,291.4200134277344,P,350.0,1.0000000000000003e-05,1.0,0,0.0,0.0
TILE,2026-08-21,35.189998626708984,C,35.0,1.0000000000000003e-05,2.0,0,0.0,0.0
TILE,2026-08-21,35.189998626708984,P,17.5,0.500005,,0,0.0,0.0
TILE,2026-08-21,35.189998626708984,P,30.0,0.2500075,4.0,0,0.0,0.0
ANIP,2026-08-21,79.87999725341797,C,75.0,1.0000000000000003e-05,12.0,0,0.0,0.0
ANIP,2026-08-21,79.87999725341797,C,80.0,0.0039162109375,1.0,0,0.0,0.0
ANIP,2026-08-21,79.87999725341797,C,85.0,0.062509375,21.0,0,0.0,0.0
ANIP,2026-08-21,79.87999725341797,C,90.0,0.12500875,6.0,0,0.0,0.0
ANIP,2026-08-21,79.87999725341797,C,95.0,0.2500075,,0,0.0,0.0
ANIP,2026-08-21,79.87999725341797,C,100.0,0.2500075,1.0,0,0.0,0.0
ANIP,2026-08-21,79.87999725341797,P,45.0,0.500005,5.0,0,0.0,0.0
ANIP,2026-08-21,79.87999725341797,P,55.0,0.500005,,0,0.0,0.0
ANIP,2026-08-21,79.87999725341797,P,65.0,0.2500075,,0,0.0,0.0
ANIP,2026-08-21,79.87999725341797,P,75.0,0.062509375,9.0,0,0.0,0.0
ANIP,2026-08-21,79.87999725341797,P,80.0,1.0000000000000003e-05,5.0,0,0.0,0.0
ANIP,2026-08-21,79.87999725341797,P,85.0,1.0000000000000003e-05,,0,0.0,0.0
ANIP,2026-08-21,79.87999725341797,P,95.0,1.0000000000000003e-05,5.0,0,0.0,0.0
OSG,2026-08-21,5.679999828338623,C,1.0,9.46875408203125,2,1,4.4,5.7
OSG,2026-08-21,5.679999828338623,C,4.0,1.0000000000000003e-05,3,0,0.0,0.0
OSG,2026-08-21,5.679999828338623,C,5.0,1.0000000000000003e-05,27,0,0.0,0.0
OSG,2026-08-21,5.679999828338623,C,6.0,0.062509375,41,0,0.0,0.0
OSG,2026-08-21,5.679999828338623,C,7.0,0.2500075,300,0,0.0,0.0
OSG,2026-08-21,5.679999828338623,C,8.0,0.500005,1,0,0.0,0.0
OSG,2026-08-21,5.679999828338623,C,9.0,2.480472548828125,1,2,0.0,0.75
OSG,2026-08-21,5.679999828338623,C,11.0,0.500005,1,0,0.0,0.0
OSG,2026-08-21,5.679999828338623,C,16.0,0.500005,1,0,0.0,0.0
OSG,2026-08-21,5.679999828338623,P,4.0,0.500005,2210,0,0.0,0.0
OSG,2026-08-21,5.679999828338623,P,5.0,0.2500075,10,0,0.0,0.0
OSG,2026-08-21,5.679999828338623,P,6.0,1.0000000000000003e-05,1,0,0.0,0.0
OSG,2026-08-21,5.679999828338623,P,7.0,1.0000000000000003e-05,10,0,0.0,0.0
OSG,2026-08-21,5.679999828338623,P,9.0,1.0000000000000003e-05,1,0,0.0,0.0
ROAD,2026-08-21,105.06999969482422,C,80.0,1.0000000000000003e-05,,0,0.0,0.0
ROAD,2026-08-21,105.06999969482422,C,90.0,1.0000000000000003e-05,2.0,0,0.0,0.0
ROAD,2026-08-21,105.06999969482422,C,95.0,1.0000000000000003e-05,1.0,0,0.0,0.0
ROAD,2026-08-21,105.06999969482422,C,100.0,1.0000000000000003e-05,8.0,0,0.0,0.0
ROAD,2026-08-21,105.06999969482422,C,105.0,1.0000000000000003e-05,9.0,0,0.0,0.0
ROAD,2026-08-21,105.06999969482422,C,110.0,0.062509375,3.0,0,0.0,0.0
ROAD,2026-08-21,105.06999969482422,C,115.0,0.12500875,1.0,0,0.0,0.0
ROAD,2026-08-21,105.06999969482422,C,120.0,0.12500875,1.0,0,0.0,0.0
ROAD,2026-08-21,105.06999969482422,C,125.0,0.2500075,1.0,0,0.0,0.0
ROAD,2026-08-21,105.06999969482422,C,130.0,0.2500075,2.0,0,0.0,0.0
ROAD,2026-08-21,105.06999969482422,C,140.0,0.2500075,1.0,0,0.0,0.0
ROAD,2026-08-21,105.06999969482422,C,145.0,0.2500075,1.0,0,0.0,0.0
ROAD,2026-08-21,105.06999969482422,C,150.0,0.2500075,1.0,0,0.0,0.0
ROAD,2026-08-21,105.06999969482422,C,155.0,0.500005,28.0,0,0.0,0.0
ROAD,2026-08-21,105.06999969482422,C,160.0,0.500005,5.0,0,0.0,0.0
ROAD,2026-08-21,105.06999969482422,P,70.0,0.500005,,0,0.0,0.0
ROAD,2026-08-21,105.06999969482422,P,75.0,0.2500075,1.0,0,0.0,0.0
ROAD,2026-08-21,105.06999969482422,P,80.0,0.2500075,1.0,0,0.0,0.0
ROAD,2026-08-21,105.06999969482422,P,85.0,0.2500075,3.0,0,0.0,0.0
ROAD,2026-08-21,105.06999969482422,P,90.0,0.12500875,6.0,0,0.0,0.0
ROAD,2026-08-21,105.06999969482422,P,95.0,0.12500875,1.0,0,0.0,0.0
ROAD,2026-08-21,105.06999969482422,P,100.0,0.062509375,2.0,0,0.0,0.0
ROAD,2026-08-21,105.06999969482422,P,105.0,0.00196310546875,6.0,0,0.0,0.0
ROAD,2026-08-21,105.06999969482422,P,110.0,1.0000000000000003e-05,6.0,0,0.0,0.0
ROAD,2026-08-21,105.06999969482422,P,115.0,1.0000000000000003e-05,,0,0.0,0.0
ROAD,2026-08-21,105.06999969482422,P,120.0,1.0000000000000003e-05,25.0,0,0.0,0.0
ROAD,2026-08-21,105.06999969482422,P,125.0,1.0000000000000003e-05,1.0,0,0.0,0.0
ROAD,2026-08-21,105.06999969482422,P,130.0,1.0000000000000003e-05,,0,0.0,0.0
ZD,2026-08-21,52.720001220703125,C,50.0,1.0000000000000003e-05,1.0,0,0.0,0.0
ZD,2026-08-21,52.720001220703125,C,55.0,0.062509375,210.0,0,0.0,0.0
ZD,2026-08-21,52.720001220703125,C,60.0,0.12500875,1.0,0,0.0,0.0
ZD,2026-08-21,52.720001220703125,C,65.0,0.2500075,4.0,0,0.0,0.0
ZD,2026-08-21,52.720001220703125,C,70.0,0.2500075,1.0,0,0.0,0.0
ZD,2026-08-21,52.720001220703125,C,75.0,0.500005,1.0,0,0.0,0.0
ZD,2026-08-21,52.720001220703125,P,30.0,2.2734418164062498,32.0,32,0.0,2.15
ZD,2026-08-21,52.720001220703125,P,40.0,0.2500075,8.0,0,0.0,0.0
ZD,2026-08-21,52.720001220703125,P,45.0,0.2500075,1.0,0,0.0,0.0
ZD,2026-08-21,52.720001220703125,P,50.0,0.062509375,,0,0.0,0.0
HALO,2026-08-21,83.58999633789062,C,65.0,1.0000000000000003e-05,290.0,0,0.0,0.0
HALO,2026-08-21,83.58999633789062,C,70.0,1.0000000000000003e-05,27.0,0,0.0,0.0
HALO,2026-08-21,83.58999633789062,C,75.0,1.0000000000000003e-05,2.0,0,0.0,0.0
HALO,2026-08-21,83.58999633789062,C,80.0,1.0000000000000003e-05,4.0,0,0.0,0.0
HALO,2026-08-21,83.58999633789062,C,85.0,0.0312596875,35.0,0,0.0,0.0
HALO,2026-08-21,83.58999633789062,C,90.0,0.062509375,57.0,0,0.0,0.0
HALO,2026-08-21,83.58999633789062,C,95.0,0.12500875,1.0,0,0.0,0.0
HALO,2026-08-21,83.58999633789062,C,100.0,0.2500075,1.0,0,0.0,0.0
HALO,2026-08-21,83.58999633789062,C,105.0,0.2500075,3.0,0,0.0,0.0
HALO,2026-08-21,83.58999633789062,P,35.0,0.500005,3.0,0,0.0,0.0
HALO,2026-08-21,83.58999633789062,P,60.0,0.2500075,10.0,0,0.0,0.0
HALO,2026-08-21,83.58999633789062,P,65.0,0.2500075,13.0,0,0.0,0.0
HALO,2026-08-21,83.58999633789062,P,70.0,0.2500075,1.0,0,0.0,0.0
HALO,2026-08-21,83.58999633789062,P,75.0,0.12500875,2.0,0,0.0,0.0
HALO,2026-08-21,83.58999633789062,P,80.0,0.062509375,4.0,0,0.0,0.0
HALO,2026-08-21,83.58999633789062,P,85.0,1.0000000000000003e-05,,0,0.0,0.0
COLL,2026-08-21,35.7400016784668,C,35.0,1.0000000000000003e-05,25,0,0.0,0.0
COLL,2026-08-21,35.7400016784668,C,40.0,0.12500875,1,0,0.0,0.0
COLL,2026-08-21,35.7400016784668,P,35.0,0.0312596875,1,0,0.0,0.0
CYD,2026-08-21,48.91999816894531,C,30.0,4.972171753540038,1.0,1,24.7,28.6
CYD,2026-08-21,48.91999816894531,C,35.0,4.0063526483154295,,5,20.1,23.1
CYD,2026-08-21,48.91999816894531,C,40.0,1.0000000000000003e-05,2.0,0,0.0,0.0
CYD,2026-08-21,48.91999816894531,C,45.0,1.0000000000000003e-05,17.0,0,0.0,0.0
CYD,2026-08-21,48.91999816894531,C,50.0,0.0312596875,16.0,0,0.0,0.0
CYD,2026-08-21,48.91999816894531,C,55.0,0.12500875,8.0,0,0.0,0.0
CYD,2026-08-21,48.91999816894531,C,60.0,0.2500075,2.0,0,0.0,0.0
CYD,2026-08-21,48.91999816894531,C,65.0,0.2500075,5.0,0,0.0,0.0
CYD,2026-08-21,48.91999816894531,C,70.0,1.7856456030273438,1.0,2,0.1,3.8
CYD,2026-08-21,48.91999816894531,C,75.0,1.9116215356445316,1.0,8,0.0,3.5
CYD,2026-08-21,48.91999816894531,C,80.0,1.9902344238281249,1.0,3,0.0,3.0
CYD,2026-08-21,48.91999816894531,P,22.5,3.1386740283203123,5.0,20,0.0,2.45
CYD,2026-08-21,48.91999816894531,P,25.0,2.901369934082031,5.0,20,0.0,2.8
CYD,2026-08-21,48.91999816894531,P,30.0,0.500005,1.0,0,0.0,0.0
CYD,2026-08-21,48.91999816894531,P,35.0,0.500005,,0,0.0,0.0
CYD,2026-08-21,48.91999816894531,P,40.0,0.2500075,7.0,0,0.0,0.0
CYD,2026-08-21,48.91999816894531,P,45.0,0.12500875,1.0,0,0.0,0.0
CYD,2026-08-21,48.91999816894531,P,55.0,1.43359658203125,4.0,4,8.1,11.3
BOBS,2026-08-21,18.799999237060547,C,10.0,1.0000000000000003e-05,2.0,0,0.0,0.0
BOBS,2026-08-21,18.799999237060547,C,12.5,1.0000000000000003e-05,1.0,0,0.0,0.0
BOBS,2026-08-21,18.799999237060547,C,15.0,1.0000000000000003e-05,3.0,0,0.0,0.0
BOBS,2026-08-21,18.799999237060547,C,17.5,1.0000000000000003e-05,56.0,0,0.0,0.0
BOBS,2026-08-21,18.799999237060547,C,20.0,0.062509375,71.0,0,0.0,0.0
BOBS,2026-08-21,18.799999237060547,C,22.5,0.2500075,1.0,0,0.0,0.0
BOBS,2026-08-21,18.799999237060547,C,25.0,0.2500075,54.0,0,0.0,0.0
BOBS,2026-08-21,18.799999237060547,C,30.0,0.500005,,0,0.0,0.0
BOBS,2026-08-21,18.799999237060547,C,35.0,1.7578137109375,1.0,27,0.0,0.35
BOBS,2026-08-21,18.799999237060547,P,10.0,0.500005,4.0,0,0.0,0.0
BOBS,2026-08-21,18.799999237060547,P,12.5,0.500005,4.0,0,0.0,0.0
BOBS,2026-08-21,18.799999237060547,P,15.0,0.2500075,30.0,0,0.0,0.0
BOBS,2026-08-21,18.799999237060547,P,17.5,0.12500875,34.0,0,0.0,0.0
BOBS,2026-08-21,18.799999237060547,P,30.0,4.684574456787109,2.0,0,13.9,17.5
ACMR,2026-08-07,79.9000015258789,C,45.0,1.0000000000000003e-05,3.0,0,0.0,0.0
ACMR,2026-08-07,79.9000015258789,C,65.0,1.0000000000000003e-05,1.0,0,0.0,0.0
ACMR,2026-08-07,79.9000015258789,C,67.0,1.0000000000000003e-05,,0,0.0,0.0
ACMR,2026-08-07,79.9000015258789,C,68.0,1.0000000000000003e-05,,0,0.0,0.0
ACMR,2026-08-07,79.9000015258789,C,71.0,1.0000000000000003e-05,1.0,0,0.0,0.0
ACMR,2026-08-07,79.9000015258789,C,73.0,1.0000000000000003e-05,3.0,0,0.0,0.0
ACMR,2026-08-07,79.9000015258789,C,74.0,1.0000000000000003e-05,,0,0.0,0.0
ACMR,2026-08-07,79.9000015258789,C,75.0,1.0000000000000003e-05,20.0,0,0.0,0.0
ACMR,2026-08-07,79.9000015258789,C,76.0,1.0000000000000003e-05,8.0,0,0.0,0.0
ACMR,2026-08-07,79.9000015258789,C,77.0,1.0000000000000003e-05,10.0,0,0.0,0.0
ACMR,2026-08-07,79.9000015258789,C,78.0,1.0000000000000003e-05,,0,0.0,0.0
ACMR,2026-08-07,79.9000015258789,C,79.0,1.0000000000000003e-05,,0,0.0,0.0
ACMR,2026-08-07,79.9000015258789,C,80.0,0.007822421875,70.0,0,0.0,0.0
ACMR,2026-08-07,79.9000015258789,C,81.0,0.062509375,18.0,0,0.0,0.0
ACMR,2026-08-07,79.9000015258789,C,82.0,0.12500875,77.0,0,0.0,0.0
ACMR,2026-08-07,79.9000015258789,C,83.0,0.12500875,4.0,0,0.0,0.0
ACMR,2026-08-07,79.9000015258789,C,84.0,0.12500875,3.0,0,0.0,0.0
ACMR,2026-08-07,79.9000015258789,C,85.0,0.2500075,158.0,0,0.0,0.0
ACMR,2026-08-07,79.9000015258789,C,86.0,0.2500075,1.0,0,0.0,0.0
ACMR,2026-08-07,79.9000015258789,C,88.0,0.2500075,1.0,0,0.0,0.0
ACMR,2026-08-07,79.9000015258789,C,89.0,0.2500075,26.0,0,0.0,0.0
ACMR,2026-08-07,79.9000015258789,C,90.0,0.500005,1.0,0,0.0,0.0
ACMR,2026-08-07,79.9000015258789,C,91.0,0.500005,12.0,0,0.0,0.0
ACMR,2026-08-07,79.9000015258789,C,93.0,0.500005,2.0,0,0.0,0.0
ACMR,2026-08-07,79.9000015258789,C,94.0,0.500005,1.0,0,0.0,0.0
ACMR,2026-08-07,79.9000015258789,C,95.0,0.500005,8.0,0,0.0,0.0
ACMR,2026-08-07,79.9000015258789,C,96.0,0.500005,2.0,0,0.0,0.0
ACMR,2026-08-07,79.9000015258789,C,98.0,0.500005,1.0,0,0.0,0.0
ACMR,2026-08-07,79.9000015258789,C,99.0,0.500005,,0,0.0,0.0
ACMR,2026-08-07,79.9000015258789,C,100.0,0.500005,1.0,0,0.0,0.0
ACMR,2026-08-07,79.9000015258789,C,102.0,0.500005,1.0,0,0.0,0.0
ACMR,2026-08-07,79.9000015258789,C,105.0,0.500005,1.0,0,0.0,0.0
ACMR,2026-08-07,79.9000015258789,C,106.0,0.500005,1.0,0,0.0,0.0
ACMR,2026-08-07,79.9000015258789,C,107.0,0.500005,1.0,0,0.0,0.0
ACMR,2026-08-07,79.9000015258789,C,108.0,0.500005,4.0,0,0.0,0.0
ACMR,2026-08-07,79.9000015258789,C,110.0,0.500005,1.0,0,0.0,0.0
ACMR,2026-08-07,79.9000015258789,C,111.0,0.500005,1.0,0,0.0,0.0
ACMR,2026-08-07,79.9000015258789,C,112.0,0.500005,26.0,0,0.0,0.0
ACMR,2026-08-07,79.9000015258789,C,113.0,0.500005,1.0,0,0.0,0.0
ACMR,2026-08-07,79.9000015258789,C,115.0,0.500005,5.0,0,0.0,0.0
ACMR,2026-08-07,79.9000015258789,C,116.0,0.500005,1.0,0,0.0,0.0
ACMR,2026-08-07,79.9000015258789,C,117.0,0.500005,1.0,0,0.0,0.0
ACMR,2026-08-07,79.9000015258789,C,118.0,0.500005,,0,0.0,0.0
ACMR,2026-08-07,79.9000015258789,C,120.0,0.500005,51.0,0,0.0,0.0
ACMR,2026-08-07,79.9000015258789,C,121.0,0.500005,,0,0.0,0.0
ACMR,2026-08-07,79.9000015258789,C,122.0,0.500005,1.0,0,0.0,0.0
ACMR,2026-08-07,79.9000015258789,C,123.0,0.500005,18.0,0,0.0,0.0
ACMR,2026-08-07,79.9000015258789,C,125.0,0.500005,1.0,0,0.0,0.0
ACMR,2026-08-07,79.9000015258789,C,127.0,0.500005,1.0,0,0.0,0.0
ACMR,2026-08-07,79.9000015258789,C,128.0,0.500005,1.0,0,0.0,0.0
ACMR,2026-08-07,79.9000015258789,C,129.0,0.500005,1.0,0,0.0,0.0
ACMR,2026-08-07,79.9000015258789,C,130.0,0.500005,1.0,0,0.0,0.0
ACMR,2026-08-07,79.9000015258789,C,140.0,0.500005,2.0,0,0.0,0.0
ACMR,2026-08-07,79.9000015258789,C,145.0,1.000005,,0,0.0,0.0
ACMR,2026-08-07,79.9000015258789,C,150.0,0.500005,1.0,0,0.0,0.0
ACMR,2026-08-07,79.9000015258789,C,160.0,0.500005,2.0,0,0.0,0.0
ACMR,2026-08-07,79.9000015258789,C,180.0,0.500005,3.0,0,0.0,0.0
ACMR,2026-08-07,79.9000015258789,P,42.0,0.500005,,0,0.0,0.0
ACMR,2026-08-07,79.9000015258789,P,44.5,1.000005,10.0,0,0.0,0.0
ACMR,2026-08-07,79.9000015258789,P,45.0,0.500005,1.0,0,0.0,0.0
ACMR,2026-08-07,79.9000015258789,P,49.0,0.500005,1.0,0,0.0,0.0
ACMR,2026-08-07,79.9000015258789,P,49.5,0.500005,,0,0.0,0.0
ACMR,2026-08-07,79.9000015258789,P,50.0,0.500005,4.0,0,0.0,0.0
ACMR,2026-08-07,79.9000015258789,P,51.0,0.500005,1.0,0,0.0,0.0
ACMR,2026-08-07,79.9000015258789,P,52.0,0.500005,8.0,0,0.0,0.0
ACMR,2026-08-07,79.9000015258789,P,53.0,0.500005,,0,0.0,0.0
ACMR,2026-08-07,79.9000015258789,P,54.0,0.500005,,0,0.0,0.0
ACMR,2026-08-07,79.9000015258789,P,55.0,0.500005,8.0,0,0.0,0.0
ACMR,2026-08-07,79.9000015258789,P,56.0,0.500005,4.0,0,0.0,0.0
ACMR,2026-08-07,79.9000015258789,P,57.0,0.500005,4.0,0,0.0,0.0
ACMR,2026-08-07,79.9000015258789,P,58.0,0.500005,1.0,0,0.0,0.0
ACMR,2026-08-07,79.9000015258789,P,59.0,0.500005,1.0,0,0.0,0.0
ACMR,2026-08-07,79.9000015258789,P,60.0,0.500005,2.0,0,0.0,0.0
ACMR,2026-08-07,79.9000015258789,P,61.0,0.500005,2.0,0,0.0,0.0
ACMR,2026-08-07,79.9000015258789,P,64.0,0.500005,12.0,0,0.0,0.0
ACMR,2026-08-07,79.9000015258789,P,65.0,0.500005,2.0,0,0.0,0.0
ACMR,2026-08-07,79.9000015258789,P,66.0,0.500005,4.0,0,0.0,0.0
ACMR,2026-08-07,79.9000015258789,P,70.0,0.500005,17.0,0,0.0,0.0
ACMR,2026-08-07,79.9000015258789,P,71.0,0.500005,1.0,0,0.0,0.0
ACMR,2026-08-07,79.9000015258789,P,72.0,0.2500075,,0,0.0,0.0
ACMR,2026-08-07,79.9000015258789,P,75.0,0.2500075,9.0,0,0.0,0.0
ACMR,2026-08-07,79.9000015258789,P,76.0,0.12500875,1.0,0,0.0,0.0
ACMR,2026-08-07,79.9000015258789,P,77.0,0.12500875,1.0,0,0.0,0.0
ACMR,2026-08-07,79.9000015258789,P,78.0,0.062509375,2.0,0,0.0,0.0
ACMR,2026-08-07,79.9000015258789,P,79.0,0.062509375,1.0,0,0.0,0.0
ACMR,2026-08-07,79.9000015258789,P,80.0,1.0000000000000003e-05,7.0,0,0.0,0.0
ACMR,2026-08-07,79.9000015258789,P,81.0,1.0000000000000003e-05,1.0,0,0.0,0.0
ACMR,2026-08-07,79.9000015258789,P,82.5,1.0000000000000003e-05,2.0,0,0.0,0.0
ACMR,2026-08-07,79.9000015258789,P,83.5,1.0000000000000003e-05,1.0,0,0.0,0.0
ACMR,2026-08-07,79.9000015258789,P,85.0,1.0000000000000003e-05,1.0,0,0.0,0.0
ACMR,2026-08-07,79.9000015258789,P,86.0,1.0000000000000003e-05,,0,0.0,0.0
ACMR,2026-08-07,79.9000015258789,P,87.0,1.0000000000000003e-05,,0,0.0,0.0
ACMR,2026-08-07,79.9000015258789,P,88.0,1.0000000000000003e-05,1.0,0,0.0,0.0
ACMR,2026-08-07,79.9000015258789,P,90.0,1.0000000000000003e-05,1.0,0,0.0,0.0
ACMR,2026-08-07,79.9000015258789,P,91.0,1.0000000000000003e-05,5.0,0,0.0,0.0
ACMR,2026-08-07,79.9000015258789,P,92.0,1.0000000000000003e-05,2.0,0,0.0,0.0
ACMR,2026-08-07,79.9000015258789,P,93.0,1.0000000000000003e-05,,0,0.0,0.0
ACMR,2026-08-07,79.9000015258789,P,94.0,1.0000000000000003e-05,,0,0.0,0.0
ACMR,2026-08-07,79.9000015258789,P,95.0,1.0000000000000003e-05,,0,0.0,0.0
ACMR,2026-08-07,79.9000015258789,P,96.0,1.0000000000000003e-05,1.0,0,0.0,0.0
ACMR,2026-08-07,79.9000015258789,P,98.0,1.0000000000000003e-05,1.0,0,0.0,0.0
ACMR,2026-08-07,79.9000015258789,P,100.0,1.0000000000000003e-05,1.0,0,0.0,0.0
ACMR,2026-08-07,79.9000015258789,P,103.0,1.0000000000000003e-05,20.0,0,0.0,0.0
ACMR,2026-08-07,79.9000015258789,P,107.0,1.0000000000000003e-05,,0,0.0,0.0
ACMR,2026-08-07,79.9000015258789,P,110.0,1.0000000000000003e-05,1.0,0,0.0,0.0
ACMR,2026-08-07,79.9000015258789,P,111.0,1.0000000000000003e-05,2.0,0,0.0,0.0
ACMR,2026-08-07,79.9000015258789,P,115.0,1.0000000000000003e-05,23.0,0,0.0,0.0
VISN,2026-08-21,12.350000381469727,C,5.0,0.0,67.0,67,13.0,16.2
VISN,2026-08-21,12.350000381469727,C,6.0,1.0000000000000003e-05,,0,0.0,0.0
VISN,2026-08-21,12.350000381469727,C,8.0,1.0000000000000003e-05,5.0,0,0.0,0.0
VISN,2026-08-21,12.350000381469727,C,9.0,2.8359404101562498,,1,1.75,4.5
VISN,2026-08-21,12.350000381469727,C,10.0,1.0000000000000003e-05,10.0,0,0.0,0.0
VISN,2026-08-21,12.350000381469727,C,11.0,1.0000000000000003e-05,12.0,0,0.0,0.0
VISN,2026-08-21,12.350000381469727,C,12.0,1.0000000000000003e-05,2580.0,0,0.0,0.0
VISN,2026-08-21,12.350000381469727,C,13.0,0.062509375,22.0,0,0.0,0.0
VISN,2026-08-21,12.350000381469727,C,14.0,0.12500875,30.0,0,0.0,0.0
VISN,2026-08-21,12.350000381469727,C,15.0,0.2500075,2.0,0,0.0,0.0
VISN,2026-08-21,12.350000381469727,C,16.0,0.2500075,3.0,0,0.0,0.0
VISN,2026-08-21,12.350000381469727,C,17.0,3.8945315136718754,125.0,127,2.1,3.2
VISN,2026-08-21,12.350000381469727,C,18.0,1.67578287109375,1.0,20,0.0,0.75
VISN,2026-08-21,12.350000381469727,C,19.0,1.82421962890625,2.0,349,0.0,0.75
VISN,2026-08-21,12.350000381469727,C,20.0,0.500005,10.0,0,0.0,0.0
VISN,2026-08-21,12.350000381469727,C,21.0,2.0839891650390623,152.0,261,0.0,0.75
VISN,2026-08-21,12.350000381469727,C,22.0,2.2011763720703117,1.0,165,0.0,0.75
VISN,2026-08-21,12.350000381469727,C,23.0,2.3085979785156248,37.0,102,0.0,0.75
VISN,2026-08-21,12.350000381469727,C,24.0,2.4140664648437498,3.0,138,0.0,0.75
VISN,2026-08-21,12.350000381469727,C,25.0,2.5097693505859375,1.0,2,0.0,0.75
VISN,2026-08-21,12.350000381469727,C,26.0,2.60156599609375,1.0,1,0.0,0.75
VISN,2026-08-21,12.350000381469727,C,30.0,3.2617205957031246,,1,0.0,1.15
VISN,2026-08-21,12.350000381469727,P,10.0,0.2500075,40.0,0,0.0,0.0
VISN,2026-08-21,12.350000381469727,P,11.0,0.12500875,61.0,0,0.0,0.0
VISN,2026-08-21,12.350000381469727,P,12.0,0.062509375,803.0,0,0.0,0.0
VISN,2026-08-21,12.350000381469727,P,13.0,1.23047259765625,5.0,5,0.3,3.0
VISN,2026-08-21,12.350000381469727,P,14.0,0.75195560546875,1.0,0,0.7,3.1
VISN,2026-08-21,12.350000381469727,P,15.0,0.5312546875,228.0,0,1.55,3.8
VISN,2026-08-21,12.350000381469727,P,16.0,1.16016044921875,20.0,0,2.8,5.0
VISN,2026-08-21,12.350000381469727,P,17.0,2.4121133447265626,23.0,7827,2.95,5.8
VISN,2026-08-21,12.350000381469727,P,18.0,1.0234423828125,1.0,1518,4.7,6.7
VISN,2026-08-21,12.350000381469727,P,19.0,0.500005,5.0,95,5.6,7.7
VISN,2026-08-21,12.350000381469727,P,20.0,0.500005,57.0,190,6.6,8.7
VISN,2026-08-21,12.350000381469727,P,22.0,1.0000000000000003e-05,,4,2.6,3.8
VISN,2026-08-21,12.350000381469727,P,24.0,1.0000000000000003e-05,,0,0.0,0.0
STHO,2026-08-21,9.380000114440918,C,7.5,1.0000000000000003e-05,48.0,0,0.0,0.0
STHO,2026-08-21,9.380000114440918,C,10.0,0.12500875,10.0,0,0.0,0.0
STHO,2026-08-21,9.380000114440918,C,12.5,3.5097668505859376,,1,0.0,3.6
STHO,2026-08-21,9.380000114440918,C,15.0,4.058598676757812,16.0,17,0.0,3.5
STHO,2026-08-21,9.380000114440918,P,7.5,0.2500075,2.0,0,0.0,0.0
STHO,2026-08-21,9.380000114440918,P,10.0,1.0000000000000003e-05,17.0,0,0.0,0.0
STHO,2026-08-21,9.380000114440918,P,12.5,3.4843762890625003,,1,3.5,6.3
WEST,2026-08-21,8.1899995803833,C,5.0,1.0000000000000003e-05,1.0,0,0.0,0.0
WEST,2026-08-21,8.1899995803833,C,6.0,1.0000000000000003e-05,1.0,0,0.0,0.0
WEST,2026-08-21,8.1899995803833,C,8.0,1.0000000000000003e-05,2.0,0,0.0,0.0
WEST,2026-08-21,8.1899995803833,C,9.0,0.12500875,5.0,0,0.0,0.0
WEST,2026-08-21,8.1899995803833,C,10.0,0.2500075,1.0,0,0.0,0.0
WEST,2026-08-21,8.1899995803833,P,1.0,0.500005,,0,0.0,0.0
WEST,2026-08-21,8.1899995803833,P,2.0,0.500005,,0,0.0,0.0
WEST,2026-08-21,8.1899995803833,P,3.0,0.500005,,0,0.0,0.0
WEST,2026-08-21,8.1899995803833,P,4.0,0.500005,,0,0.0,0.0
WEST,2026-08-21,8.1899995803833,P,5.0,0.500005,,0,0.0,0.0
WEST,2026-08-21,8.1899995803833,P,6.0,0.500005,,0,0.0,0.0
WEST,2026-08-21,8.1899995803833,P,7.0,0.2500075,,0,0.0,0.0
WEST,2026-08-21,8.1899995803833,P,8.0,0.0312596875,1.0,0,0.0,0.0
WEST,2026-08-21,8.1899995803833,P,9.0,1.0000000000000003e-05,3.0,0,0.0,0.0
MBGL,2026-08-21,21.260000228881836,C,20.0,1.0000000000000003e-05,6,0,0.0,0.0
MBGL,2026-08-21,21.260000228881836,C,22.5,0.062509375,1,0,0.0,0.0
MBGL,2026-08-21,21.260000228881836,C,25.0,0.2500075,22,0,0.0,0.0
MBGL,2026-08-21,21.260000228881836,P,12.5,0.500005,1,0,0.0,0.0
MBGL,2026-08-21,21.260000228881836,P,20.0,0.062509375,20,0,0.0,0.0
SUNS,2026-08-21,7.71999979019165,C,10.0,0.2500075,2,0,0.0,0.0
SUNS,2026-08-21,7.71999979019165,P,2.5,0.500005,1,0,0.0,0.0
SUNS,2026-08-21,7.71999979019165,P,7.5,0.062509375,10,0,0.0,0.0
AD,2026-08-21,35.20000076293945,C,40.0,0.6621127539062501,10.0,10.0,0.0,1.0
GEN,2026-08-21,27.950000762939453,C,17.0,1.0000000000000003e-05,,0,0.0,0.0
GEN,2026-08-21,27.950000762939453,C,19.0,1.0000000000000003e-05,,0,0.0,0.0
GEN,2026-08-21,27.950000762939453,C,22.0,1.0000000000000003e-05,2.0,0,0.0,0.0
GEN,2026-08-21,27.950000762939453,C,23.0,1.0000000000000003e-05,1.0,0,0.0,0.0
GEN,2026-08-21,27.950000762939453,C,24.0,1.0000000000000003e-05,4.0,0,0.0,0.0
GEN,2026-08-21,27.950000762939453,C,25.0,1.0000000000000003e-05,1.0,0,0.0,0.0
GEN,2026-08-21,27.950000762939453,C,26.0,1.0000000000000003e-05,1.0,0,0.0,0.0
GEN,2026-08-21,27.950000762939453,C,27.0,1.0000000000000003e-05,6.0,0,0.0,0.0
GEN,2026-08-21,27.950000762939453,C,28.0,0.0039162109375,41.0,0,0.0,0.0
GEN,2026-08-21,27.950000762939453,C,29.0,0.062509375,11.0,0,0.0,0.0
GEN,2026-08-21,27.950000762939453,C,30.0,0.12500875,5.0,0,0.0,0.0
GEN,2026-08-21,27.950000762939453,C,31.0,0.12500875,3.0,0,0.0,0.0
GEN,2026-08-21,27.950000762939453,C,32.0,0.12500875,3.0,0,0.0,0.0
GEN,2026-08-21,27.950000762939453,C,33.0,0.2500075,1.0,0,0.0,0.0
GEN,2026-08-21,27.950000762939453,C,34.0,0.2500075,,0,0.0,0.0
GEN,2026-08-21,27.950000762939453,C,35.0,0.2500075,,0,0.0,0.0
GEN,2026-08-21,27.950000762939453,P,18.0,2.330082299804687,,88,0.0,2.15
GEN,2026-08-21,27.950000762939453,P,19.0,0.500005,,0,0.0,0.0
GEN,2026-08-21,27.950000762939453,P,20.0,0.500005,5.0,0,0.0,0.0
GEN,2026-08-21,27.950000762939453,P,21.0,0.2500075,18.0,0,0.0,0.0
GEN,2026-08-21,27.950000762939453,P,22.0,0.2500075,2.0,0,0.0,0.0
GEN,2026-08-21,27.950000762939453,P,23.0,0.2500075,1.0,0,0.0,0.0
GEN,2026-08-21,27.950000762939453,P,24.0,0.2500075,5.0,0,0.0,0.0
GEN,2026-08-21,27.950000762939453,P,25.0,0.12500875,4.0,0,0.0,0.0
GEN,2026-08-21,27.950000762939453,P,26.0,0.12500875,6.0,0,0.0,0.0
GEN,2026-08-21,27.950000762939453,P,27.0,0.062509375,1.0,0,0.0,0.0
GEN,2026-08-21,27.950000762939453,P,28.0,1.0000000000000003e-05,2.0,0,0.0,0.0
GEN,2026-08-21,27.950000762939453,P,29.0,1.0000000000000003e-05,,0,0.0,0.0
GEN,2026-08-21,27.950000762939453,P,33.0,1.0000000000000003e-05,1.0,0,0.0,0.0
LFST,2026-08-21,10.369999885559082,C,1.0,1.0000000000000003e-05,8,0,0.0,0.0
LFST,2026-08-21,10.369999885559082,C,7.0,1.0000000000000003e-05,1,0,0.0,0.0
LFST,2026-08-21,10.369999885559082,C,8.0,1.0000000000000003e-05,7,0,0.0,0.0
LFST,2026-08-21,10.369999885559082,C,9.0,1.0000000000000003e-05,2,0,0.0,0.0
LFST,2026-08-21,10.369999885559082,C,10.0,1.0000000000000003e-05,124,0,0.0,0.0
LFST,2026-08-21,10.369999885559082,C,11.0,0.062509375,111,0,0.0,0.0
LFST,2026-08-21,10.369999885559082,C,12.0,0.2500075,1,0,0.0,0.0
LFST,2026-08-21,10.369999885559082,C,13.0,0.2500075,1,0,0.0,0.0
LFST,2026-08-21,10.369999885559082,P,9.0,0.2500075,1,0,0.0,0.0
LFST,2026-08-21,10.369999885559082,P,10.0,0.062509375,1,0,0.0,0.0
LFST,2026-08-21,10.369999885559082,P,11.0,1.0000000000000003e-05,1,0,0.0,0.0
LFST,2026-08-21,10.369999885559082,P,12.0,1.0000000000000003e-05,6,0,0.0,0.0
OKLO,2026-08-07,42.9900016784668,C,23.0,1.0000000000000003e-05,1,0,0.0,0.0
OKLO,2026-08-07,42.9900016784668,C,25.0,1.0000000000000003e-05,2,0,0.0,0.0
OKLO,2026-08-07,42.9900016784668,C,26.0,1.0000000000000003e-05,1,0,0.0,0.0
OKLO,2026-08-07,42.9900016784668,C,29.0,1.0000000000000003e-05,1,0,0.0,0.0
OKLO,2026-08-07,42.9900016784668,C,29.5,1.0000000000000003e-05,1,0,0.0,0.0
OKLO,2026-08-07,42.9900016784668,C,30.0,1.0000000000000003e-05,1,0,0.0,0.0
OKLO,2026-08-07,42.9900016784668,C,30.5,1.0000000000000003e-05,1,0,0.0,0.0
OKLO,2026-08-07,42.9900016784668,C,31.0,1.0000000000000003e-05,1,0,0.0,0.0
OKLO,2026-08-07,42.9900016784668,C,31.5,1.0000000000000003e-05,1,0,0.0,0.0
OKLO,2026-08-07,42.9900016784668,C,32.0,1.0000000000000003e-05,3,0,0.0,0.0
OKLO,2026-08-07,42.9900016784668,C,32.5,1.0000000000000003e-05,1,0,0.0,0.0
OKLO,2026-08-07,42.9900016784668,C,33.0,1.0000000000000003e-05,1,0,0.0,0.0
OKLO,2026-08-07,42.9900016784668,C,33.5,1.0000000000000003e-05,4,0,0.0,0.0
OKLO,2026-08-07,42.9900016784668,C,34.0,1.0000000000000003e-05,6,0,0.0,0.0
OKLO,2026-08-07,42.9900016784668,C,34.5,1.0000000000000003e-05,1,0,0.0,0.0
OKLO,2026-08-07,42.9900016784668,C,35.0,1.0000000000000003e-05,30,0,0.0,0.0
OKLO,2026-08-07,42.9900016784668,C,35.5,1.0000000000000003e-05,1,0,0.0,0.0
OKLO,2026-08-07,42.9900016784668,C,36.0,1.0000000000000003e-05,1,0,0.0,0.0
OKLO,2026-08-07,42.9900016784668,C,36.5,1.0000000000000003e-05,10,0,0.0,0.0
OKLO,2026-08-07,42.9900016784668,C,37.0,1.0000000000000003e-05,1,0,0.0,0.0
OKLO,2026-08-07,42.9900016784668,C,37.5,1.0000000000000003e-05,1,0,0.0,0.0
OKLO,2026-08-07,42.9900016784668,C,38.0,1.0000000000000003e-05,4,0,0.0,0.0
OKLO,2026-08-07,42.9900016784668,C,38.5,1.0000000000000003e-05,1,0,0.0,0.0
OKLO,2026-08-07,42.9900016784668,C,39.0,1.0000000000000003e-05,103,0,0.0,0.0
OKLO,2026-08-07,42.9900016784668,C,39.5,1.0000000000000003e-05,3,0,0.0,0.0
OKLO,2026-08-07,42.9900016784668,C,40.0,1.0000000000000003e-05,151,0,0.0,0.0
OKLO,2026-08-07,42.9900016784668,C,40.5,1.0000000000000003e-05,5,0,0.0,0.0
OKLO,2026-08-07,42.9900016784668,C,41.0,1.0000000000000003e-05,18,0,0.0,0.0
OKLO,2026-08-07,42.9900016784668,C,41.5,1.0000000000000003e-05,10,0,0.0,0.0
OKLO,2026-08-07,42.9900016784668,C,42.0,1.0000000000000003e-05,29,0,0.0,0.0
OKLO,2026-08-07,42.9900016784668,C,42.5,1.0000000000000003e-05,81,0,0.0,0.0
OKLO,2026-08-07,42.9900016784668,C,43.0,0.00196310546875,162,0,0.0,0.0
OKLO,2026-08-07,42.9900016784668,C,43.5,0.062509375,136,0,0.0,0.0
OKLO,2026-08-07,42.9900016784668,C,44.0,0.12500875,495,0,0.0,0.0
OKLO,2026-08-07,42.9900016784668,C,44.5,0.12500875,125,0,0.0,0.0
OKLO,2026-08-07,42.9900016784668,C,45.0,0.12500875,374,0,0.0,0.0
OKLO,2026-08-07,42.9900016784668,C,45.5,0.2500075,158,0,0.0,0.0
OKLO,2026-08-07,42.9900016784668,C,46.0,0.2500075,573,0,0.0,0.0
OKLO,2026-08-07,42.9900016784668,C,46.5,0.2500075,303,0,0.0,0.0
OKLO,2026-08-07,42.9900016784668,C,47.0,0.2500075,251,0,0.0,0.0
OKLO,2026-08-07,42.9900016784668,C,47.5,0.2500075,77,0,0.0,0.0
OKLO,2026-08-07,42.9900016784668,C,48.0,0.500005,426,0,0.0,0.0
OKLO,2026-08-07,42.9900016784668,C,48.5,0.500005,24,0,0.0,0.0
OKLO,2026-08-07,42.9900016784668,C,49.0,0.500005,70,0,0.0,0.0
OKLO,2026-08-07,42.9900016784668,C,49.5,0.500005,16,0,0.0,0.0
OKLO,2026-08-07,42.9900016784668,C,50.0,0.500005,335,0,0.0,0.0
OKLO,2026-08-07,42.9900016784668,C,51.0,0.500005,78,0,0.0,0.0
OKLO,2026-08-07,42.9900016784668,C,52.0,0.500005,24,0,0.0,0.0
OKLO,2026-08-07,42.9900016784668,C,53.0,0.500005,19,0,0.0,0.0
OKLO,2026-08-07,42.9900016784668,C,54.0,0.500005,18,0,0.0,0.0
OKLO,2026-08-07,42.9900016784668,C,55.0,0.500005,136,0,0.0,0.0
OKLO,2026-08-07,42.9900016784668,C,56.0,0.500005,28,0,0.0,0.0
OKLO,2026-08-07,42.9900016784668,C,57.0,0.500005,6,0,0.0,0.0
OKLO,2026-08-07,42.9900016784668,C,58.0,0.500005,13,0,0.0,0.0
OKLO,2026-08-07,42.9900016784668,C,59.0,0.500005,4,0,0.0,0.0
OKLO,2026-08-07,42.9900016784668,C,60.0,0.500005,71,0,0.0,0.0
OKLO,2026-08-07,42.9900016784668,C,61.0,0.500005,2,0,0.0,0.0
OKLO,2026-08-07,42.9900016784668,C,62.0,0.500005,7,0,0.0,0.0
OKLO,2026-08-07,42.9900016784668,C,63.0,0.500005,1,0,0.0,0.0
OKLO,2026-08-07,42.9900016784668,C,64.0,0.500005,9,0,0.0,0.0
OKLO,2026-08-07,42.9900016784668,C,65.0,0.500005,10,0,0.0,0.0
OKLO,2026-08-07,42.9900016784668,C,66.0,0.500005,27,0,0.0,0.0
OKLO,2026-08-07,42.9900016784668,C,70.0,0.500005,1,0,0.0,0.0
OKLO,2026-08-07,42.9900016784668,C,75.0,0.500005,2,0,0.0,0.0
OKLO,2026-08-07,42.9900016784668,C,80.0,0.500005,1,0,0.0,0.0
OKLO,2026-08-07,42.9900016784668,P,21.0,0.500005,370,0,0.0,0.0
OKLO,2026-08-07,42.9900016784668,P,22.0,0.500005,162,0,0.0,0.0
OKLO,2026-08-07,42.9900016784668,P,23.0,0.500005,100,0,0.0,0.0
OKLO,2026-08-07,42.9900016784668,P,24.0,0.500005,400,0,0.0,0.0
OKLO,2026-08-07,42.9900016784668,P,25.0,0.500005,10,0,0.0,0.0
OKLO,2026-08-07,42.9900016784668,P,26.0,0.500005,2,0,0.0,0.0
OKLO,2026-08-07,42.9900016784668,P,27.0,0.500005,50,0,0.0,0.0
OKLO,2026-08-07,42.9900016784668,P,27.5,0.500005,38,0,0.0,0.0
OKLO,2026-08-07,42.9900016784668,P,28.0,0.500005,13,0,0.0,0.0
OKLO,2026-08-07,42.9900016784668,P,29.0,0.500005,3,0,0.0,0.0
OKLO,2026-08-07,42.9900016784668,P,29.5,0.500005,2,0,0.0,0.0
OKLO,2026-08-07,42.9900016784668,P,30.0,0.500005,1,0,0.0,0.0
OKLO,2026-08-07,42.9900016784668,P,30.5,0.500005,1,0,0.0,0.0
OKLO,2026-08-07,42.9900016784668,P,31.0,0.500005,14,0,0.0,0.0
OKLO,2026-08-07,42.9900016784668,P,31.5,0.500005,64,0,0.0,0.0
OKLO,2026-08-07,42.9900016784668,P,32.0,0.500005,9,0,0.0,0.0
OKLO,2026-08-07,42.9900016784668,P,32.5,0.500005,21,0,0.0,0.0
OKLO,2026-08-07,42.9900016784668,P,33.0,0.500005,4,0,0.0,0.0
OKLO,2026-08-07,42.9900016784668,P,33.5,0.500005,11,0,0.0,0.0
OKLO,2026-08-07,42.9900016784668,P,34.0,0.500005,17,0,0.0,0.0
OKLO,2026-08-07,42.9900016784668,P,34.5,0.500005,11,0,0.0,0.0
OKLO,2026-08-07,42.9900016784668,P,35.0,0.500005,63,0,0.0,0.0
OKLO,2026-08-07,42.9900016784668,P,35.5,0.500005,5,0,0.0,0.0
OKLO,2026-08-07,42.9900016784668,P,36.0,0.500005,500,0,0.0,0.0
OKLO,2026-08-07,42.9900016784668,P,36.5,0.500005,6,0,0.0,0.0
OKLO,2026-08-07,42.9900016784668,P,37.0,0.500005,25,0,0.0,0.0
OKLO,2026-08-07,42.9900016784668,P,37.5,0.500005,16,0,0.0,0.0
OKLO,2026-08-07,42.9900016784668,P,38.0,0.500005,140,0,0.0,0.0
OKLO,2026-08-07,42.9900016784668,P,38.5,0.500005,332,0,0.0,0.0
OKLO,2026-08-07,42.9900016784668,P,39.0,0.2500075,74,0,0.0,0.0
OKLO,2026-08-07,42.9900016784668,P,39.5,0.2500075,35,0,0.0,0.0
OKLO,2026-08-07,42.9900016784668,P,40.0,0.2500075,225,0,0.0,0.0
OKLO,2026-08-07,42.9900016784668,P,40.5,0.2500075,60,0,0.0,0.0
OKLO,2026-08-07,42.9900016784668,P,41.0,0.12500875,238,0,0.0,0.0
OKLO,2026-08-07,42.9900016784668,P,41.5,0.12500875,30,0,0.0,0.0
OKLO,2026-08-07,42.9900016784668,P,42.0,0.12500875,57,0,0.0,0.0
OKLO,2026-08-07,42.9900016784668,P,42.5,0.062509375,72,0,0.0,0.0
OKLO,2026-08-07,42.9900016784668,P,43.0,1.0000000000000003e-05,252,0,0.0,0.0
OKLO,2026-08-07,42.9900016784668,P,43.5,1.0000000000000003e-05,220,0,0.0,0.0
OKLO,2026-08-07,42.9900016784668,P,44.0,1.0000000000000003e-05,65,0,0.0,0.0
OKLO,2026-08-07,42.9900016784668,P,44.5,1.0000000000000003e-05,13,0,0.0,0.0
OKLO,2026-08-07,42.9900016784668,P,45.0,1.0000000000000003e-05,12,0,0.0,0.0
OKLO,2026-08-07,42.9900016784668,P,45.5,1.0000000000000003e-05,6,0,0.0,0.0
OKLO,2026-08-07,42.9900016784668,P,46.0,1.0000000000000003e-05,3,0,0.0,0.0
OKLO,2026-08-07,42.9900016784668,P,46.5,1.0000000000000003e-05,3,0,0.0,0.0
OKLO,2026-08-07,42.9900016784668,P,47.0,1.0000000000000003e-05,3,0,0.0,0.0
OKLO,2026-08-07,42.9900016784668,P,47.5,1.0000000000000003e-05,29,0,0.0,0.0
OKLO,2026-08-07,42.9900016784668,P,48.0,1.0000000000000003e-05,45,0,0.0,0.0
OKLO,2026-08-07,42.9900016784668,P,48.5,1.0000000000000003e-05,1,0,0.0,0.0
OKLO,2026-08-07,42.9900016784668,P,49.0,1.0000000000000003e-05,6,0,0.0,0.0
OKLO,2026-08-07,42.9900016784668,P,49.5,1.0000000000000003e-05,1,0,0.0,0.0
OKLO,2026-08-07,42.9900016784668,P,50.0,1.0000000000000003e-05,8,0,0.0,0.0
OKLO,2026-08-07,42.9900016784668,P,51.0,1.0000000000000003e-05,1,0,0.0,0.0
OKLO,2026-08-07,42.9900016784668,P,52.0,1.0000000000000003e-05,2,0,0.0,0.0
OKLO,2026-08-07,42.9900016784668,P,53.0,1.0000000000000003e-05,4,0,0.0,0.0
OKLO,2026-08-07,42.9900016784668,P,54.0,1.0000000000000003e-05,4,0,0.0,0.0
OKLO,2026-08-07,42.9900016784668,P,55.0,1.0000000000000003e-05,12,0,0.0,0.0
OKLO,2026-08-07,42.9900016784668,P,56.0,1.0000000000000003e-05,2,0,0.0,0.0
OKLO,2026-08-07,42.9900016784668,P,57.0,1.0000000000000003e-05,1,0,0.0,0.0
OKLO,2026-08-07,42.9900016784668,P,58.0,1.0000000000000003e-05,1,0,0.0,0.0
OKLO,2026-08-07,42.9900016784668,P,59.0,1.0000000000000003e-05,1,0,0.0,0.0
OKLO,2026-08-07,42.9900016784668,P,60.0,1.0000000000000003e-05,9,0,0.0,0.0
OKLO,2026-08-07,42.9900016784668,P,61.0,1.0000000000000003e-05,2,0,0.0,0.0
OKLO,2026-08-07,42.9900016784668,P,62.0,1.0000000000000003e-05,6,0,0.0,0.0
OKLO,2026-08-07,42.9900016784668,P,63.0,1.0000000000000003e-05,1,0,0.0,0.0
OKLO,2026-08-07,42.9900016784668,P,64.0,1.0000000000000003e-05,3,0,0.0,0.0
OKLO,2026-08-07,42.9900016784668,P,65.0,1.0000000000000003e-05,1,0,0.0,0.0
OKLO,2026-08-07,42.9900016784668,P,66.0,1.0000000000000003e-05,5,0,0.0,0.0
OKLO,2026-08-07,42.9900016784668,P,70.0,1.0000000000000003e-05,1,0,0.0,0.0
OKLO,2026-08-07,42.9900016784668,P,75.0,1.0000000000000003e-05,2,0,0.0,0.0
OKLO,2026-08-07,42.9900016784668,P,80.0,1.0000000000000003e-05,2,0,0.0,0.0
IAG,2026-08-21,15.890000343322754,C,3.0,1.0000000000000003e-05,13.0,0,0.0,0.0
IAG,2026-08-21,15.890000343322754,C,5.0,1.0000000000000003e-05,2.0,0,0.0,0.0
IAG,2026-08-21,15.890000343322754,C,8.0,1.0000000000000003e-05,18.0,0,0.0,0.0
IAG,2026-08-21,15.890000343322754,C,10.0,1.0000000000000003e-05,2.0,0,0.0,0.0
IAG,2026-08-21,15.890000343322754,C,11.0,1.0000000000000003e-05,1.0,0,0.0,0.0
IAG,2026-08-21,15.890000343322754,C,12.0,1.0000000000000003e-05,6.0,0,0.0,0.0
IAG,2026-08-21,15.890000343322754,C,13.0,1.0000000000000003e-05,2.0,0,0.0,0.0
IAG,2026-08-21,15.890000343322754,C,14.0,1.0000000000000003e-05,115.0,0,0.0,0.0
IAG,2026-08-21,15.890000343322754,C,15.0,1.0000000000000003e-05,80.0,0,0.0,0.0
IAG,2026-08-21,15.890000343322754,C,16.0,0.015634843750000002,510.0,0,0.0,0.0
IAG,2026-08-21,15.890000343322754,C,17.0,0.12500875,131.0,0,0.0,0.0
IAG,2026-08-21,15.890000343322754,C,18.0,0.12500875,261.0,0,0.0,0.0
IAG,2026-08-21,15.890000343322754,C,19.0,0.2500075,31.0,0,0.0,0.0
IAG,2026-08-21,15.890000343322754,C,20.0,0.2500075,3.0,0,0.0,0.0
IAG,2026-08-21,15.890000343322754,C,21.0,0.2500075,1.0,0,0.0,0.0
IAG,2026-08-21,15.890000343322754,C,22.0,0.500005,1.0,0,0.0,0.0
IAG,2026-08-21,15.890000343322754,C,23.0,0.500005,2.0,0,0.0,0.0
IAG,2026-08-21,15.890000343322754,C,24.0,0.500005,1.0,0,0.0,0.0
IAG,2026-08-21,15.890000343322754,C,25.0,0.500005,20.0,0,0.0,0.0
IAG,2026-08-21,15.890000343322754,C,26.0,0.500005,1.0,0,0.0,0.0
IAG,2026-08-21,15.890000343322754,C,27.0,0.500005,1.0,0,0.0,0.0
IAG,2026-08-21,15.890000343322754,C,28.0,2.031254921875,3.0,48,0.0,0.75
IAG,2026-08-21,15.890000343322754,C,29.0,2.1152390869140625,1.0,8,0.0,0.75
IAG,2026-08-21,15.890000343322754,C,30.0,0.500005,4.0,0,0.0,0.0
IAG,2026-08-21,15.890000343322754,C,31.0,0.500005,3.0,0,0.0,0.0
IAG,2026-08-21,15.890000343322754,C,32.0,2.3437541406249993,2.0,9,0.0,0.75
IAG,2026-08-21,15.890000343322754,C,33.0,2.4140664648437498,1.0,4,0.0,0.75
IAG,2026-08-21,15.890000343322754,C,34.0,0.500005,1.0,0,0.0,0.0
IAG,2026-08-21,15.890000343322754,C,35.0,0.500005,1.0,0,0.0,0.0
IAG,2026-08-21,15.890000343322754,C,36.0,0.500005,2.0,0,0.0,0.0
IAG,2026-08-21,15.890000343322754,C,37.0,2.6679720800781253,1.0,3,0.0,0.75
IAG,2026-08-21,15.890000343322754,C,38.0,0.500005,2.0,0,0.0,0.0
IAG,2026-08-21,15.890000343322754,C,39.0,2.5039099902343747,10.0,149,0.0,0.45
IAG,2026-08-21,15.890000343322754,P,3.0,1.000005,,0,0.0,0.0
IAG,2026-08-21,15.890000343322754,P,8.0,0.500005,1.0,0,0.0,0.0
IAG,2026-08-21,15.890000343322754,P,10.0,0.500005,1.0,0,0.0,0.0
IAG,2026-08-21,15.890000343322754,P,11.0,1.716798291015625,1.0,8,0.0,0.75
IAG,2026-08-21,15.890000343322754,P,12.0,0.2500075,1.0,0,0.0,0.0
IAG,2026-08-21,15.890000343322754,P,13.0,0.2500075,4.0,0,0.0,0.0
IAG,2026-08-21,15.890000343322754,P,14.0,0.12500875,5.0,0,0.0,0.0
IAG,2026-08-21,15.890000343322754,P,15.0,0.062509375,13.0,0,0.0,0.0
IAG,2026-08-21,15.890000343322754,P,16.0,1.0000000000000003e-05,38.0,0,0.0,0.0
IAG,2026-08-21,15.890000343322754,P,17.0,1.0000000000000003e-05,50.0,0,0.0,0.0
IAG,2026-08-21,15.890000343322754,P,18.0,1.0000000000000003e-05,1.0,0,0.0,0.0
IAG,2026-08-21,15.890000343322754,P,19.0,1.0000000000000003e-05,10.0,0,0.0,0.0
IAG,2026-08-21,15.890000343322754,P,20.0,1.0000000000000003e-05,4.0,0,0.0,0.0
IAG,2026-08-21,15.890000343322754,P,21.0,1.0000000000000003e-05,2.0,0,0.0,0.0
IAG,2026-08-21,15.890000343322754,P,22.0,1.0000000000000003e-05,1.0,0,0.0,0.0
IAG,2026-08-21,15.890000343322754,P,23.0,1.0000000000000003e-05,2.0,0,0.0,0.0
IAG,2026-08-21,15.890000343322754,P,24.0,1.0000000000000003e-05,2.0,0,0.0,0.0
IAG,2026-08-21,15.890000343322754,P,25.0,1.0000000000000003e-05,2.0,0,0.0,0.0
IAG,2026-08-21,15.890000343322754,P,26.0,1.0000000000000003e-05,10.0,0,0.0,0.0
IAG,2026-08-21,15.890000343322754,P,27.0,1.0000000000000003e-05,1.0,0,0.0,0.0
IAG,2026-08-21,15.890000343322754,P,28.0,1.0000000000000003e-05,4.0,0,0.0,0.0
IAG,2026-08-21,15.890000343322754,P,29.0,1.0000000000000003e-05,2.0,0,0.0,0.0
IAG,2026-08-21,15.890000343322754,P,30.0,1.0000000000000003e-05,2.0,0,0.0,0.0
IAG,2026-08-21,15.890000343322754,P,31.0,1.0000000000000003e-05,2.0,0,0.0,0.0
IAG,2026-08-21,15.890000343322754,P,32.0,1.0000000000000003e-05,2.0,0,0.0,0.0
IAG,2026-08-21,15.890000343322754,P,33.0,1.0000000000000003e-05,10.0,0,0.0,0.0
IAG,2026-08-21,15.890000343322754,P,34.0,1.0000000000000003e-05,2.0,0,0.0,0.0
IAG,2026-08-21,15.890000343322754,P,35.0,1.0000000000000003e-05,14.0,0,0.0,0.0
IAG,2026-08-21,15.890000343322754,P,36.0,1.0000000000000003e-05,28.0,0,0.0,0.0
IAG,2026-08-21,15.890000343322754,P,38.0,1.0000000000000003e-05,,0,0.0,0.0
IAG,2026-08-21,15.890000343322754,P,39.0,1.0000000000000003e-05,,0,0.0,0.0
APYX,2026-08-21,4.139999866485596,C,2.5,1.0000000000000003e-05,1,0,0.0,0.0
APYX,2026-08-21,4.139999866485596,C,5.0,0.2500075,1,0,0.0,0.0
APYX,2026-08-21,4.139999866485596,C,7.5,0.500005,1,0,0.0,0.0
APYX,2026-08-21,4.139999866485596,P,2.5,0.500005,1,0,0.0,0.0
APYX,2026-08-21,4.139999866485596,P,5.0,1.0000000000000003e-05,2,0,0.0,0.0
APYX,2026-08-21,4.139999866485596,P,7.5,1.0000000000000003e-05,1,0,0.0,0.0
AFL,2026-08-07,125.55999755859375,C,60.0,1.0000000000000003e-05,2.0,0,0.0,0.0
AFL,2026-08-07,125.55999755859375,C,65.0,1.0000000000000003e-05,2.0,0,0.0,0.0
AFL,2026-08-07,125.55999755859375,C,70.0,1.0000000000000003e-05,4.0,0,0.0,0.0
AFL,2026-08-07,125.55999755859375,C,75.0,1.0000000000000003e-05,2.0,0,0.0,0.0
AFL,2026-08-07,125.55999755859375,C,80.0,1.0000000000000003e-05,2.0,0,0.0,0.0
AFL,2026-08-07,125.55999755859375,C,85.0,1.0000000000000003e-05,12.0,0,0.0,0.0
AFL,2026-08-07,125.55999755859375,C,90.0,1.0000000000000003e-05,12.0,0,0.0,0.0
AFL,2026-08-07,125.55999755859375,C,104.0,1.0000000000000003e-05,2.0,0,0.0,0.0
AFL,2026-08-07,125.55999755859375,C,115.0,1.0000000000000003e-05,9.0,0,0.0,0.0
AFL,2026-08-07,125.55999755859375,C,116.0,1.0000000000000003e-05,1.0,0,0.0,0.0
AFL,2026-08-07,125.55999755859375,C,117.0,1.0000000000000003e-05,1.0,0,0.0,0.0
AFL,2026-08-07,125.55999755859375,C,118.0,1.0000000000000003e-05,23.0,0,0.0,0.0
AFL,2026-08-07,125.55999755859375,C,119.0,1.0000000000000003e-05,12.0,0,0.0,0.0
AFL,2026-08-07,125.55999755859375,C,120.0,1.0000000000000003e-05,2.0,0,0.0,0.0
AFL,2026-08-07,125.55999755859375,C,121.0,1.0000000000000003e-05,1.0,0,0.0,0.0
AFL,2026-08-07,125.55999755859375,C,122.0,1.0000000000000003e-05,3.0,0,0.0,0.0
AFL,2026-08-07,125.55999755859375,C,123.0,1.0000000000000003e-05,1.0,0,0.0,0.0
AFL,2026-08-07,125.55999755859375,C,124.0,1.0000000000000003e-05,1.0,0,0.0,0.0
AFL,2026-08-07,125.55999755859375,C,125.0,1.0000000000000003e-05,11.0,0,0.0,0.0
AFL,2026-08-07,125.55999755859375,C,126.0,0.015634843750000002,3.0,0,0.0,0.0
AFL,2026-08-07,125.55999755859375,C,127.0,0.0312596875,2.0,0,0.0,0.0
AFL,2026-08-07,125.55999755859375,C,128.0,0.062509375,2.0,0,0.0,0.0
AFL,2026-08-07,125.55999755859375,C,129.0,0.12500875,3.0,0,0.0,0.0
AFL,2026-08-07,125.55999755859375,C,130.0,0.12500875,1.0,0,0.0,0.0
AFL,2026-08-07,125.55999755859375,C,131.0,0.12500875,2.0,0,0.0,0.0
AFL,2026-08-07,125.55999755859375,C,132.0,0.12500875,4.0,0,0.0,0.0
AFL,2026-08-07,125.55999755859375,C,133.0,0.2500075,110.0,0,0.0,0.0
AFL,2026-08-07,125.55999755859375,C,134.0,0.2500075,1.0,0,0.0,0.0
AFL,2026-08-07,125.55999755859375,C,135.0,0.2500075,,0,0.0,0.0
AFL,2026-08-07,125.55999755859375,C,136.0,0.2500075,1.0,0,0.0,0.0
AFL,2026-08-07,125.55999755859375,C,139.0,0.2500075,,0,0.0,0.0
AFL,2026-08-07,125.55999755859375,C,140.0,0.2500075,,0,0.0,0.0
AFL,2026-08-07,125.55999755859375,P,80.0,0.500005,1.0,0,0.0,0.0
AFL,2026-08-07,125.55999755859375,P,108.0,0.500005,13.0,0,0.0,0.0
AFL,2026-08-07,125.55999755859375,P,109.0,0.500005,4.0,0,0.0,0.0
AFL,2026-08-07,125.55999755859375,P,110.0,0.500005,4.0,0,0.0,0.0
AFL,2026-08-07,125.55999755859375,P,111.0,0.500005,4.0,0,0.0,0.0
AFL,2026-08-07,125.55999755859375,P,112.0,0.2500075,1.0,0,0.0,0.0
AFL,2026-08-07,125.55999755859375,P,113.0,0.2500075,,0,0.0,0.0
AFL,2026-08-07,125.55999755859375,P,114.0,0.2500075,8.0,0,0.0,0.0
AFL,2026-08-07,125.55999755859375,P,115.0,0.2500075,3.0,0,0.0,0.0
AFL,2026-08-07,125.55999755859375,P,116.0,0.2500075,12.0,0,0.0,0.0
AFL,2026-08-07,125.55999755859375,P,117.0,0.2500075,1.0,0,0.0,0.0
AFL,2026-08-07,125.55999755859375,P,118.0,0.2500075,1.0,0,0.0,0.0
AFL,2026-08-07,125.55999755859375,P,119.0,0.12500875,1.0,0,0.0,0.0
AFL,2026-08-07,125.55999755859375,P,120.0,0.12500875,33.0,0,0.0,0.0
AFL,2026-08-07,125.55999755859375,P,121.0,0.12500875,1.0,0,0.0,0.0
AFL,2026-08-07,125.55999755859375,P,122.0,0.12500875,2.0,0,0.0,0.0
AFL,2026-08-07,125.55999755859375,P,123.0,0.062509375,34.0,0,0.0,0.0
AFL,2026-08-07,125.55999755859375,P,124.0,0.062509375,8.0,0,0.0,0.0
AFL,2026-08-07,125.55999755859375,P,125.0,0.015634843750000002,3.0,0,0.0,0.0
AFL,2026-08-07,125.55999755859375,P,126.0,1.0000000000000003e-05,2.0,0,0.0,0.0
AFL,2026-08-07,125.55999755859375,P,127.0,1.0000000000000003e-05,3.0,0,0.0,0.0
AFL,2026-08-07,125.55999755859375,P,128.0,1.0000000000000003e-05,2.0,0,0.0,0.0
AFL,2026-08-07,125.55999755859375,P,129.0,1.0000000000000003e-05,9.0,0,0.0,0.0
AFL,2026-08-07,125.55999755859375,P,130.0,1.0000000000000003e-05,,0,0.0,0.0
AFL,2026-08-07,125.55999755859375,P,131.0,1.0000000000000003e-05,3.0,0,0.0,0.0
AFL,2026-08-07,125.55999755859375,P,132.0,1.0000000000000003e-05,,0,0.0,0.0
AFL,2026-08-07,125.55999755859375,P,133.0,1.0000000000000003e-05,,0,0.0,0.0
AFL,2026-08-07,125.55999755859375,P,134.0,1.0000000000000003e-05,4.0,0,0.0,0.0
AFL,2026-08-07,125.55999755859375,P,137.0,1.0000000000000003e-05,4.0,0,0.0,0.0
AFL,2026-08-07,125.55999755859375,P,140.0,1.0000000000000003e-05,2.0,0,0.0,0.0
VSTM,2026-08-21,5.869999885559082,C,2.0,1.0000000000000003e-05,1.0,0,0.0,0.0
VSTM,2026-08-21,5.869999885559082,C,3.0,1.0000000000000003e-05,9.0,0,0.0,0.0
VSTM,2026-08-21,5.869999885559082,C,4.0,1.0000000000000003e-05,10.0,0,0.0,0.0
VSTM,2026-08-21,5.869999885559082,C,5.0,1.0000000000000003e-05,10.0,0,0.0,0.0
VSTM,2026-08-21,5.869999885559082,C,6.0,0.0312596875,1.0,0,0.0,0.0
VSTM,2026-08-21,5.869999885559082,C,7.0,0.2500075,5.0,0,0.0,0.0
VSTM,2026-08-21,5.869999885559082,C,8.0,0.500005,5.0,0,0.0,0.0
VSTM,2026-08-21,5.869999885559082,C,9.0,0.500005,10.0,0,0.0,0.0
VSTM,2026-08-21,5.869999885559082,P,1.0,0.500005,,0,0.0,0.0
VSTM,2026-08-21,5.869999885559082,P,3.0,0.500005,,0,0.0,0.0
VSTM,2026-08-21,5.869999885559082,P,4.0,0.500005,1.0,0,0.0,0.0
VSTM,2026-08-21,5.869999885559082,P,5.0,0.2500075,10.0,0,0.0,0.0
VSTM,2026-08-21,5.869999885559082,P,6.0,1.0000000000000003e-05,2.0,0,0.0,0.0
VTEX,2026-08-21,4.400000095367432,C,5.0,0.2500075,1.0,0,0.0,0.0
VTEX,2026-08-21,4.400000095367432,C,7.5,0.500005,,0,0.0,0.0
VTEX,2026-08-21,4.400000095367432,P,2.5,0.500005,,0,0.0,0.0
KINS,2026-08-21,20.3799991607666,C,15.0,1.0000000000000003e-05,,0,0.0,0.0
KINS,2026-08-21,20.3799991607666,C,17.5,1.0000000000000003e-05,11.0,0,0.0,0.0
KINS,2026-08-21,20.3799991607666,C,20.0,1.0000000000000003e-05,28.0,0,0.0,0.0
KINS,2026-08-21,20.3799991607666,C,22.5,0.12500875,49.0,0,0.0,0.0
KINS,2026-08-21,20.3799991607666,C,25.0,0.2500075,,0,0.0,0.0
KINS,2026-08-21,20.3799991607666,C,30.0,0.500005,20.0,0,0.0,0.0
KINS,2026-08-21,20.3799991607666,P,17.5,0.2500075,1.0,0,0.0,0.0
KINS,2026-08-21,20.3799991607666,P,20.0,0.0312596875,5.0,0,0.0,0.0
AAOI,2026-08-07,128.55999755859375,C,50.0,1.0000000000000003e-05,5.0,0,0.0,0.0
AAOI,2026-08-07,128.55999755859375,C,55.0,1.0000000000000003e-05,32.0,0,0.0,0.0
AAOI,2026-08-07,128.55999755859375,C,56.0,1.0000000000000003e-05,30.0,0,0.0,0.0
AAOI,2026-08-07,128.55999755859375,C,60.0,1.0000000000000003e-05,44.0,0,0.0,0.0
AAOI,2026-08-07,128.55999755859375,C,63.0,1.0000000000000003e-05,20.0,0,0.0,0.0
AAOI,2026-08-07,128.55999755859375,C,64.0,1.0000000000000003e-05,40.0,0,0.0,0.0
AAOI,2026-08-07,128.55999755859375,C,68.0,1.0000000000000003e-05,1.0,0,0.0,0.0
AAOI,2026-08-07,128.55999755859375,C,70.0,1.0000000000000003e-05,5.0,0,0.0,0.0
AAOI,2026-08-07,128.55999755859375,C,71.0,1.0000000000000003e-05,5.0,0,0.0,0.0
AAOI,2026-08-07,128.55999755859375,C,72.0,1.0000000000000003e-05,9.0,0,0.0,0.0
AAOI,2026-08-07,128.55999755859375,C,73.0,1.0000000000000003e-05,1.0,0,0.0,0.0
AAOI,2026-08-07,128.55999755859375,C,74.0,1.0000000000000003e-05,1.0,0,0.0,0.0
AAOI,2026-08-07,128.55999755859375,C,75.0,1.0000000000000003e-05,2.0,0,0.0,0.0
AAOI,2026-08-07,128.55999755859375,C,76.0,1.0000000000000003e-05,7.0,0,0.0,0.0
AAOI,2026-08-07,128.55999755859375,C,77.0,1.0000000000000003e-05,5.0,0,0.0,0.0
AAOI,2026-08-07,128.55999755859375,C,78.0,1.0000000000000003e-05,2.0,0,0.0,0.0
AAOI,2026-08-07,128.55999755859375,C,79.0,1.0000000000000003e-05,1.0,0,0.0,0.0
AAOI,2026-08-07,128.55999755859375,C,80.0,1.0000000000000003e-05,1.0,0,0.0,0.0
AAOI,2026-08-07,128.55999755859375,C,81.0,1.0000000000000003e-05,2.0,0,0.0,0.0
AAOI,2026-08-07,128.55999755859375,C,82.0,1.0000000000000003e-05,1.0,0,0.0,0.0
AAOI,2026-08-07,128.55999755859375,C,83.0,1.0000000000000003e-05,3.0,0,0.0,0.0
AAOI,2026-08-07,128.55999755859375,C,84.0,1.0000000000000003e-05,3.0,0,0.0,0.0
AAOI,2026-08-07,128.55999755859375,C,85.0,1.0000000000000003e-05,3.0,0,0.0,0.0
AAOI,2026-08-07,128.55999755859375,C,86.0,1.0000000000000003e-05,2.0,0,0.0,0.0
AAOI,2026-08-07,128.55999755859375,C,87.0,1.0000000000000003e-05,3.0,0,0.0,0.0
AAOI,2026-08-07,128.55999755859375,C,88.0,1.0000000000000003e-05,2.0,0,0.0,0.0
AAOI,2026-08-07,128.55999755859375,C,89.0,1.0000000000000003e-05,1.0,0,0.0,0.0
AAOI,2026-08-07,128.55999755859375,C,90.0,1.0000000000000003e-05,59.0,0,0.0,0.0
AAOI,2026-08-07,128.55999755859375,C,91.0,1.0000000000000003e-05,2.0,0,0.0,0.0
AAOI,2026-08-07,128.55999755859375,C,92.0,1.0000000000000003e-05,3.0,0,0.0,0.0
AAOI,2026-08-07,128.55999755859375,C,93.0,1.0000000000000003e-05,6.0,0,0.0,0.0
AAOI,2026-08-07,128.55999755859375,C,94.0,1.0000000000000003e-05,3.0,0,0.0,0.0
AAOI,2026-08-07,128.55999755859375,C,95.0,1.0000000000000003e-05,7.0,0,0.0,0.0
AAOI,2026-08-07,128.55999755859375,C,96.0,1.0000000000000003e-05,1.0,0,0.0,0.0
AAOI,2026-08-07,128.55999755859375,C,96.5,1.0000000000000003e-05,3.0,0,0.0,0.0
AAOI,2026-08-07,128.55999755859375,C,97.0,1.0000000000000003e-05,6.0,0,0.0,0.0
AAOI,2026-08-07,128.55999755859375,C,97.5,1.0000000000000003e-05,1.0,0,0.0,0.0
AAOI,2026-08-07,128.55999755859375,C,98.0,1.0000000000000003e-05,1.0,0,0.0,0.0
AAOI,2026-08-07,128.55999755859375,C,98.5,1.0000000000000003e-05,1.0,0,0.0,0.0
AAOI,2026-08-07,128.55999755859375,C,99.0,1.0000000000000003e-05,10.0,0,0.0,0.0
AAOI,2026-08-07,128.55999755859375,C,100.0,1.0000000000000003e-05,122.0,0,0.0,0.0
AAOI,2026-08-07,128.55999755859375,C,101.0,1.0000000000000003e-05,4.0,0,0.0,0.0
AAOI,2026-08-07,128.55999755859375,C,102.0,1.0000000000000003e-05,1.0,0,0.0,0.0
AAOI,2026-08-07,128.55999755859375,C,103.0,1.0000000000000003e-05,2.0,0,0.0,0.0
AAOI,2026-08-07,128.55999755859375,C,104.0,1.0000000000000003e-05,5.0,0,0.0,0.0
AAOI,2026-08-07,128.55999755859375,C,105.0,1.0000000000000003e-05,46.0,0,0.0,0.0
AAOI,2026-08-07,128.55999755859375,C,106.0,1.0000000000000003e-05,8.0,0,0.0,0.0
AAOI,2026-08-07,128.55999755859375,C,107.0,1.0000000000000003e-05,9.0,0,0.0,0.0
AAOI,2026-08-07,128.55999755859375,C,108.0,1.0000000000000003e-05,2.0,0,0.0,0.0
AAOI,2026-08-07,128.55999755859375,C,109.0,1.0000000000000003e-05,42.0,0,0.0,0.0
AAOI,2026-08-07,128.55999755859375,C,110.0,1.0000000000000003e-05,296.0,0,0.0,0.0
AAOI,2026-08-07,128.55999755859375,C,111.0,1.0000000000000003e-05,29.0,0,0.0,0.0
AAOI,2026-08-07,128.55999755859375,C,112.0,1.0000000000000003e-05,8.0,0,0.0,0.0
AAOI,2026-08-07,128.55999755859375,C,113.0,1.0000000000000003e-05,7.0,0,0.0,0.0
AAOI,2026-08-07,128.55999755859375,C,114.0,1.0000000000000003e-05,17.0,0,0.0,0.0
AAOI,2026-08-07,128.55999755859375,C,115.0,1.0000000000000003e-05,82.0,0,0.0,0.0
AAOI,2026-08-07,128.55999755859375,C,116.0,1.0000000000000003e-05,17.0,0,0.0,0.0
AAOI,2026-08-07,128.55999755859375,C,117.0,1.0000000000000003e-05,11.0,0,0.0,0.0
AAOI,2026-08-07,128.55999755859375,C,118.0,1.0000000000000003e-05,13.0,0,0.0,0.0
AAOI,2026-08-07,128.55999755859375,C,119.0,1.0000000000000003e-05,15.0,0,0.0,0.0
AAOI,2026-08-07,128.55999755859375,C,120.0,1.0000000000000003e-05,204.0,0,0.0,0.0
AAOI,2026-08-07,128.55999755859375,C,121.0,1.0000000000000003e-05,1.0,0,0.0,0.0
AAOI,2026-08-07,128.55999755859375,C,122.0,1.0000000000000003e-05,6.0,0,0.0,0.0
AAOI,2026-08-07,128.55999755859375,C,123.0,1.0000000000000003e-05,2.0,0,0.0,0.0
AAOI,2026-08-07,128.55999755859375,C,124.0,1.0000000000000003e-05,93.0,0,0.0,0.0
AAOI,2026-08-07,128.55999755859375,C,125.0,1.0000000000000003e-05,61.0,0,0.0,0.0
AAOI,2026-08-07,128.55999755859375,C,126.0,1.0000000000000003e-05,18.0,0,0.0,0.0
AAOI,2026-08-07,128.55999755859375,C,127.0,1.0000000000000003e-05,3.0,0,0.0,0.0
AAOI,2026-08-07,128.55999755859375,C,128.0,1.0000000000000003e-05,9.0,0,0.0,0.0
AAOI,2026-08-07,128.55999755859375,C,129.0,0.015634843750000002,35.0,0,0.0,0.0
AAOI,2026-08-07,128.55999755859375,C,130.0,0.0312596875,1218.0,0,0.0,0.0
AAOI,2026-08-07,128.55999755859375,C,131.0,0.062509375,141.0,0,0.0,0.0
AAOI,2026-08-07,128.55999755859375,C,132.0,0.12500875,201.0,0,0.0,0.0
AAOI,2026-08-07,128.55999755859375,C,133.0,0.12500875,66.0,0,0.0,0.0
AAOI,2026-08-07,128.55999755859375,C,134.0,0.12500875,170.0,0,0.0,0.0
AAOI,2026-08-07,128.55999755859375,C,135.0,0.12500875,269.0,0,0.0,0.0
AAOI,2026-08-07,128.55999755859375,C,136.0,0.2500075,76.0,0,0.0,0.0
AAOI,2026-08-07,128.55999755859375,C,137.0,0.2500075,114.0,0,0.0,0.0
AAOI,2026-08-07,128.55999755859375,C,138.0,0.2500075,109.0,0,0.0,0.0
AAOI,2026-08-07,128.55999755859375,C,139.0,0.2500075,116.0,0,0.0,0.0
AAOI,2026-08-07,128.55999755859375,C,140.0,0.2500075,1627.0,0,0.0,0.0
AAOI,2026-08-07,128.55999755859375,C,141.0,0.2500075,61.0,0,0.0,0.0
AAOI,2026-08-07,128.55999755859375,C,142.0,0.2500075,36.0,0,0.0,0.0
AAOI,2026-08-07,128.55999755859375,C,143.0,0.2500075,70.0,0,0.0,0.0
AAOI,2026-08-07,128.55999755859375,C,144.0,0.2500075,47.0,0,0.0,0.0
AAOI,2026-08-07,128.55999755859375,C,145.0,0.500005,643.0,0,0.0,0.0
AAOI,2026-08-07,128.55999755859375,C,146.0,0.500005,38.0,0,0.0,0.0
AAOI,2026-08-07,128.55999755859375,C,147.0,0.500005,29.0,0,0.0,0.0
AAOI,2026-08-07,128.55999755859375,C,148.0,0.500005,18.0,0,0.0,0.0
AAOI,2026-08-07,128.55999755859375,C,149.0,0.500005,18.0,0,0.0,0.0
AAOI,2026-08-07,128.55999755859375,C,150.0,0.500005,1744.0,0,0.0,0.0
AAOI,2026-08-07,128.55999755859375,C,152.5,0.500005,73.0,0,0.0,0.0
AAOI,2026-08-07,128.55999755859375,C,155.0,0.500005,238.0,0,0.0,0.0
AAOI,2026-08-07,128.55999755859375,C,157.5,0.500005,93.0,0,0.0,0.0
AAOI,2026-08-07,128.55999755859375,C,160.0,0.500005,386.0,0,0.0,0.0
AAOI,2026-08-07,128.55999755859375,C,162.5,0.500005,68.0,0,0.0,0.0
AAOI,2026-08-07,128.55999755859375,C,165.0,0.500005,264.0,0,0.0,0.0
AAOI,2026-08-07,128.55999755859375,C,170.0,0.500005,1969.0,0,0.0,0.0
AAOI,2026-08-07,128.55999755859375,C,175.0,0.500005,193.0,0,0.0,0.0
AAOI,2026-08-07,128.55999755859375,C,180.0,0.500005,230.0,0,0.0,0.0
AAOI,2026-08-07,128.55999755859375,C,185.0,0.500005,58.0,0,0.0,0.0
AAOI,2026-08-07,128.55999755859375,C,190.0,0.500005,232.0,0,0.0,0.0
AAOI,2026-08-07,128.55999755859375,C,195.0,0.500005,30.0,0,0.0,0.0
AAOI,2026-08-07,128.55999755859375,C,200.0,0.500005,258.0,0,0.0,0.0
AAOI,2026-08-07,128.55999755859375,C,205.0,0.500005,117.0,0,0.0,0.0
AAOI,2026-08-07,128.55999755859375,C,210.0,0.500005,54.0,0,0.0,0.0
AAOI,2026-08-07,128.55999755859375,C,215.0,0.500005,3.0,0,0.0,0.0
AAOI,2026-08-07,128.55999755859375,C,220.0,0.500005,2542.0,0,0.0,0.0
AAOI,2026-08-07,128.55999755859375,C,225.0,0.500005,59.0,0,0.0,0.0
AAOI,2026-08-07,128.55999755859375,P,50.0,0.500005,2.0,0,0.0,0.0
AAOI,2026-08-07,128.55999755859375,P,52.0,0.500005,2.0,0,0.0,0.0
AAOI,2026-08-07,128.55999755859375,P,53.0,0.500005,1.0,0,0.0,0.0
AAOI,2026-08-07,128.55999755859375,P,54.0,0.500005,20.0,0,0.0,0.0
AAOI,2026-08-07,128.55999755859375,P,55.0,0.500005,6.0,0,0.0,0.0
AAOI,2026-08-07,128.55999755859375,P,56.0,0.500005,2.0,0,0.0,0.0
AAOI,2026-08-07,128.55999755859375,P,57.0,0.500005,1.0,0,0.0,0.0
AAOI,2026-08-07,128.55999755859375,P,58.0,0.500005,1.0,0,0.0,0.0
AAOI,2026-08-07,128.55999755859375,P,59.0,0.500005,1.0,0,0.0,0.0
AAOI,2026-08-07,128.55999755859375,P,60.0,0.500005,45.0,0,0.0,0.0
AAOI,2026-08-07,128.55999755859375,P,61.0,0.500005,7.0,0,0.0,0.0
AAOI,2026-08-07,128.55999755859375,P,62.0,0.500005,25.0,0,0.0,0.0
AAOI,2026-08-07,128.55999755859375,P,63.0,0.500005,4.0,0,0.0,0.0
AAOI,2026-08-07,128.55999755859375,P,64.0,0.500005,38.0,0,0.0,0.0
AAOI,2026-08-07,128.55999755859375,P,65.0,0.500005,16.0,0,0.0,0.0
AAOI,2026-08-07,128.55999755859375,P,66.0,0.500005,2.0,0,0.0,0.0
AAOI,2026-08-07,128.55999755859375,P,67.0,0.500005,2.0,0,0.0,0.0
AAOI,2026-08-07,128.55999755859375,P,68.0,0.500005,4.0,0,0.0,0.0
AAOI,2026-08-07,128.55999755859375,P,69.0,0.500005,3.0,0,0.0,0.0
AAOI,2026-08-07,128.55999755859375,P,70.0,0.500005,29.0,0,0.0,0.0
AAOI,2026-08-07,128.55999755859375,P,71.0,0.500005,8.0,0,0.0,0.0
AAOI,2026-08-07,128.55999755859375,P,72.0,0.500005,17.0,0,0.0,0.0
AAOI,2026-08-07,128.55999755859375,P,73.0,0.500005,129.0,0,0.0,0.0
AAOI,2026-08-07,128.55999755859375,P,74.0,0.500005,1.0,0,0.0,0.0
AAOI,2026-08-07,128.55999755859375,P,75.0,0.500005,14.0,0,0.0,0.0
AAOI,2026-08-07,128.55999755859375,P,76.0,0.500005,3.0,0,0.0,0.0
AAOI,2026-08-07,128.55999755859375,P,77.0,0.500005,9.0,0,0.0,0.0
AAOI,2026-08-07,128.55999755859375,P,78.0,0.500005,13.0,0,0.0,0.0
AAOI,2026-08-07,128.55999755859375,P,79.0,0.500005,24.0,0,0.0,0.0
AAOI,2026-08-07,128.55999755859375,P,80.0,0.500005,183.0,0,0.0,0.0
AAOI,2026-08-07,128.55999755859375,P,81.0,0.500005,24.0,0,0.0,0.0
AAOI,2026-08-07,128.55999755859375,P,82.0,0.500005,39.0,0,0.0,0.0
AAOI,2026-08-07,128.55999755859375,P,83.0,0.500005,34.0,0,0.0,0.0
AAOI,2026-08-07,128.55999755859375,P,84.0,0.500005,10.0,0,0.0,0.0
AAOI,2026-08-07,128.55999755859375,P,85.0,0.500005,242.0,0,0.0,0.0
AAOI,2026-08-07,128.55999755859375,P,86.0,0.500005,230.0,0,0.0,0.0
AAOI,2026-08-07,128.55999755859375,P,87.0,0.500005,99.0,0,0.0,0.0
AAOI,2026-08-07,128.55999755859375,P,88.0,0.500005,35.0,0,0.0,0.0
AAOI,2026-08-07,128.55999755859375,P,89.0,0.500005,25.0,0,0.0,0.0
AAOI,2026-08-07,128.55999755859375,P,90.0,0.500005,233.0,0,0.0,0.0
AAOI,2026-08-07,128.55999755859375,P,91.0,0.500005,45.0,0,0.0,0.0
AAOI,2026-08-07,128.55999755859375,P,92.0,0.500005,48.0,0,0.0,0.0
AAOI,2026-08-07,128.55999755859375,P,93.0,0.500005,21.0,0,0.0,0.0
AAOI,2026-08-07,128.55999755859375,P,94.0,0.500005,93.0,0,0.0,0.0
AAOI,2026-08-07,128.55999755859375,P,95.0,0.500005,207.0,0,0.0,0.0
AAOI,2026-08-07,128.55999755859375,P,96.0,0.500005,3.0,0,0.0,0.0
AAOI,2026-08-07,128.55999755859375,P,96.5,0.500005,15.0,0,0.0,0.0
AAOI,2026-08-07,128.55999755859375,P,97.0,0.500005,23.0,0,0.0,0.0
AAOI,2026-08-07,128.55999755859375,P,97.5,0.500005,26.0,0,0.0,0.0
AAOI,2026-08-07,128.55999755859375,P,98.0,0.500005,48.0,0,0.0,0.0
AAOI,2026-08-07,128.55999755859375,P,98.5,0.500005,44.0,0,0.0,0.0
AAOI,2026-08-07,128.55999755859375,P,99.0,0.500005,100.0,0,0.0,0.0
AAOI,2026-08-07,128.55999755859375,P,100.0,0.500005,709.0,0,0.0,0.0
AAOI,2026-08-07,128.55999755859375,P,101.0,0.500005,38.0,0,0.0,0.0
AAOI,2026-08-07,128.55999755859375,P,102.0,0.500005,21.0,0,0.0,0.0
AAOI,2026-08-07,128.55999755859375,P,103.0,0.500005,90.0,0,0.0,0.0
AAOI,2026-08-07,128.55999755859375,P,104.0,0.500005,15.0,0,0.0,0.0
AAOI,2026-08-07,128.55999755859375,P,105.0,0.500005,403.0,0,0.0,0.0
AAOI,2026-08-07,128.55999755859375,P,106.0,0.500005,30.0,0,0.0,0.0
AAOI,2026-08-07,128.55999755859375,P,107.0,0.500005,22.0,0,0.0,0.0
AAOI,2026-08-07,128.55999755859375,P,108.0,0.500005,6.0,0,0.0,0.0
AAOI,2026-08-07,128.55999755859375,P,109.0,0.500005,64.0,0,0.0,0.0
AAOI,2026-08-07,128.55999755859375,P,110.0,0.500005,317.0,0,0.0,0.0
AAOI,2026-08-07,128.55999755859375,P,111.0,0.500005,97.0,0,0.0,0.0
AAOI,2026-08-07,128.55999755859375,P,112.0,0.500005,109.0,0,0.0,0.0
AAOI,2026-08-07,128.55999755859375,P,113.0,0.500005,51.0,0,0.0,0.0
AAOI,2026-08-07,128.55999755859375,P,114.0,0.500005,69.0,0,0.0,0.0
AAOI,2026-08-07,128.55999755859375,P,115.0,0.2500075,327.0,0,0.0,0.0
AAOI,2026-08-07,128.55999755859375,P,116.0,0.2500075,77.0,0,0.0,0.0
AAOI,2026-08-07,128.55999755859375,P,117.0,0.2500075,37.0,0,0.0,0.0
AAOI,2026-08-07,128.55999755859375,P,118.0,0.2500075,52.0,0,0.0,0.0
AAOI,2026-08-07,128.55999755859375,P,119.0,0.2500075,72.0,0,0.0,0.0
AAOI,2026-08-07,128.55999755859375,P,120.0,0.2500075,305.0,0,0.0,0.0
AAOI,2026-08-07,128.55999755859375,P,121.0,0.2500075,881.0,0,0.0,0.0
AAOI,2026-08-07,128.55999755859375,P,122.0,0.12500875,75.0,0,0.0,0.0
AAOI,2026-08-07,128.55999755859375,P,123.0,0.12500875,59.0,0,0.0,0.0
AAOI,2026-08-07,128.55999755859375,P,124.0,0.12500875,10.0,0,0.0,0.0
AAOI,2026-08-07,128.55999755859375,P,125.0,0.12500875,239.0,0,0.0,0.0
AAOI,2026-08-07,128.55999755859375,P,126.0,0.062509375,12.0,0,0.0,0.0
AAOI,2026-08-07,128.55999755859375,P,127.0,0.062509375,33.0,0,0.0,0.0
AAOI,2026-08-07,128.55999755859375,P,128.0,0.015634843750000002,22.0,0,0.0,0.0
AAOI,2026-08-07,128.55999755859375,P,129.0,1.0000000000000003e-05,118.0,0,0.0,0.0
AAOI,2026-08-07,128.55999755859375,P,130.0,1.0000000000000003e-05,130.0,0,0.0,0.0
AAOI,2026-08-07,128.55999755859375,P,131.0,1.0000000000000003e-05,86.0,0,0.0,0.0
AAOI,2026-08-07,128.55999755859375,P,132.0,1.0000000000000003e-05,116.0,0,0.0,0.0
AAOI,2026-08-07,128.55999755859375,P,133.0,1.0000000000000003e-05,80.0,0,0.0,0.0
AAOI,2026-08-07,128.55999755859375,P,134.0,1.0000000000000003e-05,126.0,0,0.0,0.0
AAOI,2026-08-07,128.55999755859375,P,135.0,1.0000000000000003e-05,228.0,0,0.0,0.0
AAOI,2026-08-07,128.55999755859375,P,136.0,1.0000000000000003e-05,12.0,0,0.0,0.0
AAOI,2026-08-07,128.55999755859375,P,137.0,1.0000000000000003e-05,42.0,0,0.0,0.0
AAOI,2026-08-07,128.55999755859375,P,138.0,1.0000000000000003e-05,7.0,0,0.0,0.0
AAOI,2026-08-07,128.55999755859375,P,139.0,1.0000000000000003e-05,22.0,0,0.0,0.0
AAOI,2026-08-07,128.55999755859375,P,140.0,1.0000000000000003e-05,29.0,0,0.0,0.0
AAOI,2026-08-07,128.55999755859375,P,141.0,1.0000000000000003e-05,18.0,0,0.0,0.0
AAOI,2026-08-07,128.55999755859375,P,142.0,1.0000000000000003e-05,6.0,0,0.0,0.0
AAOI,2026-08-07,128.55999755859375,P,143.0,1.0000000000000003e-05,11.0,0,0.0,0.0
AAOI,2026-08-07,128.55999755859375,P,144.0,1.0000000000000003e-05,1.0,0,0.0,0.0
AAOI,2026-08-07,128.55999755859375,P,145.0,1.0000000000000003e-05,1.0,0,0.0,0.0
AAOI,2026-08-07,128.55999755859375,P,146.0,1.0000000000000003e-05,5.0,0,0.0,0.0
AAOI,2026-08-07,128.55999755859375,P,147.0,1.0000000000000003e-05,1.0,0,0.0,0.0
AAOI,2026-08-07,128.55999755859375,P,148.0,1.0000000000000003e-05,1.0,0,0.0,0.0
AAOI,2026-08-07,128.55999755859375,P,149.0,1.0000000000000003e-05,10.0,0,0.0,0.0
AAOI,2026-08-07,128.55999755859375,P,150.0,1.0000000000000003e-05,19.0,0,0.0,0.0
AAOI,2026-08-07,128.55999755859375,P,152.5,1.0000000000000003e-05,3.0,0,0.0,0.0
AAOI,2026-08-07,128.55999755859375,P,155.0,1.0000000000000003e-05,3.0,0,0.0,0.0
AAOI,2026-08-07,128.55999755859375,P,157.5,1.0000000000000003e-05,31.0,0,0.0,0.0
AAOI,2026-08-07,128.55999755859375,P,160.0,1.0000000000000003e-05,6.0,0,0.0,0.0
AAOI,2026-08-07,128.55999755859375,P,162.5,1.0000000000000003e-05,1.0,0,0.0,0.0
AAOI,2026-08-07,128.55999755859375,P,165.0,1.0000000000000003e-05,1.0,0,0.0,0.0
AAOI,2026-08-07,128.55999755859375,P,170.0,1.0000000000000003e-05,1.0,0,0.0,0.0
AAOI,2026-08-07,128.55999755859375,P,175.0,1.0000000000000003e-05,8.0,0,0.0,0.0
AAOI,2026-08-07,128.55999755859375,P,180.0,1.0000000000000003e-05,1.0,0,0.0,0.0
AAOI,2026-08-07,128.55999755859375,P,185.0,1.0000000000000003e-05,1.0,0,0.0,0.0
AAOI,2026-08-07,128.55999755859375,P,190.0,1.0000000000000003e-05,,0,0.0,0.0
AAOI,2026-08-07,128.55999755859375,P,195.0,1.0000000000000003e-05,,0,0.0,0.0
AAOI,2026-08-07,128.55999755859375,P,200.0,1.0000000000000003e-05,3.0,0,0.0,0.0
AAOI,2026-08-07,128.55999755859375,P,205.0,1.0000000000000003e-05,1.0,0,0.0,0.0
AAOI,2026-08-07,128.55999755859375,P,225.0,1.0000000000000003e-05,,0,0.0,0.0
MNST,2026-08-21,94.45999908447266,C,65.0,1.0000000000000003e-05,,0,0.0,0.0
MNST,2026-08-21,94.45999908447266,C,75.0,1.0000000000000003e-05,1.0,0,0.0,0.0
MNST,2026-08-21,94.45999908447266,C,80.0,1.0000000000000003e-05,2.0,0,0.0,0.0
MNST,2026-08-21,94.45999908447266,C,82.5,1.0000000000000003e-05,8.0,0,0.0,0.0
MNST,2026-08-21,94.45999908447266,C,85.0,1.0000000000000003e-05,2.0,0,0.0,0.0
MNST,2026-08-21,94.45999908447266,C,87.5,1.0000000000000003e-05,17.0,0,0.0,0.0
MNST,2026-08-21,94.45999908447266,C,90.0,1.0000000000000003e-05,40.0,0,0.0,0.0
MNST,2026-08-21,94.45999908447266,C,92.5,1.0000000000000003e-05,13.0,0,0.0,0.0
MNST,2026-08-21,94.45999908447266,C,95.0,0.007822421875,66.0,0,0.0,0.0
MNST,2026-08-21,94.45999908447266,C,97.5,0.0312596875,26.0,0,0.0,0.0
MNST,2026-08-21,94.45999908447266,C,100.0,0.062509375,35.0,0,0.0,0.0
MNST,2026-08-21,94.45999908447266,C,105.0,0.12500875,107.0,0,0.0,0.0
MNST,2026-08-21,94.45999908447266,C,110.0,0.12500875,165.0,0,0.0,0.0
MNST,2026-08-21,94.45999908447266,C,115.0,0.2500075,62.0,0,0.0,0.0
MNST,2026-08-21,94.45999908447266,C,120.0,0.2500075,10.0,0,0.0,0.0
MNST,2026-08-21,94.45999908447266,P,65.0,0.500005,,0,0.0,0.0
MNST,2026-08-21,94.45999908447266,P,70.0,0.2500075,10.0,0,0.0,0.0
MNST,2026-08-21,94.45999908447266,P,75.0,0.2500075,15.0,0,0.0,0.0
MNST,2026-08-21,94.45999908447266,P,80.0,0.2500075,3.0,0,0.0,0.0
MNST,2026-08-21,94.45999908447266,P,82.5,0.12500875,1.0,0,0.0,0.0
MNST,2026-08-21,94.45999908447266,P,85.0,0.12500875,12.0,0,0.0,0.0
MNST,2026-08-21,94.45999908447266,P,87.5,0.062509375,88.0,0,0.0,0.0
MNST,2026-08-21,94.45999908447266,P,90.0,0.062509375,6.0,0,0.0,0.0
MNST,2026-08-21,94.45999908447266,P,92.5,0.0312596875,35.0,0,0.0,0.0
MNST,2026-08-21,94.45999908447266,P,95.0,1.0000000000000003e-05,9.0,0,0.0,0.0
MNST,2026-08-21,94.45999908447266,P,97.5,1.0000000000000003e-05,3.0,0,0.0,0.0
MNST,2026-08-21,94.45999908447266,P,100.0,1.0000000000000003e-05,1.0,0,0.0,0.0
MNST,2026-08-21,94.45999908447266,P,105.0,1.0000000000000003e-05,3.0,0,0.0,0.0
MNST,2026-08-21,94.45999908447266,P,110.0,1.0000000000000003e-05,,0,0.0,0.0
MNST,2026-08-21,94.45999908447266,P,120.0,1.0000000000000003e-05,,0,0.0,0.0
SUIG,2026-08-21,0.8989999890327454,C,2.5,0.500005,1.0,0.0,0.0,0.0
SUIG,2026-08-21,0.8989999890327454,C,5.0,1.000005,3.0,0.0,0.0,0.0
WEN,2026-08-07,7.989999771118164,C,2.5,1.0000000000000003e-05,19.0,0,0.0,0.0
WEN,2026-08-07,7.989999771118164,C,3.0,1.0000000000000003e-05,21.0,0,0.0,0.0
WEN,2026-08-07,7.989999771118164,C,3.5,1.0000000000000003e-05,7.0,0,0.0,0.0
WEN,2026-08-07,7.989999771118164,C,4.0,1.0000000000000003e-05,6.0,0,0.0,0.0
WEN,2026-08-07,7.989999771118164,C,4.5,1.0000000000000003e-05,9.0,0,0.0,0.0
WEN,2026-08-07,7.989999771118164,C,5.0,1.0000000000000003e-05,1.0,0,0.0,0.0
WEN,2026-08-07,7.989999771118164,C,5.5,1.0000000000000003e-05,4.0,0,0.0,0.0
WEN,2026-08-07,7.989999771118164,C,6.0,1.0000000000000003e-05,4.0,0,0.0,0.0
WEN,2026-08-07,7.989999771118164,C,6.5,1.0000000000000003e-05,1.0,0,0.0,0.0
WEN,2026-08-07,7.989999771118164,C,7.0,1.0000000000000003e-05,67.0,0,0.0,0.0
WEN,2026-08-07,7.989999771118164,C,7.5,1.0000000000000003e-05,294.0,0,0.0,0.0
WEN,2026-08-07,7.989999771118164,C,8.0,0.015634843750000002,2052.0,0,0.0,0.0
WEN,2026-08-07,7.989999771118164,C,8.5,0.2500075,508.0,0,0.0,0.0
WEN,2026-08-07,7.989999771118164,C,9.0,0.500005,325.0,0,0.0,0.0
WEN,2026-08-07,7.989999771118164,C,9.5,0.500005,104.0,0,0.0,0.0
WEN,2026-08-07,7.989999771118164,C,10.0,0.500005,77.0,0,0.0,0.0
WEN,2026-08-07,7.989999771118164,C,10.5,0.500005,8.0,0,0.0,0.0
WEN,2026-08-07,7.989999771118164,C,11.0,0.500005,3.0,0,0.0,0.0
WEN,2026-08-07,7.989999771118164,C,11.5,0.500005,2.0,0,0.0,0.0
WEN,2026-08-07,7.989999771118164,C,12.0,0.500005,1.0,0,0.0,0.0
WEN,2026-08-07,7.989999771118164,C,12.5,0.500005,7.0,0,0.0,0.0
WEN,2026-08-07,7.989999771118164,C,13.0,0.500005,1.0,0,0.0,0.0
WEN,2026-08-07,7.989999771118164,C,14.0,0.500005,2.0,0,0.0,0.0
WEN,2026-08-07,7.989999771118164,C,15.0,0.500005,1.0,0,0.0,0.0
WEN,2026-08-07,7.989999771118164,C,16.0,0.500005,20.0,0,0.0,0.0
WEN,2026-08-07,7.989999771118164,C,17.0,0.500005,22.0,0,0.0,0.0
WEN,2026-08-07,7.989999771118164,C,18.0,0.500005,6.0,0,0.0,0.0
WEN,2026-08-07,7.989999771118164,P,2.5,0.500005,135.0,0,0.0,0.0
WEN,2026-08-07,7.989999771118164,P,3.0,0.500005,142.0,0,0.0,0.0
WEN,2026-08-07,7.989999771118164,P,3.5,0.500005,,0,0.0,0.0
WEN,2026-08-07,7.989999771118164,P,4.0,0.500005,1.0,0,0.0,0.0
WEN,2026-08-07,7.989999771118164,P,4.5,0.500005,1.0,0,0.0,0.0
WEN,2026-08-07,7.989999771118164,P,5.0,0.500005,5.0,0,0.0,0.0
WEN,2026-08-07,7.989999771118164,P,5.5,0.500005,1.0,0,0.0,0.0
WEN,2026-08-07,7.989999771118164,P,6.0,0.500005,21.0,0,0.0,0.0
WEN,2026-08-07,7.989999771118164,P,6.5,0.500005,4.0,0,0.0,0.0
WEN,2026-08-07,7.989999771118164,P,7.0,0.500005,363.0,0,0.0,0.0
WEN,2026-08-07,7.989999771118164,P,7.5,0.2500075,4424.0,0,0.0,0.0
WEN,2026-08-07,7.989999771118164,P,8.0,1.0000000000000003e-05,52.0,0,0.0,0.0
WEN,2026-08-07,7.989999771118164,P,8.5,1.0000000000000003e-05,1.0,0,0.0,0.0
WEN,2026-08-07,7.989999771118164,P,9.0,1.0000000000000003e-05,5.0,0,0.0,0.0
WEN,2026-08-07,7.989999771118164,P,9.5,1.0000000000000003e-05,2.0,0,0.0,0.0
WEN,2026-08-07,7.989999771118164,P,10.0,1.0000000000000003e-05,1.0,0,0.0,0.0
WEN,2026-08-07,7.989999771118164,P,10.5,1.0000000000000003e-05,1.0,0,0.0,0.0
WEN,2026-08-07,7.989999771118164,P,11.0,1.0000000000000003e-05,4.0,0,0.0,0.0
WEN,2026-08-07,7.989999771118164,P,11.5,1.0000000000000003e-05,1.0,0,0.0,0.0
WEN,2026-08-07,7.989999771118164,P,13.0,1.0000000000000003e-05,4.0,0,0.0,0.0
WEN,2026-08-07,7.989999771118164,P,13.5,1.0000000000000003e-05,2.0,0,0.0,0.0
WEN,2026-08-07,7.989999771118164,P,14.0,1.0000000000000003e-05,1.0,0,0.0,0.0
WEN,2026-08-07,7.989999771118164,P,15.0,1.0000000000000003e-05,4.0,0,0.0,0.0
WEN,2026-08-07,7.989999771118164,P,16.0,1.0000000000000003e-05,3.0,0,0.0,0.0
NRDS,2026-08-21,9.079999923706055,C,7.5,1.0000000000000003e-05,1.0,0,0.0,0.0
NRDS,2026-08-21,9.079999923706055,C,10.0,0.12500875,4.0,0,0.0,0.0
NRDS,2026-08-21,9.079999923706055,C,12.5,0.500005,2.0,0,0.0,0.0
NRDS,2026-08-21,9.079999923706055,P,2.5,0.500005,,0,0.0,0.0
NRDS,2026-08-21,9.079999923706055,P,5.0,0.500005,6.0,0,0.0,0.0
NRDS,2026-08-21,9.079999923706055,P,7.5,0.2500075,7.0,0,0.0,0.0
NRDS,2026-08-21,9.079999923706055,P,10.0,1.0000000000000003e-05,30.0,0,0.0,0.0
CART,2026-08-07,45.349998474121094,C,34.0,1.0000000000000003e-05,3.0,0,0.0,0.0
CART,2026-08-07,45.349998474121094,C,35.0,1.0000000000000003e-05,3.0,0,0.0,0.0
CART,2026-08-07,45.349998474121094,C,36.0,1.0000000000000003e-05,6.0,0,0.0,0.0
CART,2026-08-07,45.349998474121094,C,37.0,1.0000000000000003e-05,3.0,0,0.0,0.0
CART,2026-08-07,45.349998474121094,C,40.5,1.0000000000000003e-05,1.0,0,0.0,0.0
CART,2026-08-07,45.349998474121094,C,41.0,1.0000000000000003e-05,1.0,0,0.0,0.0
CART,2026-08-07,45.349998474121094,C,42.5,1.0000000000000003e-05,3.0,0,0.0,0.0
CART,2026-08-07,45.349998474121094,C,43.0,1.0000000000000003e-05,1.0,0,0.0,0.0
CART,2026-08-07,45.349998474121094,C,43.5,1.0000000000000003e-05,5.0,0,0.0,0.0
CART,2026-08-07,45.349998474121094,C,44.0,1.0000000000000003e-05,6.0,0,0.0,0.0
CART,2026-08-07,45.349998474121094,C,44.5,1.0000000000000003e-05,1.0,0,0.0,0.0
CART,2026-08-07,45.349998474121094,C,45.0,1.0000000000000003e-05,3.0,0,0.0,0.0
CART,2026-08-07,45.349998474121094,C,45.5,0.015634843750000002,36.0,0,0.0,0.0
CART,2026-08-07,45.349998474121094,C,46.0,0.062509375,5.0,0,0.0,0.0
CART,2026-08-07,45.349998474121094,C,46.5,0.12500875,23.0,0,0.0,0.0
CART,2026-08-07,45.349998474121094,C,47.0,0.12500875,1.0,0,0.0,0.0
CART,2026-08-07,45.349998474121094,C,47.5,0.12500875,1.0,0,0.0,0.0
CART,2026-08-07,45.349998474121094,C,48.0,0.2500075,5.0,0,0.0,0.0
CART,2026-08-07,45.349998474121094,C,48.5,0.2500075,2.0,0,0.0,0.0
CART,2026-08-07,45.349998474121094,C,49.0,0.2500075,4.0,0,0.0,0.0
CART,2026-08-07,45.349998474121094,C,49.5,0.2500075,1.0,0,0.0,0.0
CART,2026-08-07,45.349998474121094,C,50.0,0.2500075,2.0,0,0.0,0.0
CART,2026-08-07,45.349998474121094,C,51.0,0.500005,1.0,0,0.0,0.0
CART,2026-08-07,45.349998474121094,C,52.0,0.500005,3.0,0,0.0,0.0
CART,2026-08-07,45.349998474121094,C,53.0,0.500005,2.0,0,0.0,0.0
CART,2026-08-07,45.349998474121094,C,54.0,0.500005,8.0,0,0.0,0.0
CART,2026-08-07,45.349998474121094,C,55.0,0.500005,1.0,0,0.0,0.0
CART,2026-08-07,45.349998474121094,C,60.0,0.500005,2.0,0,0.0,0.0
CART,2026-08-07,45.349998474121094,P,33.5,0.500005,,0,0.0,0.0
CART,2026-08-07,45.349998474121094,P,37.0,0.500005,35.0,0,0.0,0.0
CART,2026-08-07,45.349998474121094,P,37.5,0.500005,8.0,0,0.0,0.0
CART,2026-08-07,45.349998474121094,P,38.5,0.500005,3.0,0,0.0,0.0
CART,2026-08-07,45.349998474121094,P,39.0,0.500005,25.0,0,0.0,0.0
CART,2026-08-07,45.349998474121094,P,40.0,0.500005,1.0,0,0.0,0.0
CART,2026-08-07,45.349998474121094,P,40.5,0.500005,8.0,0,0.0,0.0
CART,2026-08-07,45.349998474121094,P,41.0,0.2500075,5.0,0,0.0,0.0
CART,2026-08-07,45.349998474121094,P,42.0,0.2500075,5.0,0,0.0,0.0
CART,2026-08-07,45.349998474121094,P,42.5,0.2500075,4.0,0,0.0,0.0
CART,2026-08-07,45.349998474121094,P,43.0,0.2500075,1.0,0,0.0,0.0
CART,2026-08-07,45.349998474121094,P,43.5,0.12500875,3.0,0,0.0,0.0
CART,2026-08-07,45.349998474121094,P,44.0,0.12500875,6.0,0,0.0,0.0
CART,2026-08-07,45.349998474121094,P,44.5,0.062509375,1.0,0,0.0,0.0
CART,2026-08-07,45.349998474121094,P,45.0,0.0312596875,1.0,0,0.0,0.0
CART,2026-08-07,45.349998474121094,P,46.0,1.0000000000000003e-05,30.0,0,0.0,0.0
CART,2026-08-07,45.349998474121094,P,47.0,1.0000000000000003e-05,134.0,0,0.0,0.0
CART,2026-08-07,45.349998474121094,P,48.0,1.0000000000000003e-05,1.0,0,0.0,0.0
CART,2026-08-07,45.349998474121094,P,49.0,1.0000000000000003e-05,79.0,0,0.0,0.0
CARG,2026-08-21,36.40999984741211,C,15.0,1.0000000000000003e-05,2.0,0,0.0,0.0
CARG,2026-08-21,36.40999984741211,C,20.0,1.0000000000000003e-05,1.0,1,11.3,15.0
CARG,2026-08-21,36.40999984741211,C,21.0,1.0000000000000003e-05,2.0,0,0.0,0.0
CARG,2026-08-21,36.40999984741211,C,24.0,1.0000000000000003e-05,2.0,3,7.2,11.1
CARG,2026-08-21,36.40999984741211,C,25.0,1.0000000000000003e-05,,0,8.9,11.0
CARG,2026-08-21,36.40999984741211,C,26.0,1.0000000000000003e-05,2.0,0,0.0,0.0
CARG,2026-08-21,36.40999984741211,C,28.0,1.0000000000000003e-05,5.0,4,1.55,3.2
CARG,2026-08-21,36.40999984741211,C,29.0,1.0000000000000003e-05,1.0,0,0.0,0.0
CARG,2026-08-21,36.40999984741211,C,30.0,1.0000000000000003e-05,1.0,0,0.0,0.0
CARG,2026-08-21,36.40999984741211,C,31.0,1.0000000000000003e-05,1.0,0,0.0,0.0
CARG,2026-08-21,36.40999984741211,C,32.0,1.0000000000000003e-05,1.0,0,0.0,0.0
CARG,2026-08-21,36.40999984741211,C,33.0,1.0000000000000003e-05,1.0,0,0.0,0.0
CARG,2026-08-21,36.40999984741211,C,34.0,1.0000000000000003e-05,1.0,0,0.0,0.0
CARG,2026-08-21,36.40999984741211,C,35.0,1.0000000000000003e-05,1.0,0,0.0,0.0
CARG,2026-08-21,36.40999984741211,C,36.0,1.0000000000000003e-05,1.0,0,0.0,0.0
CARG,2026-08-21,36.40999984741211,C,37.0,0.0312596875,1.0,0,0.0,0.0
CARG,2026-08-21,36.40999984741211,C,38.0,0.062509375,6.0,0,0.0,0.0
CARG,2026-08-21,36.40999984741211,C,39.0,0.062509375,6.0,0,0.0,0.0
CARG,2026-08-21,36.40999984741211,C,40.0,0.12500875,1.0,0,0.0,0.0
CARG,2026-08-21,36.40999984741211,C,41.0,0.12500875,5.0,0,0.0,0.0
CARG,2026-08-21,36.40999984741211,C,42.0,0.12500875,10.0,0,0.0,0.0
CARG,2026-08-21,36.40999984741211,C,43.0,1.2163125122070313,,1,1.15,1.95
CARG,2026-08-21,36.40999984741211,C,44.0,0.2500075,10.0,0,0.0,0.0
CARG,2026-08-21,36.40999984741211,C,45.0,0.2500075,1.0,0,0.0,0.0
CARG,2026-08-21,36.40999984741211,C,50.0,1.3300814746093748,,230,0.2,1.3
CARG,2026-08-21,36.40999984741211,P,20.0,0.500005,20.0,0,0.0,0.0
CARG,2026-08-21,36.40999984741211,P,23.0,0.500005,,0,0.0,0.0
CARG,2026-08-21,36.40999984741211,P,25.0,0.500005,1.0,0,0.0,0.0
CARG,2026-08-21,36.40999984741211,P,26.0,0.500005,3.0,0,0.0,0.0
CARG,2026-08-21,36.40999984741211,P,27.0,0.2500075,1.0,0,0.0,0.0
CARG,2026-08-21,36.40999984741211,P,28.0,0.2500075,1.0,0,0.0,0.0
CARG,2026-08-21,36.40999984741211,P,29.0,0.2500075,4.0,0,0.0,0.0
CARG,2026-08-21,36.40999984741211,P,30.0,0.2500075,9.0,0,0.0,0.0
CARG,2026-08-21,36.40999984741211,P,31.0,0.2500075,1.0,0,0.0,0.0
CARG,2026-08-21,36.40999984741211,P,32.0,0.12500875,3.0,0,0.0,0.0
CARG,2026-08-21,36.40999984741211,P,33.0,1.8344734838867183,2.0,2,2.8,4.7
CARG,2026-08-21,36.40999984741211,P,35.0,0.062509375,,0,0.0,0.0
CARG,2026-08-21,36.40999984741211,P,37.0,1.0000000000000003e-05,1.0,0,0.0,0.0
CARG,2026-08-21,36.40999984741211,P,39.0,3.339845400390624,1.0,3,10.3,13.0
CARG,2026-08-21,36.40999984741211,P,40.0,3.4306654858398433,3.0,3,11.3,13.9
CARG,2026-08-21,36.40999984741211,P,44.0,2.009770600585937,,1,10.1,12.2
CARG,2026-08-21,36.40999984741211,P,45.0,1.0000000000000003e-05,2.0,0,0.0,0.0
APPN,2026-08-21,29.959999084472656,C,12.5,1.0000000000000003e-05,,0,0.0,0.0
APPN,2026-08-21,29.959999084472656,C,15.0,1.0000000000000003e-05,8.0,0,0.0,0.0
APPN,2026-08-21,29.959999084472656,C,17.5,1.0000000000000003e-05,11.0,13,7.3,9.4
APPN,2026-08-21,29.959999084472656,C,20.0,1.0000000000000003e-05,1.0,0,0.0,0.0
APPN,2026-08-21,29.959999084472656,C,22.5,1.0000000000000003e-05,21.0,0,0.0,0.0
APPN,2026-08-21,29.959999084472656,C,25.0,1.0000000000000003e-05,10.0,0,0.0,0.0
APPN,2026-08-21,29.959999084472656,C,27.5,1.0000000000000003e-05,125.0,0,0.0,0.0
APPN,2026-08-21,29.959999084472656,C,30.0,0.0039162109375,22.0,0,0.0,0.0
APPN,2026-08-21,29.959999084472656,C,32.5,0.12500875,417.0,0,0.0,0.0
APPN,2026-08-21,29.959999084472656,C,35.0,0.2500075,16.0,0,0.0,0.0
APPN,2026-08-21,29.959999084472656,C,37.5,0.2500075,1.0,0,0.0,0.0
APPN,2026-08-21,29.959999084472656,C,40.0,0.2500075,6.0,0,0.0,0.0
APPN,2026-08-21,29.959999084472656,C,42.5,0.500005,1.0,0,0.0,0.0
APPN,2026-08-21,29.959999084472656,C,45.0,0.500005,5.0,0,0.0,0.0
APPN,2026-08-21,29.959999084472656,C,47.5,0.500005,1.0,0,0.0,0.0
APPN,2026-08-21,29.959999084472656,C,50.0,2.200199812011718,1.0,2,0.95,1.4
APPN,2026-08-21,29.959999084472656,P,10.0,0.500005,,0,0.0,0.0
APPN,2026-08-21,29.959999084472656,P,12.5,0.500005,,0,0.0,0.0
APPN,2026-08-21,29.959999084472656,P,15.0,0.500005,4.0,0,0.0,0.0
APPN,2026-08-21,29.959999084472656,P,17.5,0.500005,1.0,0,0.0,0.0
APPN,2026-08-21,29.959999084472656,P,20.0,0.500005,2.0,0,0.0,0.0
APPN,2026-08-21,29.959999084472656,P,22.5,0.2500075,16.0,0,0.0,0.0
APPN,2026-08-21,29.959999084472656,P,25.0,0.2500075,1700.0,0,0.0,0.0
APPN,2026-08-21,29.959999084472656,P,27.5,0.12500875,2.0,0,0.0,0.0
APPN,2026-08-21,29.959999084472656,P,30.0,1.0000000000000003e-05,10.0,0,0.0,0.0
APPN,2026-08-21,29.959999084472656,P,32.5,1.0000000000000003e-05,1.0,0,0.0,0.0
APPN,2026-08-21,29.959999084472656,P,35.0,1.0000000000000003e-05,1.0,0,0.0,0.0
APPN,2026-08-21,29.959999084472656,P,40.0,4.645512005615235,4.0,0,17.6,19.6
APPN,2026-08-21,29.959999084472656,P,47.5,1.0000000000000003e-05,,1,13.4,15.8
APPN,2026-08-21,29.959999084472656,P,50.0,1.0000000000000003e-05,,1,17.5,17.9
APPN,2026-08-21,29.959999084472656,P,55.0,1.0000000000000003e-05,,3,20.9,22.7
TRAX,2026-08-21,46.95000076293945,C,17.5,1.0000000000000003e-05,10.0,0,0.0,0.0
TRAX,2026-08-21,46.95000076293945,C,20.0,1.0000000000000003e-05,1.0,0,0.0,0.0
TRAX,2026-08-21,46.95000076293945,C,30.0,1.0000000000000003e-05,2.0,0,0.0,0.0
TRAX,2026-08-21,46.95000076293945,C,35.0,1.0000000000000003e-05,,0,0.0,0.0
TRAX,2026-08-21,46.95000076293945,C,40.0,1.0000000000000003e-05,18.0,0,0.0,0.0
TRAX,2026-08-21,46.95000076293945,C,45.0,1.0000000000000003e-05,1.0,0,0.0,0.0
TRAX,2026-08-21,46.95000076293945,C,50.0,0.062509375,1.0,0,0.0,0.0
TRAX,2026-08-21,46.95000076293945,C,55.0,0.2500075,,0,0.0,0.0
TRAX,2026-08-21,46.95000076293945,P,20.0,0.500005,1.0,0,0.0,0.0
TRAX,2026-08-21,46.95000076293945,P,25.0,0.500005,,0,0.0,0.0
TRAX,2026-08-21,46.95000076293945,P,30.0,0.500005,1.0,0,0.0,0.0
TRAX,2026-08-21,46.95000076293945,P,35.0,0.2500075,12.0,0,0.0,0.0
TRAX,2026-08-21,46.95000076293945,P,40.0,0.2500075,30.0,0,0.0,0.0
TRAX,2026-08-21,46.95000076293945,P,45.0,0.062509375,1.0,0,0.0,0.0
ACIW,2026-08-21,57.790000915527344,C,22.5,1.0000000000000003e-05,4.0,0,0.0,0.0
ACIW,2026-08-21,57.790000915527344,C,30.0,1.0000000000000003e-05,,0,0.0,0.0
ACIW,2026-08-21,57.790000915527344,C,35.0,1.0000000000000003e-05,,0,0.0,0.0
ACIW,2026-08-21,57.790000915527344,C,40.0,1.0000000000000003e-05,4.0,0,0.0,0.0
ACIW,2026-08-21,57.790000915527344,C,45.0,1.0000000000000003e-05,4.0,0,0.0,0.0
ACIW,2026-08-21,57.790000915527344,C,50.0,1.0000000000000003e-05,1.0,0,0.0,0.0
ACIW,2026-08-21,57.790000915527344,C,55.0,1.0000000000000003e-05,4.0,0,0.0,0.0
ACIW,2026-08-21,57.790000915527344,C,60.0,0.062509375,1.0,0,0.0,0.0
ACIW,2026-08-21,57.790000915527344,C,65.0,0.12500875,48.0,0,0.0,0.0
ACIW,2026-08-21,57.790000915527344,C,70.0,0.2500075,5.0,0,0.0,0.0
ACIW,2026-08-21,57.790000915527344,C,75.0,0.2500075,2.0,0,0.0,0.0
ACIW,2026-08-21,57.790000915527344,P,20.0,3.5957041357421877,,1,0.0,1.75
ACIW,2026-08-21,57.790000915527344,P,22.5,3.2363300341796872,1.0,3,0.0,1.75
ACIW,2026-08-21,57.790000915527344,P,25.0,0.500005,2.0,0,0.0,0.0
ACIW,2026-08-21,57.790000915527344,P,30.0,0.500005,,0,0.0,0.0
ACIW,2026-08-21,57.790000915527344,P,35.0,0.500005,2.0,0,0.0,0.0
ACIW,2026-08-21,57.790000915527344,P,40.0,0.500005,1.0,0,0.0,0.0
ACIW,2026-08-21,57.790000915527344,P,45.0,0.2500075,1.0,0,0.0,0.0
ACIW,2026-08-21,57.790000915527344,P,50.0,0.12500875,1.0,0,0.0,0.0
ACIW,2026-08-21,57.790000915527344,P,55.0,0.062509375,3.0,0,0.0,0.0
ACIW,2026-08-21,57.790000915527344,P,65.0,1.0000000000000003e-05,3.0,0,0.0,0.0
ACIW,2026-08-21,57.790000915527344,P,70.0,3.5903330554199218,,0,23.6,27.2
CRON,2026-08-21,2.7200000286102295,C,2.5,1.0000000000000003e-05,177.0,0,0.0,0.0
CRON,2026-08-21,2.7200000286102295,C,3.0,0.12500875,127.0,0,0.0,0.0
CRON,2026-08-21,2.7200000286102295,C,3.5,0.500005,30.0,0,0.0,0.0
CRON,2026-08-21,2.7200000286102295,C,4.0,0.500005,,0,0.0,0.0
CRON,2026-08-21,2.7200000286102295,P,1.0,0.500005,2.0,0,0.0,0.0
CRON,2026-08-21,2.7200000286102295,P,1.5,0.500005,,0,0.0,0.0
CRON,2026-08-21,2.7200000286102295,P,2.0,0.500005,,0,0.0,0.0
CRON,2026-08-21,2.7200000286102295,P,2.5,0.12500875,26.0,0,0.0,0.0
CRON,2026-08-21,2.7200000286102295,P,3.0,1.0000000000000003e-05,5.0,0,0.0,0.0
CRON,2026-08-21,2.7200000286102295,P,3.5,1.0000000000000003e-05,,0,0.0,0.0
IDR,2026-08-21,33.130001068115234,C,22.5,5.136722329101563,,1,16.2,18.5
IDR,2026-08-21,33.130001068115234,C,25.0,1.0000000000000003e-05,3.0,0,0.0,0.0
IDR,2026-08-21,33.130001068115234,C,30.0,1.0000000000000003e-05,4.0,0,0.0,0.0
IDR,2026-08-21,33.130001068115234,C,35.0,0.062509375,45.0,0,0.0,0.0
IDR,2026-08-21,33.130001068115234,C,40.0,0.2500075,71.0,0,0.0,0.0
IDR,2026-08-21,33.130001068115234,C,45.0,0.2500075,1.0,0,0.0,0.0
IDR,2026-08-21,33.130001068115234,C,50.0,0.500005,2.0,0,0.0,0.0
IDR,2026-08-21,33.130001068115234,C,55.0,0.500005,1.0,0,0.0,0.0
IDR,2026-08-21,33.130001068115234,C,60.0,0.500005,1.0,0,0.0,0.0
IDR,2026-08-21,33.130001068115234,C,65.0,0.500005,15.0,0,0.0,0.0
IDR,2026-08-21,33.130001068115234,P,17.5,0.500005,,0,0.0,0.0
IDR,2026-08-21,33.130001068115234,P,20.0,0.500005,2.0,0,0.0,0.0
IDR,2026-08-21,33.130001068115234,P,22.5,0.500005,4.0,0,0.0,0.0
IDR,2026-08-21,33.130001068115234,P,25.0,0.2500075,85.0,0,0.0,0.0
IDR,2026-08-21,33.130001068115234,P,30.0,0.12500875,8.0,0,0.0,0.0
IDR,2026-08-21,33.130001068115234,P,35.0,1.0000000000000003e-05,10.0,0,0.0,0.0
IDR,2026-08-21,33.130001068115234,P,40.0,1.0000000000000003e-05,9.0,0,0.0,0.0
IDR,2026-08-21,33.130001068115234,P,45.0,1.0000000000000003e-05,7.0,0,0.0,0.0
IDR,2026-08-21,33.130001068115234,P,50.0,1.8916021044921876,,20,17.0,19.2
IDR,2026-08-21,33.130001068115234,P,55.0,1.0000000000000003e-05,,1,17.2,19.4
TG,2026-08-21,7.769999980926514,C,5.0,1.0000000000000003e-05,,0,0.0,0.0
TG,2026-08-21,7.769999980926514,C,7.5,1.0000000000000003e-05,10.0,0,0.0,0.0
TG,2026-08-21,7.769999980926514,C,10.0,1.5390648046875,,26,0.0,0.7
TG,2026-08-21,7.769999980926514,C,12.5,2.253910615234375,,1,0.0,0.75
TG,2026-08-21,7.769999980926514,P,7.5,0.062509375,1.0,0,0.0,0.0
TG,2026-08-21,7.769999980926514,P,12.5,1.0000000000000003e-05,,0,0.0,0.0
AVPT,2026-08-21,13.399999618530273,C,3.0,1.0000000000000003e-05,80.0,0,0.0,0.0
AVPT,2026-08-21,13.399999618530273,C,4.0,1.0000000000000003e-05,74.0,0,0.0,0.0
AVPT,2026-08-21,13.399999618530273,C,5.0,1.0000000000000003e-05,,0,0.0,0.0
AVPT,2026-08-21,13.399999618530273,C,6.0,1.0000000000000003e-05,,0,0.0,0.0
AVPT,2026-08-21,13.399999618530273,C,7.0,1.0000000000000003e-05,,0,0.0,0.0
AVPT,2026-08-21,13.399999618530273,C,9.0,1.0000000000000003e-05,6.0,0,0.0,0.0
AVPT,2026-08-21,13.399999618530273,C,10.0,1.0000000000000003e-05,13.0,0,0.0,0.0
AVPT,2026-08-21,13.399999618530273,C,11.0,1.0000000000000003e-05,25.0,0,0.0,0.0
AVPT,2026-08-21,13.399999618530273,C,12.0,1.0000000000000003e-05,1.0,0,0.0,0.0
AVPT,2026-08-21,13.399999618530273,C,13.0,1.0000000000000003e-05,5.0,0,0.0,0.0
AVPT,2026-08-21,13.399999618530273,C,14.0,0.062509375,6.0,0,0.0,0.0
AVPT,2026-08-21,13.399999618530273,C,15.0,0.12500875,401.0,0,0.0,0.0
AVPT,2026-08-21,13.399999618530273,C,16.0,0.2500075,1.0,0,0.0,0.0
AVPT,2026-08-21,13.399999618530273,C,17.0,0.2500075,,0,0.0,0.0
AVPT,2026-08-21,13.399999618530273,P,11.0,0.2500075,10.0,0,0.0,0.0
AVPT,2026-08-21,13.399999618530273,P,12.0,0.12500875,19.0,0,0.0,0.0
AVPT,2026-08-21,13.399999618530273,P,13.0,0.062509375,19.0,0,0.0,0.0
AVPT,2026-08-21,13.399999618530273,P,14.0,1.0000000000000003e-05,1.0,0,0.0,0.0
AVPT,2026-08-21,13.399999618530273,P,17.0,1.0000000000000003e-05,,0,0.0,0.0
AVPT,2026-08-21,13.399999618530273,P,19.0,1.0000000000000003e-05,,0,0.0,0.0
ITT,2026-08-21,204.0800018310547,C,155.0,1.0000000000000003e-05,1.0,0,0.0,0.0
ITT,2026-08-21,204.0800018310547,C,190.0,1.0000000000000003e-05,10.0,0,0.0,0.0
ITT,2026-08-21,204.0800018310547,C,195.0,1.0000000000000003e-05,1603.0,0,0.0,0.0
ITT,2026-08-21,204.0800018310547,C,200.0,1.0000000000000003e-05,91.0,0,0.0,0.0
ITT,2026-08-21,204.0800018310547,C,210.0,0.0312596875,386.0,0,0.0,0.0
ITT,2026-08-21,204.0800018310547,C,220.0,0.062509375,35.0,0,0.0,0.0
ITT,2026-08-21,204.0800018310547,C,230.0,0.12500875,12.0,0,0.0,0.0
ITT,2026-08-21,204.0800018310547,C,240.0,0.12500875,,0,0.0,0.0
ITT,2026-08-21,204.0800018310547,C,250.0,0.2500075,,0,0.0,0.0
ITT,2026-08-21,204.0800018310547,C,270.0,0.2500075,1.0,0,0.0,0.0
ITT,2026-08-21,204.0800018310547,C,290.0,0.2500075,1.0,0,0.0,0.0
ITT,2026-08-21,204.0800018310547,P,140.0,0.500005,1.0,0,0.0,0.0
ITT,2026-08-21,204.0800018310547,P,145.0,0.2500075,,0,0.0,0.0
ITT,2026-08-21,204.0800018310547,P,150.0,0.2500075,1.0,0,0.0,0.0
ITT,2026-08-21,204.0800018310547,P,155.0,0.2500075,1.0,0,0.0,0.0
ITT,2026-08-21,204.0800018310547,P,160.0,0.2500075,1.0,0,0.0,0.0
ITT,2026-08-21,204.0800018310547,P,165.0,0.2500075,1.0,0,0.0,0.0
ITT,2026-08-21,204.0800018310547,P,170.0,0.2500075,50.0,0,0.0,0.0
ITT,2026-08-21,204.0800018310547,P,175.0,0.12500875,4.0,0,0.0,0.0
ITT,2026-08-21,204.0800018310547,P,180.0,0.12500875,73.0,0,0.0,0.0
ITT,2026-08-21,204.0800018310547,P,185.0,0.12500875,2.0,0,0.0,0.0
ITT,2026-08-21,204.0800018310547,P,190.0,0.062509375,34.0,0,0.0,0.0
ITT,2026-08-21,204.0800018310547,P,195.0,0.062509375,127.0,0,0.0,0.0
ITT,2026-08-21,204.0800018310547,P,200.0,0.0312596875,434.0,0,0.0,0.0
JYNT,2026-08-21,8.329999923706055,P,7.5,0.12500875,2.0,0.0,0.0,0.0
LOAR,2026-08-21,75.66000366210938,C,60.0,1.0000000000000003e-05,2.0,0,0.0,0.0
LOAR,2026-08-21,75.66000366210938,C,65.0,1.0000000000000003e-05,4.0,0,0.0,0.0
LOAR,2026-08-21,75.66000366210938,C,70.0,1.0000000000000003e-05,10.0,0,0.0,0.0
LOAR,2026-08-21,75.66000366210938,C,75.0,1.0000000000000003e-05,1.0,0,0.0,0.0
LOAR,2026-08-21,75.66000366210938,C,80.0,0.062509375,4.0,0,0.0,0.0
LOAR,2026-08-21,75.66000366210938,C,85.0,0.12500875,2.0,0,0.0,0.0
LOAR,2026-08-21,75.66000366210938,C,90.0,0.2500075,1.0,0,0.0,0.0
LOAR,2026-08-21,75.66000366210938,P,55.0,0.2500075,,0,0.0,0.0
LOAR,2026-08-21,75.66000366210938,P,60.0,0.2500075,1.0,0,0.0,0.0
LOAR,2026-08-21,75.66000366210938,P,65.0,0.12500875,1.0,0,0.0,0.0
LOAR,2026-08-21,75.66000366210938,P,70.0,0.12500875,1.0,0,0.0,0.0
LOAR,2026-08-21,75.66000366210938,P,75.0,0.015634843750000002,,0,0.0,0.0
LOAR,2026-08-21,75.66000366210938,P,85.0,1.0000000000000003e-05,1.0,0,0.0,0.0
MP,2026-08-07,47.90999984741211,C,32.5,1.0000000000000003e-05,4.0,0,0.0,0.0
MP,2026-08-07,47.90999984741211,C,33.0,1.0000000000000003e-05,3.0,0,0.0,0.0
MP,2026-08-07,47.90999984741211,C,33.5,1.0000000000000003e-05,5.0,0,0.0,0.0
MP,2026-08-07,47.90999984741211,C,34.0,1.0000000000000003e-05,1.0,0,0.0,0.0
MP,2026-08-07,47.90999984741211,C,35.0,1.0000000000000003e-05,4.0,0,0.0,0.0
MP,2026-08-07,47.90999984741211,C,36.0,1.0000000000000003e-05,5.0,0,0.0,0.0
MP,2026-08-07,47.90999984741211,C,36.5,1.0000000000000003e-05,2.0,0,0.0,0.0
MP,2026-08-07,47.90999984741211,C,37.0,1.0000000000000003e-05,8.0,0,0.0,0.0
MP,2026-08-07,47.90999984741211,C,38.0,1.0000000000000003e-05,1.0,0,0.0,0.0
MP,2026-08-07,47.90999984741211,C,38.5,1.0000000000000003e-05,2.0,0,0.0,0.0
MP,2026-08-07,47.90999984741211,C,39.0,1.0000000000000003e-05,2.0,0,0.0,0.0
MP,2026-08-07,47.90999984741211,C,39.5,1.0000000000000003e-05,5.0,0,0.0,0.0
MP,2026-08-07,47.90999984741211,C,40.0,1.0000000000000003e-05,1.0,0,0.0,0.0
MP,2026-08-07,47.90999984741211,C,40.5,1.0000000000000003e-05,5.0,0,0.0,0.0
MP,2026-08-07,47.90999984741211,C,41.0,1.0000000000000003e-05,3.0,0,0.0,0.0
MP,2026-08-07,47.90999984741211,C,41.5,1.0000000000000003e-05,7.0,0,0.0,0.0
MP,2026-08-07,47.90999984741211,C,42.0,1.0000000000000003e-05,35.0,0,0.0,0.0
MP,2026-08-07,47.90999984741211,C,42.5,1.0000000000000003e-05,14.0,0,0.0,0.0
MP,2026-08-07,47.90999984741211,C,43.0,1.0000000000000003e-05,9.0,0,0.0,0.0
MP,2026-08-07,47.90999984741211,C,43.5,1.0000000000000003e-05,3.0,0,0.0,0.0
MP,2026-08-07,47.90999984741211,C,44.0,1.0000000000000003e-05,44.0,0,0.0,0.0
MP,2026-08-07,47.90999984741211,C,44.5,1.0000000000000003e-05,8.0,0,0.0,0.0
MP,2026-08-07,47.90999984741211,C,45.0,1.0000000000000003e-05,109.0,0,0.0,0.0
MP,2026-08-07,47.90999984741211,C,45.5,1.0000000000000003e-05,15.0,0,0.0,0.0
MP,2026-08-07,47.90999984741211,C,46.0,1.0000000000000003e-05,50.0,0,0.0,0.0
MP,2026-08-07,47.90999984741211,C,46.5,1.0000000000000003e-05,74.0,0,0.0,0.0
MP,2026-08-07,47.90999984741211,C,47.0,1.0000000000000003e-05,117.0,0,0.0,0.0
MP,2026-08-07,47.90999984741211,C,47.5,1.0000000000000003e-05,41.0,0,0.0,0.0
MP,2026-08-07,47.90999984741211,C,48.0,0.007822421875,386.0,0,0.0,0.0
MP,2026-08-07,47.90999984741211,C,48.5,0.062509375,299.0,0,0.0,0.0
MP,2026-08-07,47.90999984741211,C,49.0,0.062509375,269.0,0,0.0,0.0
MP,2026-08-07,47.90999984741211,C,49.5,0.12500875,128.0,0,0.0,0.0
MP,2026-08-07,47.90999984741211,C,50.0,0.12500875,1744.0,0,0.0,0.0
MP,2026-08-07,47.90999984741211,C,51.0,0.2500075,271.0,0,0.0,0.0
MP,2026-08-07,47.90999984741211,C,52.0,0.2500075,307.0,0,0.0,0.0
MP,2026-08-07,47.90999984741211,C,53.0,0.2500075,426.0,0,0.0,0.0
MP,2026-08-07,47.90999984741211,C,54.0,0.500005,258.0,0,0.0,0.0
MP,2026-08-07,47.90999984741211,C,55.0,0.500005,663.0,0,0.0,0.0
MP,2026-08-07,47.90999984741211,C,56.0,0.500005,46.0,0,0.0,0.0
MP,2026-08-07,47.90999984741211,C,57.0,0.500005,549.0,0,0.0,0.0
MP,2026-08-07,47.90999984741211,C,58.0,0.500005,38.0,0,0.0,0.0
MP,2026-08-07,47.90999984741211,C,59.0,0.500005,508.0,0,0.0,0.0
MP,2026-08-07,47.90999984741211,C,60.0,0.500005,353.0,0,0.0,0.0
MP,2026-08-07,47.90999984741211,C,61.0,0.500005,381.0,0,0.0,0.0
MP,2026-08-07,47.90999984741211,C,62.0,0.500005,1862.0,0,0.0,0.0
MP,2026-08-07,47.90999984741211,C,63.0,0.500005,1053.0,0,0.0,0.0
MP,2026-08-07,47.90999984741211,C,64.0,0.500005,1392.0,0,0.0,0.0
MP,2026-08-07,47.90999984741211,C,65.0,0.500005,5.0,0,0.0,0.0
MP,2026-08-07,47.90999984741211,C,66.0,0.500005,1.0,0,0.0,0.0
MP,2026-08-07,47.90999984741211,C,67.0,0.500005,2.0,0,0.0,0.0
MP,2026-08-07,47.90999984741211,C,68.0,0.500005,2.0,0,0.0,0.0
MP,2026-08-07,47.90999984741211,C,70.0,0.500005,1.0,0,0.0,0.0
MP,2026-08-07,47.90999984741211,C,75.0,0.500005,22.0,0,0.0,0.0
MP,2026-08-07,47.90999984741211,C,80.0,0.500005,4.0,0,0.0,0.0
MP,2026-08-07,47.90999984741211,C,85.0,0.500005,1.0,0,0.0,0.0
MP,2026-08-07,47.90999984741211,P,30.0,0.500005,2.0,0,0.0,0.0
MP,2026-08-07,47.90999984741211,P,32.5,0.500005,27.0,0,0.0,0.0
MP,2026-08-07,47.90999984741211,P,33.0,0.500005,61.0,0,0.0,0.0
MP,2026-08-07,47.90999984741211,P,33.5,0.500005,2.0,0,0.0,0.0
MP,2026-08-07,47.90999984741211,P,34.0,0.500005,2.0,0,0.0,0.0
MP,2026-08-07,47.90999984741211,P,34.5,0.500005,1.0,0,0.0,0.0
MP,2026-08-07,47.90999984741211,P,35.0,0.500005,25.0,0,0.0,0.0
MP,2026-08-07,47.90999984741211,P,35.5,0.500005,1.0,0,0.0,0.0
MP,2026-08-07,47.90999984741211,P,36.0,0.500005,35.0,0,0.0,0.0
MP,2026-08-07,47.90999984741211,P,36.5,0.500005,103.0,0,0.0,0.0
MP,2026-08-07,47.90999984741211,P,37.0,0.500005,1.0,0,0.0,0.0
MP,2026-08-07,47.90999984741211,P,37.5,0.500005,18.0,0,0.0,0.0
MP,2026-08-07,47.90999984741211,P,38.0,0.500005,5.0,0,0.0,0.0
MP,2026-08-07,47.90999984741211,P,38.5,0.500005,11.0,0,0.0,0.0
MP,2026-08-07,47.90999984741211,P,39.0,0.500005,77.0,0,0.0,0.0
MP,2026-08-07,47.90999984741211,P,39.5,0.500005,95.0,0,0.0,0.0
MP,2026-08-07,47.90999984741211,P,40.0,0.500005,100.0,0,0.0,0.0
MP,2026-08-07,47.90999984741211,P,40.5,0.500005,5.0,0,0.0,0.0
MP,2026-08-07,47.90999984741211,P,41.0,0.500005,13.0,0,0.0,0.0
MP,2026-08-07,47.90999984741211,P,41.5,0.500005,8.0,0,0.0,0.0
MP,2026-08-07,47.90999984741211,P,42.0,0.500005,37.0,0,0.0,0.0
MP,2026-08-07,47.90999984741211,P,42.5,0.500005,16.0,0,0.0,0.0
MP,2026-08-07,47.90999984741211,P,43.0,0.500005,133.0,0,0.0,0.0
MP,2026-08-07,47.90999984741211,P,43.5,0.2500075,37.0,0,0.0,0.0
MP,2026-08-07,47.90999984741211,P,44.0,0.2500075,136.0,0,0.0,0.0
MP,2026-08-07,47.90999984741211,P,44.5,0.2500075,29.0,0,0.0,0.0
MP,2026-08-07,47.90999984741211,P,45.0,0.2500075,316.0,0,0.0,0.0
MP,2026-08-07,47.90999984741211,P,45.5,0.2500075,21.0,0,0.0,0.0
MP,2026-08-07,47.90999984741211,P,46.0,0.12500875,224.0,0,0.0,0.0
MP,2026-08-07,47.90999984741211,P,46.5,0.12500875,48.0,0,0.0,0.0
MP,2026-08-07,47.90999984741211,P,47.0,0.062509375,302.0,0,0.0,0.0
MP,2026-08-07,47.90999984741211,P,47.5,0.0312596875,30.0,0,0.0,0.0
MP,2026-08-07,47.90999984741211,P,48.0,1.0000000000000003e-05,269.0,0,0.0,0.0
MP,2026-08-07,47.90999984741211,P,48.5,1.0000000000000003e-05,28.0,0,0.0,0.0
MP,2026-08-07,47.90999984741211,P,49.0,1.0000000000000003e-05,62.0,0,0.0,0.0
MP,2026-08-07,47.90999984741211,P,49.5,1.0000000000000003e-05,3.0,0,0.0,0.0
MP,2026-08-07,47.90999984741211,P,50.0,1.0000000000000003e-05,42.0,0,0.0,0.0
MP,2026-08-07,47.90999984741211,P,51.0,1.0000000000000003e-05,3.0,0,0.0,0.0
MP,2026-08-07,47.90999984741211,P,52.0,1.0000000000000003e-05,9.0,0,0.0,0.0
MP,2026-08-07,47.90999984741211,P,53.0,1.0000000000000003e-05,5.0,0,0.0,0.0
MP,2026-08-07,47.90999984741211,P,54.0,1.0000000000000003e-05,1.0,0,0.0,0.0
MP,2026-08-07,47.90999984741211,P,55.0,1.0000000000000003e-05,3.0,0,0.0,0.0
MP,2026-08-07,47.90999984741211,P,56.0,1.0000000000000003e-05,1.0,0,0.0,0.0
MP,2026-08-07,47.90999984741211,P,57.0,1.0000000000000003e-05,2.0,0,0.0,0.0
MP,2026-08-07,47.90999984741211,P,58.0,1.0000000000000003e-05,1.0,0,0.0,0.0
MP,2026-08-07,47.90999984741211,P,59.0,1.0000000000000003e-05,2.0,0,0.0,0.0
MP,2026-08-07,47.90999984741211,P,60.0,1.0000000000000003e-05,1.0,0,0.0,0.0
MP,2026-08-07,47.90999984741211,P,61.0,1.0000000000000003e-05,2.0,0,0.0,0.0
MP,2026-08-07,47.90999984741211,P,62.0,1.0000000000000003e-05,12.0,0,0.0,0.0
MP,2026-08-07,47.90999984741211,P,63.0,1.0000000000000003e-05,1.0,0,0.0,0.0
MP,2026-08-07,47.90999984741211,P,64.0,1.0000000000000003e-05,1.0,0,0.0,0.0
MP,2026-08-07,47.90999984741211,P,65.0,1.0000000000000003e-05,1.0,0,0.0,0.0
MP,2026-08-07,47.90999984741211,P,66.0,1.0000000000000003e-05,2.0,0,0.0,0.0
MP,2026-08-07,47.90999984741211,P,67.0,1.0000000000000003e-05,,0,0.0,0.0
MP,2026-08-07,47.90999984741211,P,68.0,1.0000000000000003e-05,1.0,0,0.0,0.0
MP,2026-08-07,47.90999984741211,P,70.0,1.0000000000000003e-05,1.0,0,0.0,0.0
MP,2026-08-07,47.90999984741211,P,75.0,1.0000000000000003e-05,2.0,0,0.0,0.0
DCH,2026-08-21,6.0,C,5.0,1.0000000000000003e-05,5.0,0,0.0,0.0
DCH,2026-08-21,6.0,C,7.5,0.2500075,3.0,0,0.0,0.0
DCH,2026-08-21,6.0,P,2.5,0.500005,,0,0.0,0.0
DCH,2026-08-21,6.0,P,5.0,0.2500075,10.0,0,0.0,0.0
DOCS,2026-08-21,21.6299991607666,C,2.5,1.0000000000000003e-05,,0,0.0,0.0
DOCS,2026-08-21,21.6299991607666,C,5.0,1.0000000000000003e-05,2.0,0,0.0,0.0
DOCS,2026-08-21,21.6299991607666,C,12.5,1.0000000000000003e-05,1.0,0,0.0,0.0
DOCS,2026-08-21,21.6299991607666,C,15.0,1.0000000000000003e-05,10.0,57,5.2,6.3
DOCS,2026-08-21,21.6299991607666,C,17.5,1.0000000000000003e-05,1.0,0,0.0,0.0
DOCS,2026-08-21,21.6299991607666,C,20.0,1.0000000000000003e-05,9.0,0,0.0,0.0
DOCS,2026-08-21,21.6299991607666,C,22.5,0.062509375,338.0,0,0.0,0.0
DOCS,2026-08-21,21.6299991607666,C,25.0,0.12500875,1160.0,0,0.0,0.0
DOCS,2026-08-21,21.6299991607666,C,27.5,0.2500075,26.0,0,0.0,0.0
DOCS,2026-08-21,21.6299991607666,C,30.0,0.500005,5.0,0,0.0,0.0
DOCS,2026-08-21,21.6299991607666,C,32.5,0.500005,2.0,0,0.0,0.0
DOCS,2026-08-21,21.6299991607666,C,35.0,0.500005,1.0,0,0.0,0.0
DOCS,2026-08-21,21.6299991607666,C,37.5,0.500005,3.0,0,0.0,0.0
DOCS,2026-08-21,21.6299991607666,C,40.0,0.500005,10.0,0,0.0,0.0
DOCS,2026-08-21,21.6299991607666,C,42.5,0.500005,2.0,0,0.0,0.0
DOCS,2026-08-21,21.6299991607666,C,45.0,2.031254921875,1.0,130,0.0,0.45
DOCS,2026-08-21,21.6299991607666,C,47.5,0.500005,3.0,0,0.0,0.0
DOCS,2026-08-21,21.6299991607666,C,50.0,0.500005,4.0,0,0.0,0.0
DOCS,2026-08-21,21.6299991607666,C,52.5,2.339847900390624,1.0,21,0.0,0.45
DOCS,2026-08-21,21.6299991607666,C,55.0,0.500005,1.0,0,0.0,0.0
DOCS,2026-08-21,21.6299991607666,C,60.0,0.500005,5.0,0,0.0,0.0
DOCS,2026-08-21,21.6299991607666,C,65.0,2.69531576171875,2.0,37,0.0,0.4
DOCS,2026-08-21,21.6299991607666,P,10.0,0.500005,,0,0.0,0.0
DOCS,2026-08-21,21.6299991607666,P,12.5,0.500005,2.0,0,0.0,0.0
DOCS,2026-08-21,21.6299991607666,P,15.0,0.500005,62.0,0,0.0,0.0
DOCS,2026-08-21,21.6299991607666,P,17.5,0.2500075,17.0,0,0.0,0.0
DOCS,2026-08-21,21.6299991607666,P,20.0,0.12500875,452.0,0,0.0,0.0
DOCS,2026-08-21,21.6299991607666,P,22.5,1.0000000000000003e-05,49.0,0,0.0,0.0
DOCS,2026-08-21,21.6299991607666,P,25.0,1.0000000000000003e-05,307.0,0,0.0,0.0
DOCS,2026-08-21,21.6299991607666,P,27.5,1.0000000000000003e-05,7.0,0,0.0,0.0
DOCS,2026-08-21,21.6299991607666,P,30.0,1.0000000000000003e-05,85.0,0,0.0,0.0
DOCS,2026-08-21,21.6299991607666,P,32.5,1.0000000000000003e-05,1.0,0,0.0,0.0
DOCS,2026-08-21,21.6299991607666,P,35.0,1.0000000000000003e-05,3.0,56,12.0,13.3
DOCS,2026-08-21,21.6299991607666,P,37.5,1.0000000000000003e-05,4.0,0,0.0,0.0
DOCS,2026-08-21,21.6299991607666,P,40.0,2.0566454833984373,2.0,0,16.6,18.8
DOCS,2026-08-21,21.6299991607666,P,42.5,2.809573288574219,1.0,0,21.2,22.7
DOCS,2026-08-21,21.6299991607666,P,45.0,2.912112094726563,4.0,0,23.6,25.2
DOCS,2026-08-21,21.6299991607666,P,47.5,1.0000000000000003e-05,2.0,10,22.3,24.3
DOCS,2026-08-21,21.6299991607666,P,50.0,1.0000000000000003e-05,3.0,0,0.0,0.0
DOCS,2026-08-21,21.6299991607666,P,55.0,1.0000000000000003e-05,1.0,0,29.5,31.9
DOCS,2026-08-21,21.6299991607666,P,60.0,1.0000000000000003e-05,,0,0.0,0.0
MCHP,2026-08-07,77.79000091552734,C,65.0,1.0000000000000003e-05,11.0,0,0.0,0.0
MCHP,2026-08-07,77.79000091552734,C,70.0,1.0000000000000003e-05,2.0,0,0.0,0.0
MCHP,2026-08-07,77.79000091552734,C,72.0,1.0000000000000003e-05,9.0,0,0.0,0.0
MCHP,2026-08-07,77.79000091552734,C,73.0,1.0000000000000003e-05,9.0,0,0.0,0.0
MCHP,2026-08-07,77.79000091552734,C,74.0,1.0000000000000003e-05,8.0,0,0.0,0.0
MCHP,2026-08-07,77.79000091552734,C,75.0,1.0000000000000003e-05,7.0,0,0.0,0.0
MCHP,2026-08-07,77.79000091552734,C,76.0,1.0000000000000003e-05,1.0,0,0.0,0.0
MCHP,2026-08-07,77.79000091552734,C,77.0,1.0000000000000003e-05,513.0,0,0.0,0.0
MCHP,2026-08-07,77.79000091552734,C,78.0,0.015634843750000002,93.0,0,0.0,0.0
MCHP,2026-08-07,77.79000091552734,C,79.0,0.062509375,92.0,0,0.0,0.0
MCHP,2026-08-07,77.79000091552734,C,80.0,0.12500875,115.0,0,0.0,0.0
MCHP,2026-08-07,77.79000091552734,C,81.0,0.12500875,10.0,0,0.0,0.0
MCHP,2026-08-07,77.79000091552734,C,82.0,0.2500075,18.0,0,0.0,0.0
MCHP,2026-08-07,77.79000091552734,C,83.0,0.2500075,2.0,0,0.0,0.0
MCHP,2026-08-07,77.79000091552734,C,84.0,0.2500075,732.0,0,0.0,0.0
MCHP,2026-08-07,77.79000091552734,C,85.0,0.2500075,35.0,0,0.0,0.0
MCHP,2026-08-07,77.79000091552734,C,86.0,0.2500075,6.0,0,0.0,0.0
MCHP,2026-08-07,77.79000091552734,C,87.0,0.2500075,2.0,0,0.0,0.0
MCHP,2026-08-07,77.79000091552734,C,88.0,0.500005,25.0,0,0.0,0.0
MCHP,2026-08-07,77.79000091552734,C,89.0,0.500005,437.0,0,0.0,0.0
MCHP,2026-08-07,77.79000091552734,C,90.0,0.500005,2.0,0,0.0,0.0
MCHP,2026-08-07,77.79000091552734,C,91.0,0.500005,45.0,0,0.0,0.0
MCHP,2026-08-07,77.79000091552734,C,92.0,0.500005,1.0,0,0.0,0.0
MCHP,2026-08-07,77.79000091552734,C,93.0,0.500005,11.0,0,0.0,0.0
MCHP,2026-08-07,77.79000091552734,C,94.0,0.500005,24.0,0,0.0,0.0
MCHP,2026-08-07,77.79000091552734,C,95.0,0.500005,14.0,0,0.0,0.0
MCHP,2026-08-07,77.79000091552734,C,96.0,0.500005,12.0,0,0.0,0.0
MCHP,2026-08-07,77.79000091552734,C,97.0,0.500005,4.0,0,0.0,0.0
MCHP,2026-08-07,77.79000091552734,C,98.0,0.500005,1.0,0,0.0,0.0
MCHP,2026-08-07,77.79000091552734,C,99.0,0.500005,4.0,0,0.0,0.0
MCHP,2026-08-07,77.79000091552734,C,100.0,0.500005,4.0,0,0.0,0.0
MCHP,2026-08-07,77.79000091552734,C,101.0,0.500005,8.0,0,0.0,0.0
MCHP,2026-08-07,77.79000091552734,C,102.0,0.500005,4.0,0,0.0,0.0
MCHP,2026-08-07,77.79000091552734,C,103.0,0.500005,10.0,0,0.0,0.0
MCHP,2026-08-07,77.79000091552734,C,104.0,0.500005,5.0,0,0.0,0.0
MCHP,2026-08-07,77.79000091552734,C,105.0,0.500005,10.0,0,0.0,0.0
MCHP,2026-08-07,77.79000091552734,C,110.0,0.500005,1.0,0,0.0,0.0
MCHP,2026-08-07,77.79000091552734,C,115.0,0.500005,,0,0.0,0.0
MCHP,2026-08-07,77.79000091552734,C,125.0,0.500005,43.0,0,0.0,0.0
MCHP,2026-08-07,77.79000091552734,C,130.0,0.500005,,0,0.0,0.0
MCHP,2026-08-07,77.79000091552734,P,50.0,0.500005,4.0,0,0.0,0.0
MCHP,2026-08-07,77.79000091552734,P,55.0,0.500005,49.0,0,0.0,0.0
MCHP,2026-08-07,77.79000091552734,P,56.0,0.500005,1.0,0,0.0,0.0
MCHP,2026-08-07,77.79000091552734,P,59.0,0.500005,1.0,0,0.0,0.0
MCHP,2026-08-07,77.79000091552734,P,60.0,0.500005,7.0,0,0.0,0.0
MCHP,2026-08-07,77.79000091552734,P,61.0,0.500005,62.0,0,0.0,0.0
MCHP,2026-08-07,77.79000091552734,P,62.0,0.500005,30.0,0,0.0,0.0
MCHP,2026-08-07,77.79000091552734,P,63.0,0.500005,28.0,0,0.0,0.0
MCHP,2026-08-07,77.79000091552734,P,64.0,0.500005,2.0,0,0.0,0.0
MCHP,2026-08-07,77.79000091552734,P,65.0,0.500005,23.0,0,0.0,0.0
MCHP,2026-08-07,77.79000091552734,P,66.0,0.500005,4.0,0,0.0,0.0
MCHP,2026-08-07,77.79000091552734,P,67.0,0.500005,1.0,0,0.0,0.0
MCHP,2026-08-07,77.79000091552734,P,68.0,0.500005,25.0,0,0.0,0.0
MCHP,2026-08-07,77.79000091552734,P,69.0,0.500005,1.0,0,0.0,0.0
MCHP,2026-08-07,77.79000091552734,P,70.0,0.2500075,355.0,0,0.0,0.0
MCHP,2026-08-07,77.79000091552734,P,71.0,0.2500075,5.0,0,0.0,0.0
MCHP,2026-08-07,77.79000091552734,P,72.0,0.2500075,57.0,0,0.0,0.0
MCHP,2026-08-07,77.79000091552734,P,73.0,0.2500075,183.0,0,0.0,0.0
MCHP,2026-08-07,77.79000091552734,P,74.0,0.12500875,1.0,0,0.0,0.0
MCHP,2026-08-07,77.79000091552734,P,75.0,0.12500875,313.0,0,0.0,0.0
MCHP,2026-08-07,77.79000091552734,P,76.0,0.062509375,1.0,0,0.0,0.0
MCHP,2026-08-07,77.79000091552734,P,77.0,0.0312596875,17.0,0,0.0,0.0
MCHP,2026-08-07,77.79000091552734,P,78.0,1.0000000000000003e-05,671.0,0,0.0,0.0
MCHP,2026-08-07,77.79000091552734,P,79.0,1.0000000000000003e-05,7.0,0,0.0,0.0
MCHP,2026-08-07,77.79000091552734,P,80.0,1.0000000000000003e-05,31.0,0,0.0,0.0
MCHP,2026-08-07,77.79000091552734,P,81.0,1.0000000000000003e-05,3.0,0,0.0,0.0
MCHP,2026-08-07,77.79000091552734,P,82.0,1.0000000000000003e-05,1.0,0,0.0,0.0
MCHP,2026-08-07,77.79000091552734,P,83.0,1.0000000000000003e-05,3.0,0,0.0,0.0
MCHP,2026-08-07,77.79000091552734,P,84.0,1.0000000000000003e-05,30.0,0,0.0,0.0
MCHP,2026-08-07,77.79000091552734,P,85.0,1.0000000000000003e-05,1.0,0,0.0,0.0
MCHP,2026-08-07,77.79000091552734,P,86.0,1.0000000000000003e-05,4.0,0,0.0,0.0
MCHP,2026-08-07,77.79000091552734,P,87.0,1.0000000000000003e-05,8.0,0,0.0,0.0
MCHP,2026-08-07,77.79000091552734,P,88.0,1.0000000000000003e-05,1.0,0,0.0,0.0
MCHP,2026-08-07,77.79000091552734,P,89.0,1.0000000000000003e-05,1.0,0,0.0,0.0
MCHP,2026-08-07,77.79000091552734,P,90.0,1.0000000000000003e-05,11.0,0,0.0,0.0
MCHP,2026-08-07,77.79000091552734,P,91.0,1.0000000000000003e-05,1.0,0,0.0,0.0
MCHP,2026-08-07,77.79000091552734,P,92.0,1.0000000000000003e-05,1.0,0,0.0,0.0
MCHP,2026-08-07,77.79000091552734,P,93.0,1.0000000000000003e-05,5.0,0,0.0,0.0
MCHP,2026-08-07,77.79000091552734,P,95.0,1.0000000000000003e-05,1.0,0,0.0,0.0
MCHP,2026-08-07,77.79000091552734,P,100.0,1.0000000000000003e-05,1.0,0,0.0,0.0
MCHP,2026-08-07,77.79000091552734,P,102.0,1.0000000000000003e-05,1.0,0,0.0,0.0
RMD,2026-08-21,224.02999877929688,C,150.0,1.0000000000000003e-05,5.0,0,0.0,0.0
RMD,2026-08-21,224.02999877929688,C,155.0,1.0000000000000003e-05,1.0,0,0.0,0.0
RMD,2026-08-21,224.02999877929688,C,160.0,1.0000000000000003e-05,1.0,0,0.0,0.0
RMD,2026-08-21,224.02999877929688,C,170.0,1.0000000000000003e-05,1.0,0,0.0,0.0
RMD,2026-08-21,224.02999877929688,C,180.0,1.0000000000000003e-05,9.0,0,0.0,0.0
RMD,2026-08-21,224.02999877929688,C,185.0,1.0000000000000003e-05,1.0,0,0.0,0.0
RMD,2026-08-21,224.02999877929688,C,190.0,1.0000000000000003e-05,76.0,0,0.0,0.0
RMD,2026-08-21,224.02999877929688,C,195.0,1.0000000000000003e-05,2.0,0,0.0,0.0
RMD,2026-08-21,224.02999877929688,C,200.0,1.0000000000000003e-05,1.0,0,0.0,0.0
RMD,2026-08-21,224.02999877929688,C,210.0,1.0000000000000003e-05,6.0,0,0.0,0.0
RMD,2026-08-21,224.02999877929688,C,220.0,1.0000000000000003e-05,557.0,0,0.0,0.0
RMD,2026-08-21,224.02999877929688,C,230.0,0.0312596875,669.0,0,0.0,0.0
RMD,2026-08-21,224.02999877929688,C,240.0,0.062509375,29.0,0,0.0,0.0
RMD,2026-08-21,224.02999877929688,C,250.0,0.12500875,20.0,0,0.0,0.0
RMD,2026-08-21,224.02999877929688,C,260.0,0.12500875,10.0,0,0.0,0.0
RMD,2026-08-21,224.02999877929688,C,270.0,0.2500075,3.0,0,0.0,0.0
RMD,2026-08-21,224.02999877929688,C,290.0,0.2500075,1.0,0,0.0,0.0
RMD,2026-08-21,224.02999877929688,P,130.0,0.500005,,0,0.0,0.0
RMD,2026-08-21,224.02999877929688,P,135.0,0.500005,1.0,0,0.0,0.0
RMD,2026-08-21,224.02999877929688,P,145.0,0.500005,3.0,0,0.0,0.0
RMD,2026-08-21,224.02999877929688,P,150.0,0.500005,2.0,0,0.0,0.0
RMD,2026-08-21,224.02999877929688,P,155.0,0.2500075,1.0,0,0.0,0.0
RMD,2026-08-21,224.02999877929688,P,160.0,0.2500075,3.0,0,0.0,0.0
RMD,2026-08-21,224.02999877929688,P,165.0,0.2500075,2.0,0,0.0,0.0
RMD,2026-08-21,224.02999877929688,P,170.0,0.2500075,1.0,0,0.0,0.0
RMD,2026-08-21,224.02999877929688,P,175.0,0.2500075,1.0,0,0.0,0.0
RMD,2026-08-21,224.02999877929688,P,180.0,0.2500075,4.0,0,0.0,0.0
RMD,2026-08-21,224.02999877929688,P,185.0,0.2500075,2.0,0,0.0,0.0
RMD,2026-08-21,224.02999877929688,P,190.0,0.12500875,411.0,0,0.0,0.0
RMD,2026-08-21,224.02999877929688,P,195.0,0.12500875,18.0,0,0.0,0.0
RMD,2026-08-21,224.02999877929688,P,200.0,0.12500875,39.0,0,0.0,0.0
RMD,2026-08-21,224.02999877929688,P,210.0,0.062509375,403.0,0,0.0,0.0
RMD,2026-08-21,224.02999877929688,P,220.0,0.015634843750000002,2.0,0,0.0,0.0
RMD,2026-08-21,224.02999877929688,P,230.0,1.0000000000000003e-05,1.0,0,0.0,0.0
USFD,2026-08-21,100.48999786376953,C,85.0,1.0000000000000003e-05,1.0,2,10.3,12.9
USFD,2026-08-21,100.48999786376953,C,87.5,1.0000000000000003e-05,5.0,0,0.0,0.0
USFD,2026-08-21,100.48999786376953,C,90.0,1.0000000000000003e-05,1.0,2,8.4,10.3
USFD,2026-08-21,100.48999786376953,C,92.5,1.0000000000000003e-05,1.0,3,4.6,6.8
USFD,2026-08-21,100.48999786376953,C,95.0,1.0000000000000003e-05,5.0,0,0.0,0.0
USFD,2026-08-21,100.48999786376953,C,97.5,1.0000000000000003e-05,1.0,0,0.0,0.0
USFD,2026-08-21,100.48999786376953,C,100.0,1.0000000000000003e-05,50.0,0,0.0,0.0
USFD,2026-08-21,100.48999786376953,C,105.0,0.062509375,2.0,0,0.0,0.0
USFD,2026-08-21,100.48999786376953,C,110.0,0.12500875,1.0,0,0.0,0.0
USFD,2026-08-21,100.48999786376953,C,115.0,0.12500875,1.0,0,0.0,0.0
USFD,2026-08-21,100.48999786376953,P,60.0,0.500005,,0,0.0,0.0
USFD,2026-08-21,100.48999786376953,P,65.0,1.3476595117187498,1.0,1,0.0,1.2
USFD,2026-08-21,100.48999786376953,P,75.0,0.2500075,2.0,0,0.0,0.0
USFD,2026-08-21,100.48999786376953,P,77.5,0.2500075,,0,0.0,0.0
USFD,2026-08-21,100.48999786376953,P,80.0,0.7832052929687501,801.0,287,0.05,1.05
USFD,2026-08-21,100.48999786376953,P,82.5,0.7163114306640624,3.0,3,0.05,1.15
USFD,2026-08-21,100.48999786376953,P,85.0,0.2500075,1.0,0,0.0,0.0
USFD,2026-08-21,100.48999786376953,P,87.5,0.12500875,1.0,0,0.0,0.0
USFD,2026-08-21,100.48999786376953,P,90.0,0.12500875,300.0,0,0.0,0.0
USFD,2026-08-21,100.48999786376953,P,92.5,0.12500875,26.0,0,0.0,0.0
USFD,2026-08-21,100.48999786376953,P,95.0,0.062509375,200.0,0,0.0,0.0
USFD,2026-08-21,100.48999786376953,P,97.5,0.0312596875,2.0,0,0.0,0.0
USFD,2026-08-21,100.48999786376953,P,100.0,0.007822421875,838.0,0,0.0,0.0
USFD,2026-08-21,100.48999786376953,P,105.0,1.0000000000000003e-05,3.0,0,0.0,0.0
FISV,2026-08-07,54.11000061035156,C,25.0,1.0000000000000003e-05,3.0,0,0.0,0.0
FISV,2026-08-07,54.11000061035156,C,39.0,1.0000000000000003e-05,1.0,0,0.0,0.0
FISV,2026-08-07,54.11000061035156,C,40.0,1.0000000000000003e-05,1.0,0,0.0,0.0
FISV,2026-08-07,54.11000061035156,C,41.0,1.0000000000000003e-05,1.0,0,0.0,0.0
FISV,2026-08-07,54.11000061035156,C,42.5,1.0000000000000003e-05,2.0,0,0.0,0.0
FISV,2026-08-07,54.11000061035156,C,43.0,1.0000000000000003e-05,,0,0.0,0.0
FISV,2026-08-07,54.11000061035156,C,45.0,1.0000000000000003e-05,6.0,0,0.0,0.0
FISV,2026-08-07,54.11000061035156,C,47.0,1.0000000000000003e-05,10.0,0,0.0,0.0
FISV,2026-08-07,54.11000061035156,C,47.5,1.0000000000000003e-05,2.0,0,0.0,0.0
FISV,2026-08-07,54.11000061035156,C,48.0,1.0000000000000003e-05,4.0,0,0.0,0.0
FISV,2026-08-07,54.11000061035156,C,49.0,1.0000000000000003e-05,3.0,0,0.0,0.0
FISV,2026-08-07,54.11000061035156,C,49.5,1.0000000000000003e-05,1.0,0,0.0,0.0
FISV,2026-08-07,54.11000061035156,C,50.0,1.0000000000000003e-05,8.0,0,0.0,0.0
FISV,2026-08-07,54.11000061035156,C,51.0,1.0000000000000003e-05,20.0,0,0.0,0.0
FISV,2026-08-07,54.11000061035156,C,52.0,1.0000000000000003e-05,8.0,0,0.0,0.0
FISV,2026-08-07,54.11000061035156,C,53.0,1.0000000000000003e-05,28.0,0,0.0,0.0
FISV,2026-08-07,54.11000061035156,C,54.0,1.0000000000000003e-05,1295.0,0,0.0,0.0
FISV,2026-08-07,54.11000061035156,C,55.0,0.062509375,586.0,0,0.0,0.0
FISV,2026-08-07,54.11000061035156,C,56.0,0.12500875,1007.0,0,0.0,0.0
FISV,2026-08-07,54.11000061035156,C,57.0,0.2500075,1497.0,0,0.0,0.0
FISV,2026-08-07,54.11000061035156,C,58.0,0.2500075,66.0,0,0.0,0.0
FISV,2026-08-07,54.11000061035156,C,59.0,0.2500075,962.0,0,0.0,0.0
FISV,2026-08-07,54.11000061035156,C,60.0,0.2500075,1670.0,0,0.0,0.0
FISV,2026-08-07,54.11000061035156,C,61.0,0.500005,130.0,0,0.0,0.0
FISV,2026-08-07,54.11000061035156,C,62.0,0.500005,17.0,0,0.0,0.0
FISV,2026-08-07,54.11000061035156,C,63.0,0.500005,104.0,0,0.0,0.0
FISV,2026-08-07,54.11000061035156,C,64.0,0.500005,18.0,0,0.0,0.0
FISV,2026-08-07,54.11000061035156,C,65.0,0.500005,1303.0,0,0.0,0.0
FISV,2026-08-07,54.11000061035156,C,66.0,0.500005,13.0,0,0.0,0.0
FISV,2026-08-07,54.11000061035156,C,70.0,0.500005,39.0,0,0.0,0.0
FISV,2026-08-07,54.11000061035156,C,75.0,0.500005,102.0,0,0.0,0.0
FISV,2026-08-07,54.11000061035156,P,25.0,0.500005,3.0,0,0.0,0.0
FISV,2026-08-07,54.11000061035156,P,35.0,0.500005,12.0,0,0.0,0.0
FISV,2026-08-07,54.11000061035156,P,38.0,0.500005,,0,0.0,0.0
FISV,2026-08-07,54.11000061035156,P,39.0,0.500005,1.0,0,0.0,0.0
FISV,2026-08-07,54.11000061035156,P,40.0,0.500005,1.0,0,0.0,0.0
FISV,2026-08-07,54.11000061035156,P,41.0,0.500005,1.0,0,0.0,0.0
FISV,2026-08-07,54.11000061035156,P,42.0,0.500005,52.0,0,0.0,0.0
FISV,2026-08-07,54.11000061035156,P,43.0,0.500005,19.0,0,0.0,0.0
FISV,2026-08-07,54.11000061035156,P,43.5,0.500005,2.0,0,0.0,0.0
FISV,2026-08-07,54.11000061035156,P,44.0,0.500005,18.0,0,0.0,0.0
FISV,2026-08-07,54.11000061035156,P,44.5,0.500005,19.0,0,0.0,0.0
FISV,2026-08-07,54.11000061035156,P,45.0,0.500005,719.0,0,0.0,0.0
FISV,2026-08-07,54.11000061035156,P,45.5,0.500005,487.0,0,0.0,0.0
FISV,2026-08-07,54.11000061035156,P,46.0,0.500005,378.0,0,0.0,0.0
FISV,2026-08-07,54.11000061035156,P,46.5,0.500005,24.0,0,0.0,0.0
FISV,2026-08-07,54.11000061035156,P,47.0,0.500005,101.0,0,0.0,0.0
FISV,2026-08-07,54.11000061035156,P,47.5,0.500005,1164.0,0,0.0,0.0
FISV,2026-08-07,54.11000061035156,P,48.0,0.500005,328.0,0,0.0,0.0
FISV,2026-08-07,54.11000061035156,P,48.5,0.500005,129.0,0,0.0,0.0
FISV,2026-08-07,54.11000061035156,P,49.0,0.2500075,450.0,0,0.0,0.0
FISV,2026-08-07,54.11000061035156,P,49.5,0.2500075,48.0,0,0.0,0.0
FISV,2026-08-07,54.11000061035156,P,50.0,0.2500075,3203.0,0,0.0,0.0
FISV,2026-08-07,54.11000061035156,P,51.0,0.2500075,164.0,0,0.0,0.0
FISV,2026-08-07,54.11000061035156,P,52.0,0.12500875,363.0,0,0.0,0.0
FISV,2026-08-07,54.11000061035156,P,53.0,0.062509375,60.0,0,0.0,0.0
FISV,2026-08-07,54.11000061035156,P,54.0,0.015634843750000002,1023.0,0,0.0,0.0
FISV,2026-08-07,54.11000061035156,P,55.0,1.0000000000000003e-05,168.0,0,0.0,0.0
FISV,2026-08-07,54.11000061035156,P,56.0,1.0000000000000003e-05,15.0,0,0.0,0.0
FISV,2026-08-07,54.11000061035156,P,57.0,1.0000000000000003e-05,8.0,0,0.0,0.0
FISV,2026-08-07,54.11000061035156,P,59.0,1.0000000000000003e-05,1.0,0,0.0,0.0
FISV,2026-08-07,54.11000061035156,P,60.0,1.0000000000000003e-05,1.0,0,0.0,0.0
FISV,2026-08-07,54.11000061035156,P,61.0,1.0000000000000003e-05,,0,0.0,0.0
FISV,2026-08-07,54.11000061035156,P,65.0,1.0000000000000003e-05,2.0,0,0.0,0.0
FISV,2026-08-07,54.11000061035156,P,70.0,1.0000000000000003e-05,2.0,0,0.0,0.0
GPGI,2026-08-21,15.220000267028809,C,2.5,1.0000000000000003e-05,6,0,0.0,0.0
GPGI,2026-08-21,15.220000267028809,C,5.0,1.0000000000000003e-05,6,0,0.0,0.0
GPGI,2026-08-21,15.220000267028809,C,7.5,1.0000000000000003e-05,4,0,0.0,0.0
GPGI,2026-08-21,15.220000267028809,C,12.5,1.0000000000000003e-05,30,0,0.0,0.0
GPGI,2026-08-21,15.220000267028809,C,15.0,1.0000000000000003e-05,28,0,0.0,0.0
GPGI,2026-08-21,15.220000267028809,C,17.5,0.12500875,3,0,0.0,0.0
GPGI,2026-08-21,15.220000267028809,P,10.0,0.500005,1,0,0.0,0.0
GPGI,2026-08-21,15.220000267028809,P,12.5,0.2500075,4,0,0.0,0.0
GPGI,2026-08-21,15.220000267028809,P,15.0,0.0312596875,62,0,0.0,0.0
GPGI,2026-08-21,15.220000267028809,P,17.5,1.0000000000000003e-05,20,0,0.0,0.0
GPGI,2026-08-21,15.220000267028809,P,22.5,1.0000000000000003e-05,2,0,0.0,0.0
GPGI,2026-08-21,15.220000267028809,P,25.0,1.0000000000000003e-05,2,0,0.0,0.0
RAPP,2026-08-21,42.439998626708984,C,25.0,1.0000000000000003e-05,,0,0.0,0.0
RAPP,2026-08-21,42.439998626708984,C,27.5,1.0000000000000003e-05,1.0,0,0.0,0.0
RAPP,2026-08-21,42.439998626708984,C,30.0,1.0000000000000003e-05,,0,6.5,11.0
RAPP,2026-08-21,42.439998626708984,C,32.5,0.99023447265625,1.0,2,5.5,10.3
RAPP,2026-08-21,42.439998626708984,C,35.0,1.0000000000000003e-05,15.0,0,0.0,0.0
RAPP,2026-08-21,42.439998626708984,C,37.5,0.7050810742187501,1.0,1,3.7,7.5
RAPP,2026-08-21,42.439998626708984,C,40.0,1.0000000000000003e-05,1.0,0,0.0,0.0
RAPP,2026-08-21,42.439998626708984,C,42.5,0.0039162109375,2.0,0,0.0,0.0
RAPP,2026-08-21,42.439998626708984,C,45.0,0.062509375,1.0,0,0.0,0.0
RAPP,2026-08-21,42.439998626708984,C,47.5,0.12500875,1.0,0,0.0,0.0
RAPP,2026-08-21,42.439998626708984,C,50.0,0.2500075,1.0,0,0.0,0.0
RAPP,2026-08-21,42.439998626708984,P,35.0,0.2500075,,0,0.0,0.0
RAPP,2026-08-21,42.439998626708984,P,37.5,0.12500875,20.0,0,0.0,0.0
RAPP,2026-08-21,42.439998626708984,P,40.0,0.062509375,1.0,0,0.0,0.0
RAPP,2026-08-21,42.439998626708984,P,42.5,1.0000000000000003e-05,10.0,0,0.0,0.0
RAPP,2026-08-21,42.439998626708984,P,45.0,1.0000000000000003e-05,,0,0.0,0.0
TTD,2026-08-07,18.959999084472656,C,12.0,1.0000000000000003e-05,4,0,0.0,0.0
TTD,2026-08-07,18.959999084472656,C,12.5,1.0000000000000003e-05,5,0,0.0,0.0
TTD,2026-08-07,18.959999084472656,C,13.0,1.0000000000000003e-05,8,0,0.0,0.0
TTD,2026-08-07,18.959999084472656,C,13.5,1.0000000000000003e-05,27,0,0.0,0.0
TTD,2026-08-07,18.959999084472656,C,14.0,1.0000000000000003e-05,9,0,0.0,0.0
TTD,2026-08-07,18.959999084472656,C,15.0,1.0000000000000003e-05,12,0,0.0,0.0
TTD,2026-08-07,18.959999084472656,C,15.5,1.0000000000000003e-05,13,0,0.0,0.0
TTD,2026-08-07,18.959999084472656,C,16.0,1.0000000000000003e-05,12,0,0.0,0.0
TTD,2026-08-07,18.959999084472656,C,16.5,1.0000000000000003e-05,8,0,0.0,0.0
TTD,2026-08-07,18.959999084472656,C,17.0,1.0000000000000003e-05,77,0,0.0,0.0
TTD,2026-08-07,18.959999084472656,C,17.5,1.0000000000000003e-05,21,0,0.0,0.0
TTD,2026-08-07,18.959999084472656,C,18.0,1.0000000000000003e-05,71,0,0.0,0.0
TTD,2026-08-07,18.959999084472656,C,18.5,1.0000000000000003e-05,40,0,0.0,0.0
TTD,2026-08-07,18.959999084472656,C,19.0,0.015634843750000002,2096,0,0.0,0.0
TTD,2026-08-07,18.959999084472656,C,19.5,0.12500875,192,0,0.0,0.0
TTD,2026-08-07,18.959999084472656,C,20.0,0.2500075,891,0,0.0,0.0
TTD,2026-08-07,18.959999084472656,C,20.5,0.2500075,28,0,0.0,0.0
TTD,2026-08-07,18.959999084472656,C,21.0,0.500005,1338,0,0.0,0.0
TTD,2026-08-07,18.959999084472656,C,21.5,0.500005,358,0,0.0,0.0
TTD,2026-08-07,18.959999084472656,C,22.0,0.500005,2716,0,0.0,0.0
TTD,2026-08-07,18.959999084472656,C,22.5,0.500005,89,0,0.0,0.0
TTD,2026-08-07,18.959999084472656,C,23.0,0.500005,162,0,0.0,0.0
TTD,2026-08-07,18.959999084472656,C,23.5,0.500005,133,0,0.0,0.0
TTD,2026-08-07,18.959999084472656,C,24.0,0.500005,175,0,0.0,0.0
TTD,2026-08-07,18.959999084472656,C,24.5,0.500005,16,0,0.0,0.0
TTD,2026-08-07,18.959999084472656,C,25.0,0.500005,368,0,0.0,0.0
TTD,2026-08-07,18.959999084472656,C,25.5,0.500005,24,0,0.0,0.0
TTD,2026-08-07,18.959999084472656,C,26.0,0.500005,43,0,0.0,0.0
TTD,2026-08-07,18.959999084472656,C,27.0,0.500005,50,0,0.0,0.0
TTD,2026-08-07,18.959999084472656,C,28.0,0.500005,3,0,0.0,0.0
TTD,2026-08-07,18.959999084472656,C,30.0,0.500005,385,0,0.0,0.0
TTD,2026-08-07,18.959999084472656,P,12.0,0.500005,3,0,0.0,0.0
TTD,2026-08-07,18.959999084472656,P,12.5,0.500005,3,0,0.0,0.0
TTD,2026-08-07,18.959999084472656,P,13.0,0.500005,44,0,0.0,0.0
TTD,2026-08-07,18.959999084472656,P,13.5,0.500005,69,0,0.0,0.0
TTD,2026-08-07,18.959999084472656,P,14.0,0.500005,141,0,0.0,0.0
TTD,2026-08-07,18.959999084472656,P,14.5,0.500005,374,0,0.0,0.0
TTD,2026-08-07,18.959999084472656,P,15.0,0.500005,227,0,0.0,0.0
TTD,2026-08-07,18.959999084472656,P,15.5,0.500005,208,0,0.0,0.0
TTD,2026-08-07,18.959999084472656,P,16.0,0.500005,1364,0,0.0,0.0
TTD,2026-08-07,18.959999084472656,P,16.5,0.500005,1042,0,0.0,0.0
TTD,2026-08-07,18.959999084472656,P,17.0,0.500005,779,0,0.0,0.0
TTD,2026-08-07,18.959999084472656,P,17.5,0.2500075,405,0,0.0,0.0
TTD,2026-08-07,18.959999084472656,P,18.0,0.2500075,197,0,0.0,0.0
TTD,2026-08-07,18.959999084472656,P,18.5,0.12500875,684,0,0.0,0.0
TTD,2026-08-07,18.959999084472656,P,19.0,1.0000000000000003e-05,123,0,0.0,0.0
TTD,2026-08-07,18.959999084472656,P,19.5,1.0000000000000003e-05,23,0,0.0,0.0
TTD,2026-08-07,18.959999084472656,P,20.0,1.0000000000000003e-05,68,0,0.0,0.0
TTD,2026-08-07,18.959999084472656,P,20.5,1.0000000000000003e-05,4,0,0.0,0.0
TTD,2026-08-07,18.959999084472656,P,21.0,1.0000000000000003e-05,3,0,0.0,0.0
TTD,2026-08-07,18.959999084472656,P,21.5,1.0000000000000003e-05,1,0,0.0,0.0
TTD,2026-08-07,18.959999084472656,P,22.0,1.0000000000000003e-05,51,0,0.0,0.0
TTD,2026-08-07,18.959999084472656,P,22.5,1.0000000000000003e-05,5,0,0.0,0.0
TTD,2026-08-07,18.959999084472656,P,23.0,1.0000000000000003e-05,2,0,0.0,0.0
TTD,2026-08-07,18.959999084472656,P,23.5,1.0000000000000003e-05,1,0,0.0,0.0
TTD,2026-08-07,18.959999084472656,P,24.0,1.0000000000000003e-05,2,0,0.0,0.0
TTD,2026-08-07,18.959999084472656,P,24.5,1.0000000000000003e-05,8,0,0.0,0.0
TTD,2026-08-07,18.959999084472656,P,25.0,1.0000000000000003e-05,42,0,0.0,0.0
TTD,2026-08-07,18.959999084472656,P,25.5,1.0000000000000003e-05,5,0,0.0,0.0
TTD,2026-08-07,18.959999084472656,P,26.0,1.0000000000000003e-05,2,0,0.0,0.0
TTD,2026-08-07,18.959999084472656,P,27.0,1.0000000000000003e-05,1,0,0.0,0.0
TTD,2026-08-07,18.959999084472656,P,28.0,1.0000000000000003e-05,5,0,0.0,0.0
TTD,2026-08-07,18.959999084472656,P,30.0,1.0000000000000003e-05,1,0,0.0,0.0
FTDR,2026-08-21,76.37999725341797,C,65.0,1.0000000000000003e-05,,0,0.0,0.0
FTDR,2026-08-21,76.37999725341797,C,75.0,1.0000000000000003e-05,1.0,0,0.0,0.0
FTDR,2026-08-21,76.37999725341797,C,80.0,0.062509375,20.0,0,0.0,0.0
FTDR,2026-08-21,76.37999725341797,C,90.0,0.12500875,1.0,0,0.0,0.0
FTDR,2026-08-21,76.37999725341797,P,65.0,0.12500875,60.0,0,0.0,0.0
FTDR,2026-08-21,76.37999725341797,P,75.0,0.0312596875,15.0,0,0.0,0.0
FTDR,2026-08-21,76.37999725341797,P,80.0,1.0000000000000003e-05,1.0,0,0.0,0.0
BTG,2026-08-07,4.099999904632568,C,0.5,1.0000000000000003e-05,2.0,0,0.0,0.0
BTG,2026-08-07,4.099999904632568,C,1.0,1.0000000000000003e-05,2.0,0,0.0,0.0
BTG,2026-08-07,4.099999904632568,C,1.5,1.0000000000000003e-05,2.0,0,0.0,0.0
BTG,2026-08-07,4.099999904632568,C,2.5,1.0000000000000003e-05,2.0,0,0.0,0.0
BTG,2026-08-07,4.099999904632568,C,3.0,1.0000000000000003e-05,2.0,0,0.0,0.0
BTG,2026-08-07,4.099999904632568,C,3.5,1.0000000000000003e-05,5.0,0,0.0,0.0
BTG,2026-08-07,4.099999904632568,C,4.0,1.0000000000000003e-05,3710.0,0,0.0,0.0
BTG,2026-08-07,4.099999904632568,C,4.5,0.500005,10939.0,0,0.0,0.0
BTG,2026-08-07,4.099999904632568,C,5.0,0.500005,1.0,0,0.0,0.0
BTG,2026-08-07,4.099999904632568,C,7.5,0.500005,,0,0.0,0.0
BTG,2026-08-07,4.099999904632568,C,8.0,0.500005,1.0,0,0.0,0.0
BTG,2026-08-07,4.099999904632568,P,1.0,0.500005,17.0,0,0.0,0.0
BTG,2026-08-07,4.099999904632568,P,1.5,0.500005,,0,0.0,0.0
BTG,2026-08-07,4.099999904632568,P,2.0,0.500005,,0,0.0,0.0
BTG,2026-08-07,4.099999904632568,P,3.0,0.500005,,0,0.0,0.0
BTG,2026-08-07,4.099999904632568,P,3.5,0.500005,2.0,0,0.0,0.0
BTG,2026-08-07,4.099999904632568,P,4.0,0.12500875,11210.0,0,0.0,0.0
BTG,2026-08-07,4.099999904632568,P,4.5,1.0000000000000003e-05,71.0,0,0.0,0.0
RL,2026-08-21,380.7799987792969,C,320.0,1.0000000000000003e-05,1.0,0,0.0,0.0
RL,2026-08-21,380.7799987792969,C,340.0,1.0000000000000003e-05,1.0,0,0.0,0.0
RL,2026-08-21,380.7799987792969,C,370.0,1.0000000000000003e-05,5.0,0,0.0,0.0
RL,2026-08-21,380.7799987792969,C,380.0,1.0000000000000003e-05,54.0,0,0.0,0.0
RL,2026-08-21,380.7799987792969,C,390.0,0.0312596875,16.0,0,0.0,0.0
RL,2026-08-21,380.7799987792969,C,400.0,0.062509375,7.0,0,0.0,0.0
RL,2026-08-21,380.7799987792969,C,410.0,0.062509375,84.0,0,0.0,0.0
RL,2026-08-21,380.7799987792969,C,420.0,0.12500875,5.0,0,0.0,0.0
RL,2026-08-21,380.7799987792969,C,430.0,0.12500875,208.0,0,0.0,0.0
RL,2026-08-21,380.7799987792969,C,440.0,0.12500875,3.0,0,0.0,0.0
RL,2026-08-21,380.7799987792969,C,450.0,0.12500875,2.0,0,0.0,0.0
RL,2026-08-21,380.7799987792969,C,460.0,0.2500075,1.0,0,0.0,0.0
RL,2026-08-21,380.7799987792969,C,470.0,0.2500075,9.0,0,0.0,0.0
RL,2026-08-21,380.7799987792969,C,480.0,0.2500075,1.0,0,0.0,0.0
RL,2026-08-21,380.7799987792969,C,490.0,0.2500075,1.0,0,0.0,0.0
RL,2026-08-21,380.7799987792969,C,500.0,0.2500075,,0,0.0,0.0
RL,2026-08-21,380.7799987792969,C,510.0,0.2500075,2.0,0,0.0,0.0
RL,2026-08-21,380.7799987792969,C,520.0,0.2500075,1.0,0,0.0,0.0
RL,2026-08-21,380.7799987792969,C,530.0,0.2500075,1.0,0,0.0,0.0
RL,2026-08-21,380.7799987792969,C,540.0,0.2500075,1.0,0,0.0,0.0
RL,2026-08-21,380.7799987792969,C,550.0,0.2500075,1.0,0,0.0,0.0
RL,2026-08-21,380.7799987792969,P,270.0,0.2500075,5.0,0,0.0,0.0
RL,2026-08-21,380.7799987792969,P,280.0,0.2500075,1.0,0,0.0,0.0
RL,2026-08-21,380.7799987792969,P,300.0,0.2500075,11.0,0,0.0,0.0
RL,2026-08-21,380.7799987792969,P,310.0,0.2500075,2.0,0,0.0,0.0
RL,2026-08-21,380.7799987792969,P,320.0,0.12500875,45.0,0,0.0,0.0
RL,2026-08-21,380.7799987792969,P,330.0,0.12500875,69.0,0,0.0,0.0
RL,2026-08-21,380.7799987792969,P,340.0,0.12500875,203.0,0,0.0,0.0
RL,2026-08-21,380.7799987792969,P,350.0,0.062509375,31.0,0,0.0,0.0
RL,2026-08-21,380.7799987792969,P,360.0,0.062509375,8.0,0,0.0,0.0
RL,2026-08-21,380.7799987792969,P,370.0,0.0312596875,1150.0,0,0.0,0.0
RL,2026-08-21,380.7799987792969,P,380.0,0.0039162109375,272.0,0,0.0,0.0
RL,2026-08-21,380.7799987792969,P,390.0,1.0000000000000003e-05,6.0,0,0.0,0.0
RL,2026-08-21,380.7799987792969,P,400.0,1.0000000000000003e-05,1.0,0,0.0,0.0
RL,2026-08-21,380.7799987792969,P,410.0,1.0000000000000003e-05,1.0,0,0.0,0.0
RL,2026-08-21,380.7799987792969,P,440.0,0.915161981201172,,2,67.3,71.5
RL,2026-08-21,380.7799987792969,P,520.0,1.0000000000000003e-05,1.0,0,0.0,0.0
CIA,2026-08-21,4.650000095367432,C,5.0,0.12500875,1.0,0,0.0,0.0
CIA,2026-08-21,4.650000095367432,C,7.5,0.500005,1.0,0,0.0,0.0
CIA,2026-08-21,4.650000095367432,C,10.0,3.9140627148437503,,2,0.0,1.0
CIA,2026-08-21,4.650000095367432,P,2.5,0.500005,326.0,0,0.0,0.0
CIA,2026-08-21,4.650000095367432,P,5.0,1.0000000000000003e-05,1.0,0,0.0,0.0
CIA,2026-08-21,4.650000095367432,P,7.5,1.0000000000000003e-05,1.0,0,0.0,0.0
CIA,2026-08-21,4.650000095367432,P,10.0,1.0000000000000003e-05,,1,3.9,5.1
UEIC,2026-08-21,4.760000228881836,C,2.5,2.031254921875,3.0,5,1.1,3.5
UEIC,2026-08-21,4.760000228881836,C,5.0,0.062509375,1.0,0,0.0,0.0
UEIC,2026-08-21,4.760000228881836,P,2.5,0.500005,1.0,0,0.0,0.0
UEIC,2026-08-21,4.760000228881836,P,5.0,2.7382844042968753,,1,0.85,1.6
LASR,2026-08-07,75.25,C,40.0,1.0000000000000003e-05,60.0,0,0.0,0.0
LASR,2026-08-07,75.25,C,41.0,1.0000000000000003e-05,60.0,0,0.0,0.0
LASR,2026-08-07,75.25,C,43.0,1.0000000000000003e-05,2.0,0,0.0,0.0
LASR,2026-08-07,75.25,C,44.0,1.0000000000000003e-05,1.0,0,0.0,0.0
LASR,2026-08-07,75.25,C,59.0,1.0000000000000003e-05,1.0,0,0.0,0.0
LASR,2026-08-07,75.25,C,60.0,1.0000000000000003e-05,3.0,0,0.0,0.0
LASR,2026-08-07,75.25,C,62.0,1.0000000000000003e-05,2.0,0,0.0,0.0
LASR,2026-08-07,75.25,C,65.0,1.0000000000000003e-05,1.0,0,0.0,0.0
LASR,2026-08-07,75.25,C,67.0,1.0000000000000003e-05,10.0,0,0.0,0.0
LASR,2026-08-07,75.25,C,68.0,1.0000000000000003e-05,10.0,0,0.0,0.0
LASR,2026-08-07,75.25,C,69.0,1.0000000000000003e-05,5.0,0,0.0,0.0
LASR,2026-08-07,75.25,C,70.0,1.0000000000000003e-05,23.0,0,0.0,0.0
LASR,2026-08-07,75.25,C,71.0,1.0000000000000003e-05,4.0,0,0.0,0.0
LASR,2026-08-07,75.25,C,72.0,1.0000000000000003e-05,4.0,0,0.0,0.0
LASR,2026-08-07,75.25,C,73.0,1.0000000000000003e-05,5.0,0,0.0,0.0
LASR,2026-08-07,75.25,C,74.0,1.0000000000000003e-05,10.0,0,0.0,0.0
LASR,2026-08-07,75.25,C,75.0,1.0000000000000003e-05,6.0,0,0.0,0.0
LASR,2026-08-07,75.25,C,76.0,0.0312596875,1.0,0,0.0,0.0
LASR,2026-08-07,75.25,C,77.0,0.062509375,3.0,0,0.0,0.0
LASR,2026-08-07,75.25,C,78.0,0.12500875,1.0,0,0.0,0.0
LASR,2026-08-07,75.25,C,79.0,0.12500875,6.0,0,0.0,0.0
LASR,2026-08-07,75.25,C,80.0,0.2500075,5.0,0,0.0,0.0
LASR,2026-08-07,75.25,C,81.0,0.2500075,2.0,0,0.0,0.0
LASR,2026-08-07,75.25,C,82.0,0.2500075,177.0,0,0.0,0.0
LASR,2026-08-07,75.25,C,83.0,0.2500075,2.0,0,0.0,0.0
LASR,2026-08-07,75.25,C,85.0,0.500005,13.0,0,0.0,0.0
LASR,2026-08-07,75.25,C,86.0,0.500005,2.0,0,0.0,0.0
LASR,2026-08-07,75.25,C,90.0,0.500005,179.0,0,0.0,0.0
LASR,2026-08-07,75.25,C,95.0,0.500005,35.0,0,0.0,0.0
LASR,2026-08-07,75.25,C,100.0,0.500005,4.0,0,0.0,0.0
LASR,2026-08-07,75.25,C,110.0,0.500005,394.0,0,0.0,0.0
LASR,2026-08-07,75.25,P,40.0,0.500005,,0,0.0,0.0
LASR,2026-08-07,75.25,P,44.0,0.500005,1.0,0,0.0,0.0
LASR,2026-08-07,75.25,P,45.0,0.500005,17.0,0,0.0,0.0
LASR,2026-08-07,75.25,P,46.0,0.500005,2.0,0,0.0,0.0
LASR,2026-08-07,75.25,P,47.0,0.500005,7.0,0,0.0,0.0
LASR,2026-08-07,75.25,P,48.0,0.500005,4.0,0,0.0,0.0
LASR,2026-08-07,75.25,P,49.0,0.500005,4.0,0,0.0,0.0
LASR,2026-08-07,75.25,P,50.0,0.500005,1.0,0,0.0,0.0
LASR,2026-08-07,75.25,P,51.0,0.500005,1.0,0,0.0,0.0
LASR,2026-08-07,75.25,P,52.0,0.500005,4.0,0,0.0,0.0
LASR,2026-08-07,75.25,P,53.0,0.500005,6.0,0,0.0,0.0
LASR,2026-08-07,75.25,P,54.0,0.500005,17.0,0,0.0,0.0
LASR,2026-08-07,75.25,P,55.0,0.500005,15.0,0,0.0,0.0
LASR,2026-08-07,75.25,P,56.0,0.500005,3.0,0,0.0,0.0
LASR,2026-08-07,75.25,P,57.0,0.500005,3.0,0,0.0,0.0
LASR,2026-08-07,75.25,P,58.0,0.500005,2.0,0,0.0,0.0
LASR,2026-08-07,75.25,P,59.0,0.500005,5.0,0,0.0,0.0
LASR,2026-08-07,75.25,P,60.0,0.500005,7.0,0,0.0,0.0
LASR,2026-08-07,75.25,P,61.0,0.500005,4.0,0,0.0,0.0
LASR,2026-08-07,75.25,P,62.0,0.500005,6.0,0,0.0,0.0
LASR,2026-08-07,75.25,P,63.0,0.500005,20.0,0,0.0,0.0
LASR,2026-08-07,75.25,P,64.0,0.500005,1.0,0,0.0,0.0
LASR,2026-08-07,75.25,P,65.0,0.500005,11.0,0,0.0,0.0
LASR,2026-08-07,75.25,P,66.0,0.500005,50.0,0,0.0,0.0
LASR,2026-08-07,75.25,P,67.0,0.500005,2.0,0,0.0,0.0
LASR,2026-08-07,75.25,P,68.0,0.2500075,53.0,0,0.0,0.0
LASR,2026-08-07,75.25,P,70.0,0.2500075,1.0,0,0.0,0.0
LASR,2026-08-07,75.25,P,71.0,0.2500075,,0,0.0,0.0
LASR,2026-08-07,75.25,P,72.0,0.12500875,1.0,0,0.0,0.0
LASR,2026-08-07,75.25,P,73.0,0.12500875,,0,0.0,0.0
LASR,2026-08-07,75.25,P,75.0,0.015634843750000002,6.0,0,0.0,0.0
MDA,2026-08-21,33.939998626708984,C,20.0,1.0000000000000003e-05,,0,0.0,0.0
MDA,2026-08-21,33.939998626708984,C,25.0,1.0000000000000003e-05,1.0,0,0.0,0.0
MDA,2026-08-21,33.939998626708984,C,30.0,1.0000000000000003e-05,2.0,0,0.0,0.0
MDA,2026-08-21,33.939998626708984,C,35.0,0.0312596875,9.0,0,0.0,0.0
MDA,2026-08-21,33.939998626708984,C,40.0,0.2500075,26.0,0,0.0,0.0
MDA,2026-08-21,33.939998626708984,C,45.0,0.2500075,2.0,0,0.0,0.0
MDA,2026-08-21,33.939998626708984,C,50.0,0.500005,3.0,0,0.0,0.0
MDA,2026-08-21,33.939998626708984,C,55.0,0.500005,10.0,0,0.0,0.0
MDA,2026-08-21,33.939998626708984,P,20.0,0.500005,,0,0.0,0.0
MDA,2026-08-21,33.939998626708984,P,25.0,0.2500075,1.0,0,0.0,0.0
MDA,2026-08-21,33.939998626708984,P,30.0,0.12500875,13.0,0,0.0,0.0
MDA,2026-08-21,33.939998626708984,P,35.0,1.0000000000000003e-05,9.0,0,0.0,0.0
MDA,2026-08-21,33.939998626708984,P,40.0,1.0000000000000003e-05,1.0,0,0.0,0.0
MDA,2026-08-21,33.939998626708984,P,45.0,1.0000000000000003e-05,1.0,0,0.0,0.0
MDA,2026-08-21,33.939998626708984,P,50.0,1.0000000000000003e-05,,0,0.0,0.0
SERV,2026-08-07,5.659999847412109,C,1.0,1.0000000000000003e-05,4.0,0,0.0,0.0
SERV,2026-08-07,5.659999847412109,C,2.0,1.0000000000000003e-05,3.0,0,0.0,0.0
SERV,2026-08-07,5.659999847412109,C,2.5,1.0000000000000003e-05,1.0,0,0.0,0.0
SERV,2026-08-07,5.659999847412109,C,3.0,1.0000000000000003e-05,3.0,0,0.0,0.0
SERV,2026-08-07,5.659999847412109,C,3.5,1.0000000000000003e-05,3.0,0,0.0,0.0
SERV,2026-08-07,5.659999847412109,C,4.0,1.0000000000000003e-05,15.0,0,0.0,0.0
SERV,2026-08-07,5.659999847412109,C,4.5,1.0000000000000003e-05,3.0,0,0.0,0.0
SERV,2026-08-07,5.659999847412109,C,5.0,1.0000000000000003e-05,27.0,0,0.0,0.0
SERV,2026-08-07,5.659999847412109,C,5.5,1.0000000000000003e-05,102.0,0,0.0,0.0
SERV,2026-08-07,5.659999847412109,C,6.0,0.2500075,830.0,0,0.0,0.0
SERV,2026-08-07,5.659999847412109,C,6.5,0.500005,245.0,0,0.0,0.0
SERV,2026-08-07,5.659999847412109,C,7.0,0.500005,416.0,0,0.0,0.0
SERV,2026-08-07,5.659999847412109,C,7.5,0.500005,54.0,0,0.0,0.0
SERV,2026-08-07,5.659999847412109,C,8.0,0.500005,106.0,0,0.0,0.0
SERV,2026-08-07,5.659999847412109,C,8.5,0.500005,1.0,0,0.0,0.0
SERV,2026-08-07,5.659999847412109,C,9.0,0.500005,43.0,0,0.0,0.0
SERV,2026-08-07,5.659999847412109,C,9.5,0.500005,1.0,0,0.0,0.0
SERV,2026-08-07,5.659999847412109,C,10.0,0.500005,2.0,0,0.0,0.0
SERV,2026-08-07,5.659999847412109,C,10.5,0.500005,1.0,0,0.0,0.0
SERV,2026-08-07,5.659999847412109,C,11.0,0.500005,1.0,0,0.0,0.0
SERV,2026-08-07,5.659999847412109,C,11.5,0.500005,1.0,0,0.0,0.0
SERV,2026-08-07,5.659999847412109,C,12.0,0.500005,25.0,0,0.0,0.0
SERV,2026-08-07,5.659999847412109,P,1.0,0.500005,,0,0.0,0.0
SERV,2026-08-07,5.659999847412109,P,2.0,0.500005,10.0,0,0.0,0.0
SERV,2026-08-07,5.659999847412109,P,3.0,0.500005,1.0,0,0.0,0.0
SERV,2026-08-07,5.659999847412109,P,3.5,0.500005,2.0,0,0.0,0.0
SERV,2026-08-07,5.659999847412109,P,4.0,0.500005,8.0,0,0.0,0.0
SERV,2026-08-07,5.659999847412109,P,4.5,0.500005,96.0,0,0.0,0.0
SERV,2026-08-07,5.659999847412109,P,5.0,0.500005,1234.0,0,0.0,0.0
SERV,2026-08-07,5.659999847412109,P,5.5,0.12500875,17.0,0,0.0,0.0
SERV,2026-08-07,5.659999847412109,P,6.0,1.0000000000000003e-05,27.0,0,0.0,0.0
SERV,2026-08-07,5.659999847412109,P,6.5,1.0000000000000003e-05,10.0,0,0.0,0.0
SERV,2026-08-07,5.659999847412109,P,7.0,1.0000000000000003e-05,20.0,0,0.0,0.0
SERV,2026-08-07,5.659999847412109,P,7.5,1.0000000000000003e-05,5.0,0,0.0,0.0
SERV,2026-08-07,5.659999847412109,P,8.0,1.0000000000000003e-05,4.0,0,0.0,0.0
SERV,2026-08-07,5.659999847412109,P,8.5,1.0000000000000003e-05,64.0,0,0.0,0.0
SERV,2026-08-07,5.659999847412109,P,9.0,1.0000000000000003e-05,31.0,0,0.0,0.0
SERV,2026-08-07,5.659999847412109,P,9.5,1.0000000000000003e-05,10.0,0,0.0,0.0
SERV,2026-08-07,5.659999847412109,P,10.0,1.0000000000000003e-05,2.0,0,0.0,0.0
SERV,2026-08-07,5.659999847412109,P,10.5,1.0000000000000003e-05,1.0,0,0.0,0.0
SERV,2026-08-07,5.659999847412109,P,11.0,1.0000000000000003e-05,14.0,0,0.0,0.0
SERV,2026-08-07,5.659999847412109,P,11.5,1.0000000000000003e-05,1.0,0,0.0,0.0
SERV,2026-08-07,5.659999847412109,P,12.0,1.0000000000000003e-05,1.0,0,0.0,0.0
SPB,2026-08-21,90.47000122070312,C,70.0,1.0000000000000003e-05,2.0,0,0.0,0.0
SPB,2026-08-21,90.47000122070312,C,75.0,1.0000000000000003e-05,2.0,0,0.0,0.0
SPB,2026-08-21,90.47000122070312,C,80.0,1.0000000000000003e-05,1.0,0,0.0,0.0
SPB,2026-08-21,90.47000122070312,C,85.0,1.0000000000000003e-05,2.0,0,0.0,0.0
SPB,2026-08-21,90.47000122070312,C,90.0,1.0000000000000003e-05,1.0,0,0.0,0.0
SPB,2026-08-21,90.47000122070312,C,95.0,0.062509375,1.0,0,0.0,0.0
SPB,2026-08-21,90.47000122070312,C,100.0,0.12500875,,0,0.0,0.0
SPB,2026-08-21,90.47000122070312,C,110.0,0.2500075,1.0,0,0.0,0.0
SPB,2026-08-21,90.47000122070312,P,75.0,0.2500075,1.0,0,0.0,0.0
SPB,2026-08-21,90.47000122070312,P,85.0,0.062509375,1.0,0,0.0,0.0
WRBY,2026-08-07,29.270000457763672,C,25.0,1.0000000000000003e-05,4.0,0,0.0,0.0
WRBY,2026-08-07,29.270000457763672,C,25.5,1.0000000000000003e-05,1.0,0,0.0,0.0
WRBY,2026-08-07,29.270000457763672,C,26.0,1.0000000000000003e-05,2.0,0,0.0,0.0
WRBY,2026-08-07,29.270000457763672,C,26.5,1.0000000000000003e-05,22.0,0,0.0,0.0
WRBY,2026-08-07,29.270000457763672,C,27.0,1.0000000000000003e-05,1008.0,0,0.0,0.0
WRBY,2026-08-07,29.270000457763672,C,27.5,1.0000000000000003e-05,4.0,0,0.0,0.0
WRBY,2026-08-07,29.270000457763672,C,28.0,1.0000000000000003e-05,11.0,0,0.0,0.0
WRBY,2026-08-07,29.270000457763672,C,28.5,1.0000000000000003e-05,17.0,0,0.0,0.0
WRBY,2026-08-07,29.270000457763672,C,29.0,1.0000000000000003e-05,232.0,0,0.0,0.0
WRBY,2026-08-07,29.270000457763672,C,30.0,0.12500875,15.0,0,0.0,0.0
WRBY,2026-08-07,29.270000457763672,C,31.0,0.2500075,66.0,0,0.0,0.0
WRBY,2026-08-07,29.270000457763672,C,32.0,0.2500075,1483.0,0,0.0,0.0
WRBY,2026-08-07,29.270000457763672,C,33.0,0.500005,203.0,0,0.0,0.0
WRBY,2026-08-07,29.270000457763672,C,34.0,0.500005,1.0,0,0.0,0.0
WRBY,2026-08-07,29.270000457763672,C,35.0,0.500005,30.0,0,0.0,0.0
WRBY,2026-08-07,29.270000457763672,C,36.0,0.500005,647.0,0,0.0,0.0
WRBY,2026-08-07,29.270000457763672,C,37.0,0.500005,26.0,0,0.0,0.0
WRBY,2026-08-07,29.270000457763672,C,38.0,0.500005,21.0,0,0.0,0.0
WRBY,2026-08-07,29.270000457763672,C,39.0,0.500005,2.0,0,0.0,0.0
WRBY,2026-08-07,29.270000457763672,P,15.0,0.500005,32.0,0,0.0,0.0
WRBY,2026-08-07,29.270000457763672,P,16.0,0.500005,,0,0.0,0.0
WRBY,2026-08-07,29.270000457763672,P,17.0,0.500005,34.0,0,0.0,0.0
WRBY,2026-08-07,29.270000457763672,P,18.0,0.500005,20.0,0,0.0,0.0
WRBY,2026-08-07,29.270000457763672,P,19.0,0.500005,2.0,0,0.0,0.0
WRBY,2026-08-07,29.270000457763672,P,20.0,0.500005,1.0,0,0.0,0.0
WRBY,2026-08-07,29.270000457763672,P,21.0,0.500005,1.0,0,0.0,0.0
WRBY,2026-08-07,29.270000457763672,P,22.0,0.500005,6.0,0,0.0,0.0
WRBY,2026-08-07,29.270000457763672,P,23.0,0.500005,3.0,0,0.0,0.0
WRBY,2026-08-07,29.270000457763672,P,23.5,0.500005,1.0,0,0.0,0.0
WRBY,2026-08-07,29.270000457763672,P,24.0,0.500005,15.0,0,0.0,0.0
WRBY,2026-08-07,29.270000457763672,P,24.5,0.500005,8.0,0,0.0,0.0
WRBY,2026-08-07,29.270000457763672,P,25.0,0.500005,42.0,0,0.0,0.0
WRBY,2026-08-07,29.270000457763672,P,26.0,0.500005,574.0,0,0.0,0.0
WRBY,2026-08-07,29.270000457763672,P,27.0,0.2500075,2006.0,0,0.0,0.0
WRBY,2026-08-07,29.270000457763672,P,28.0,0.12500875,1118.0,0,0.0,0.0
WRBY,2026-08-07,29.270000457763672,P,29.0,0.0312596875,14.0,0,0.0,0.0
WRBY,2026-08-07,29.270000457763672,P,31.0,1.0000000000000003e-05,,0,0.0,0.0
WRBY,2026-08-07,29.270000457763672,P,32.0,1.0000000000000003e-05,3.0,0,0.0,0.0
WRBY,2026-08-07,29.270000457763672,P,35.0,1.0000000000000003e-05,1.0,0,0.0,0.0
WRBY,2026-08-07,29.270000457763672,P,36.0,1.0000000000000003e-05,1.0,0,0.0,0.0
WRBY,2026-08-07,29.270000457763672,P,37.0,1.0000000000000003e-05,1.0,0,0.0,0.0
TXRH,2026-08-07,208.5,C,177.5,1.0000000000000003e-05,2.0,0,0.0,0.0
TXRH,2026-08-07,208.5,C,180.0,1.0000000000000003e-05,2.0,0,0.0,0.0
TXRH,2026-08-07,208.5,C,185.0,1.0000000000000003e-05,,0,0.0,0.0
TXRH,2026-08-07,208.5,C,190.0,1.0000000000000003e-05,2.0,0,0.0,0.0
TXRH,2026-08-07,208.5,C,192.5,1.0000000000000003e-05,2.0,0,0.0,0.0
TXRH,2026-08-07,208.5,C,195.0,1.0000000000000003e-05,2.0,0,0.0,0.0
TXRH,2026-08-07,208.5,C,197.5,1.0000000000000003e-05,,0,0.0,0.0
TXRH,2026-08-07,208.5,C,200.0,1.0000000000000003e-05,1.0,0,0.0,0.0
TXRH,2026-08-07,208.5,C,202.5,1.0000000000000003e-05,,0,0.0,0.0
TXRH,2026-08-07,208.5,C,205.0,1.0000000000000003e-05,2.0,0,0.0,0.0
TXRH,2026-08-07,208.5,C,207.5,1.0000000000000003e-05,,0,0.0,0.0
TXRH,2026-08-07,208.5,C,210.0,0.0312596875,3.0,0,0.0,0.0
TXRH,2026-08-07,208.5,C,212.5,0.062509375,19.0,0,0.0,0.0
TXRH,2026-08-07,208.5,C,215.0,0.12500875,2.0,0,0.0,0.0
TXRH,2026-08-07,208.5,C,217.5,0.12500875,16.0,0,0.0,0.0
TXRH,2026-08-07,208.5,C,220.0,0.12500875,1.0,0,0.0,0.0
TXRH,2026-08-07,208.5,C,230.0,0.2500075,3.0,0,0.0,0.0
TXRH,2026-08-07,208.5,P,105.0,0.500005,,0,0.0,0.0
TXRH,2026-08-07,208.5,P,120.0,0.500005,,0,0.0,0.0
TXRH,2026-08-07,208.5,P,160.0,0.500005,1.0,0,0.0,0.0
TXRH,2026-08-07,208.5,P,175.0,0.500005,27.0,0,0.0,0.0
TXRH,2026-08-07,208.5,P,180.0,0.500005,1.0,0,0.0,0.0
TXRH,2026-08-07,208.5,P,185.0,0.2500075,1.0,0,0.0,0.0
TXRH,2026-08-07,208.5,P,195.0,0.2500075,1.0,0,0.0,0.0
TXRH,2026-08-07,208.5,P,200.0,0.12500875,1.0,0,0.0,0.0
TXRH,2026-08-07,208.5,P,202.5,0.12500875,10.0,0,0.0,0.0
JHX,2026-08-21,28.360000610351562,C,20.0,1.0000000000000003e-05,1.0,0,0.0,0.0
JHX,2026-08-21,28.360000610351562,C,22.5,1.0000000000000003e-05,,0,0.0,0.0
JHX,2026-08-21,28.360000610351562,C,25.0,1.0000000000000003e-05,2.0,0,0.0,0.0
JHX,2026-08-21,28.360000610351562,C,27.5,1.0000000000000003e-05,2.0,0,0.0,0.0
JHX,2026-08-21,28.360000610351562,C,30.0,0.062509375,1.0,0,0.0,0.0
JHX,2026-08-21,28.360000610351562,C,35.0,0.2500075,,0,0.0,0.0
JHX,2026-08-21,28.360000610351562,P,17.5,0.500005,,0,0.0,0.0
JHX,2026-08-21,28.360000610351562,P,20.0,1.404299853515625,,57,0.0,0.8
JHX,2026-08-21,28.360000610351562,P,22.5,0.2500075,1.0,0,0.0,0.0
JHX,2026-08-21,28.360000610351562,P,25.0,0.12500875,2.0,0,0.0,0.0
TNDM,2026-08-21,19.59000015258789,C,3.0,1.0000000000000003e-05,2.0,0,0.0,0.0
TNDM,2026-08-21,19.59000015258789,C,4.0,1.0000000000000003e-05,2.0,0,0.0,0.0
TNDM,2026-08-21,19.59000015258789,C,5.0,1.0000000000000003e-05,6.0,0,0.0,0.0
TNDM,2026-08-21,19.59000015258789,C,6.0,1.0000000000000003e-05,2.0,0,0.0,0.0
TNDM,2026-08-21,19.59000015258789,C,8.0,1.0000000000000003e-05,,0,0.0,0.0
TNDM,2026-08-21,19.59000015258789,C,9.0,1.0000000000000003e-05,2.0,0,0.0,0.0
TNDM,2026-08-21,19.59000015258789,C,11.0,1.0000000000000003e-05,14.0,0,0.0,0.0
TNDM,2026-08-21,19.59000015258789,C,13.0,1.0000000000000003e-05,4.0,0,0.0,0.0
TNDM,2026-08-21,19.59000015258789,C,14.0,1.0000000000000003e-05,1.0,0,0.0,0.0
TNDM,2026-08-21,19.59000015258789,C,15.0,1.0000000000000003e-05,7.0,0,0.0,0.0
TNDM,2026-08-21,19.59000015258789,C,16.0,1.0000000000000003e-05,12.0,0,0.0,0.0
TNDM,2026-08-21,19.59000015258789,C,17.0,1.0000000000000003e-05,1.0,0,0.0,0.0
TNDM,2026-08-21,19.59000015258789,C,18.0,1.0000000000000003e-05,4.0,0,0.0,0.0
TNDM,2026-08-21,19.59000015258789,C,19.0,1.0000000000000003e-05,5.0,0,0.0,0.0
TNDM,2026-08-21,19.59000015258789,C,20.0,0.0312596875,290.0,0,0.0,0.0
TNDM,2026-08-21,19.59000015258789,C,21.0,0.12500875,8.0,0,0.0,0.0
TNDM,2026-08-21,19.59000015258789,C,22.0,0.12500875,2.0,0,0.0,0.0
TNDM,2026-08-21,19.59000015258789,C,23.0,0.2500075,100.0,0,0.0,0.0
TNDM,2026-08-21,19.59000015258789,C,24.0,0.2500075,3.0,0,0.0,0.0
TNDM,2026-08-21,19.59000015258789,C,25.0,0.2500075,2001.0,0,0.0,0.0
TNDM,2026-08-21,19.59000015258789,C,26.0,0.2500075,6.0,0,0.0,0.0
TNDM,2026-08-21,19.59000015258789,C,27.0,0.500005,3.0,0,0.0,0.0
TNDM,2026-08-21,19.59000015258789,C,28.0,0.500005,3.0,0,0.0,0.0
TNDM,2026-08-21,19.59000015258789,C,29.0,1.724610751953125,10.0,102,0.0,1.2
TNDM,2026-08-21,19.59000015258789,C,30.0,0.500005,1.0,0,0.0,0.0
TNDM,2026-08-21,19.59000015258789,C,31.0,1.75000125,,2,0.0,0.9
TNDM,2026-08-21,19.59000015258789,C,32.0,0.500005,1.0,0,0.0,0.0
TNDM,2026-08-21,19.59000015258789,C,33.0,0.500005,1.0,0,0.0,0.0
TNDM,2026-08-21,19.59000015258789,C,34.0,0.500005,5.0,0,0.0,0.0
TNDM,2026-08-21,19.59000015258789,C,35.0,0.500005,1.0,0,0.0,0.0
TNDM,2026-08-21,19.59000015258789,C,36.0,0.500005,1.0,0,0.0,0.0
TNDM,2026-08-21,19.59000015258789,C,37.0,0.500005,3.0,0,0.0,0.0
TNDM,2026-08-21,19.59000015258789,C,38.0,0.500005,,0,0.0,0.0
TNDM,2026-08-21,19.59000015258789,C,39.0,0.500005,,0,0.0,0.0
TNDM,2026-08-21,19.59000015258789,C,40.0,0.500005,1.0,0,0.0,0.0
TNDM,2026-08-21,19.59000015258789,C,41.0,2.3847696630859367,1.0,2,0.0,0.85
TNDM,2026-08-21,19.59000015258789,C,42.0,0.500005,1.0,0,0.0,0.0
TNDM,2026-08-21,19.59000015258789,P,5.0,0.500005,,0,0.0,0.0
TNDM,2026-08-21,19.59000015258789,P,8.0,0.500005,,0,0.0,0.0
TNDM,2026-08-21,19.59000015258789,P,10.0,0.500005,15.0,0,0.0,0.0
TNDM,2026-08-21,19.59000015258789,P,11.0,0.500005,2.0,0,0.0,0.0
TNDM,2026-08-21,19.59000015258789,P,12.0,0.500005,1.0,0,0.0,0.0
TNDM,2026-08-21,19.59000015258789,P,13.0,0.500005,2.0,0,0.0,0.0
TNDM,2026-08-21,19.59000015258789,P,14.0,0.500005,2.0,0,0.0,0.0
TNDM,2026-08-21,19.59000015258789,P,15.0,0.2500075,1.0,0,0.0,0.0
TNDM,2026-08-21,19.59000015258789,P,16.0,0.2500075,2000.0,0,0.0,0.0
TNDM,2026-08-21,19.59000015258789,P,17.0,0.2500075,2.0,0,0.0,0.0
TNDM,2026-08-21,19.59000015258789,P,18.0,0.12500875,5.0,0,0.0,0.0
TNDM,2026-08-21,19.59000015258789,P,19.0,0.062509375,6.0,0,0.0,0.0
TNDM,2026-08-21,19.59000015258789,P,20.0,1.0000000000000003e-05,21.0,0,0.0,0.0
TNDM,2026-08-21,19.59000015258789,P,21.0,1.0000000000000003e-05,3.0,0,0.0,0.0
TNDM,2026-08-21,19.59000015258789,P,22.0,1.0000000000000003e-05,1.0,0,0.0,0.0
TNDM,2026-08-21,19.59000015258789,P,23.0,1.0000000000000003e-05,1.0,0,0.0,0.0
TNDM,2026-08-21,19.59000015258789,P,24.0,1.0000000000000003e-05,1.0,0,0.0,0.0
TNDM,2026-08-21,19.59000015258789,P,25.0,1.0000000000000003e-05,10.0,0,0.0,0.0
TNDM,2026-08-21,19.59000015258789,P,26.0,1.0000000000000003e-05,2.0,0,0.0,0.0
TNDM,2026-08-21,19.59000015258789,P,28.0,1.0000000000000003e-05,2.0,0,0.0,0.0
TNDM,2026-08-21,19.59000015258789,P,29.0,1.0000000000000003e-05,2.0,0,0.0,0.0
TNDM,2026-08-21,19.59000015258789,P,30.0,1.0000000000000003e-05,2.0,0,0.0,0.0
TNDM,2026-08-21,19.59000015258789,P,31.0,1.0000000000000003e-05,2.0,0,0.0,0.0
TNDM,2026-08-21,19.59000015258789,P,32.0,1.0000000000000003e-05,4.0,0,0.0,0.0
TNDM,2026-08-21,19.59000015258789,P,33.0,1.0000000000000003e-05,2.0,0,0.0,0.0
TNDM,2026-08-21,19.59000015258789,P,34.0,1.0000000000000003e-05,2.0,0,0.0,0.0
TNDM,2026-08-21,19.59000015258789,P,35.0,1.0000000000000003e-05,4.0,0,0.0,0.0
EQX,2026-08-21,10.319999694824219,C,5.0,1.0000000000000003e-05,1.0,0,0.0,0.0
EQX,2026-08-21,10.319999694824219,C,7.5,1.0000000000000003e-05,98.0,0,0.0,0.0
EQX,2026-08-21,10.319999694824219,C,10.0,1.0000000000000003e-05,4305.0,0,0.0,0.0
EQX,2026-08-21,10.319999694824219,C,12.5,0.2500075,308.0,0,0.0,0.0
EQX,2026-08-21,10.319999694824219,C,15.0,0.500005,2.0,0,0.0,0.0
EQX,2026-08-21,10.319999694824219,C,17.5,0.500005,2.0,0,0.0,0.0
EQX,2026-08-21,10.319999694824219,P,2.5,0.500005,,0,0.0,0.0
EQX,2026-08-21,10.319999694824219,P,7.5,0.500005,14.0,0,0.0,0.0
EQX,2026-08-21,10.319999694824219,P,10.0,0.062509375,12184.0,0,0.0,0.0
EQX,2026-08-21,10.319999694824219,P,12.5,1.0000000000000003e-05,40.0,0,0.0,0.0
EQX,2026-08-21,10.319999694824219,P,15.0,1.0000000000000003e-05,1.0,0,0.0,0.0
EQX,2026-08-21,10.319999694824219,P,20.0,1.0000000000000003e-05,1.0,0,0.0,0.0
EQX,2026-08-21,10.319999694824219,P,22.5,1.0000000000000003e-05,1.0,0,0.0,0.0
TXG,2026-08-21,47.459999084472656,C,2.5,1.0000000000000003e-05,3.0,0,0.0,0.0
TXG,2026-08-21,47.459999084472656,C,10.0,1.0000000000000003e-05,3.0,0,0.0,0.0
TXG,2026-08-21,47.459999084472656,C,12.5,1.0000000000000003e-05,3.0,0,0.0,0.0
TXG,2026-08-21,47.459999084472656,C,15.0,3.4628919677734373,2.0,18,28.8,32.9
TXG,2026-08-21,47.459999084472656,C,17.5,1.0000000000000003e-05,3.0,0,0.0,0.0
TXG,2026-08-21,47.459999084472656,C,20.0,1.0000000000000003e-05,1.0,0,0.0,0.0
TXG,2026-08-21,47.459999084472656,C,22.5,1.0000000000000003e-05,5.0,0,0.0,0.0
TXG,2026-08-21,47.459999084472656,C,25.0,1.0000000000000003e-05,11.0,0,0.0,0.0
TXG,2026-08-21,47.459999084472656,C,30.0,1.0000000000000003e-05,3.0,0,0.0,0.0
TXG,2026-08-21,47.459999084472656,C,35.0,1.0000000000000003e-05,1.0,0,0.0,0.0
TXG,2026-08-21,47.459999084472656,C,40.0,1.0000000000000003e-05,3.0,0,0.0,0.0
TXG,2026-08-21,47.459999084472656,C,45.0,1.0000000000000003e-05,3.0,0,0.0,0.0
TXG,2026-08-21,47.459999084472656,C,50.0,0.062509375,18.0,0,0.0,0.0
TXG,2026-08-21,47.459999084472656,C,55.0,0.12500875,40.0,0,0.0,0.0
TXG,2026-08-21,47.459999084472656,C,60.0,0.2500075,2.0,0,0.0,0.0
TXG,2026-08-21,47.459999084472656,C,65.0,0.2500075,2.0,0,0.0,0.0
TXG,2026-08-21,47.459999084472656,P,2.5,0.500005,,0,0.0,0.0
TXG,2026-08-21,47.459999084472656,P,5.0,0.500005,1.0,0,0.0,0.0
TXG,2026-08-21,47.459999084472656,P,7.5,0.500005,,0,0.0,0.0
TXG,2026-08-21,47.459999084472656,P,10.0,0.500005,1.0,0,0.0,0.0
TXG,2026-08-21,47.459999084472656,P,12.5,0.500005,1.0,0,0.0,0.0
TXG,2026-08-21,47.459999084472656,P,15.0,0.500005,1.0,0,0.0,0.0
TXG,2026-08-21,47.459999084472656,P,17.5,0.500005,3.0,0,0.0,0.0
TXG,2026-08-21,47.459999084472656,P,20.0,0.500005,2.0,0,0.0,0.0
TXG,2026-08-21,47.459999084472656,P,22.5,0.500005,2.0,0,0.0,0.0
TXG,2026-08-21,47.459999084472656,P,25.0,0.500005,1.0,0,0.0,0.0
TXG,2026-08-21,47.459999084472656,P,30.0,0.500005,1.0,0,0.0,0.0
TXG,2026-08-21,47.459999084472656,P,35.0,0.2500075,22.0,0,0.0,0.0
TXG,2026-08-21,47.459999084472656,P,40.0,0.2500075,16.0,0,0.0,0.0
TXG,2026-08-21,47.459999084472656,P,45.0,0.062509375,2.0,0,0.0,0.0
TXG,2026-08-21,47.459999084472656,P,50.0,1.0000000000000003e-05,71.0,0,0.0,0.0
NUVB,2026-08-21,6.369999885559082,C,2.5,1.0000000000000003e-05,8.0,0,0.0,0.0
NUVB,2026-08-21,6.369999885559082,C,5.0,1.0000000000000003e-05,25.0,0,0.0,0.0
NUVB,2026-08-21,6.369999885559082,C,7.5,0.2500075,134.0,0,0.0,0.0
NUVB,2026-08-21,6.369999885559082,C,10.0,0.500005,2.0,0,0.0,0.0
NUVB,2026-08-21,6.369999885559082,P,2.5,0.500005,,0,0.0,0.0
NUVB,2026-08-21,6.369999885559082,P,5.0,0.2500075,5.0,0,0.0,0.0
NUVB,2026-08-21,6.369999885559082,P,7.5,1.0000000000000003e-05,1.0,0,0.0,0.0
NUVB,2026-08-21,6.369999885559082,P,10.0,1.0000000000000003e-05,,0,0.0,0.0
HAE,2026-08-21,83.5999984741211,C,70.0,1.0000000000000003e-05,1.0,0,0.0,0.0
HAE,2026-08-21,83.5999984741211,C,75.0,1.0000000000000003e-05,1.0,0,0.0,0.0
HAE,2026-08-21,83.5999984741211,C,80.0,1.0000000000000003e-05,2.0,0,0.0,0.0
HAE,2026-08-21,83.5999984741211,C,85.0,0.0312596875,1.0,0,0.0,0.0
HAE,2026-08-21,83.5999984741211,C,90.0,0.062509375,6.0,0,0.0,0.0
HAE,2026-08-21,83.5999984741211,P,55.0,0.500005,1.0,0,0.0,0.0
HAE,2026-08-21,83.5999984741211,P,60.0,0.2500075,1.0,0,0.0,0.0
HAE,2026-08-21,83.5999984741211,P,65.0,0.2500075,1.0,0,0.0,0.0
HAE,2026-08-21,83.5999984741211,P,70.0,0.2500075,1.0,0,0.0,0.0
HAE,2026-08-21,83.5999984741211,P,75.0,0.12500875,,0,0.0,0.0
HAE,2026-08-21,83.5999984741211,P,80.0,0.062509375,601.0,0,0.0,0.0
DTIL,2026-08-21,7.46999979019165,C,2.5,1.0000000000000003e-05,15,0,0.0,0.0
DTIL,2026-08-21,7.46999979019165,C,5.0,1.0000000000000003e-05,5,0,0.0,0.0
DTIL,2026-08-21,7.46999979019165,C,7.5,0.007822421875,10,0,0.0,0.0
DTIL,2026-08-21,7.46999979019165,C,10.0,0.500005,10,0,0.0,0.0
DTIL,2026-08-21,7.46999979019165,C,12.5,0.500005,4,0,0.0,0.0
DTIL,2026-08-21,7.46999979019165,P,2.5,0.500005,8,0,0.0,0.0
DTIL,2026-08-21,7.46999979019165,P,5.0,0.500005,1,0,0.0,0.0
DTIL,2026-08-21,7.46999979019165,P,7.5,1.0000000000000003e-05,1,0,0.0,0.0
DTIL,2026-08-21,7.46999979019165,P,10.0,1.0000000000000003e-05,10,0,0.0,0.0
DTIL,2026-08-21,7.46999979019165,P,12.5,1.0000000000000003e-05,10,0,0.0,0.0
DKNG,2026-08-07,21.760000228881836,C,13.0,1.0000000000000003e-05,14.0,0,0.0,0.0
DKNG,2026-08-07,21.760000228881836,C,14.0,1.0000000000000003e-05,16.0,0,0.0,0.0
DKNG,2026-08-07,21.760000228881836,C,15.0,1.0000000000000003e-05,12.0,0,0.0,0.0
DKNG,2026-08-07,21.760000228881836,C,16.0,1.0000000000000003e-05,14.0,0,0.0,0.0
DKNG,2026-08-07,21.760000228881836,C,18.0,1.0000000000000003e-05,28.0,0,0.0,0.0
DKNG,2026-08-07,21.760000228881836,C,19.0,1.0000000000000003e-05,8.0,0,0.0,0.0
DKNG,2026-08-07,21.760000228881836,C,19.5,1.0000000000000003e-05,5.0,0,0.0,0.0
DKNG,2026-08-07,21.760000228881836,C,20.0,1.0000000000000003e-05,406.0,0,0.0,0.0
DKNG,2026-08-07,21.760000228881836,C,20.5,1.0000000000000003e-05,50.0,0,0.0,0.0
DKNG,2026-08-07,21.760000228881836,C,21.0,1.0000000000000003e-05,70.0,0,0.0,0.0
DKNG,2026-08-07,21.760000228881836,C,21.5,1.0000000000000003e-05,129.0,0,0.0,0.0
DKNG,2026-08-07,21.760000228881836,C,22.0,0.062509375,1985.0,0,0.0,0.0
DKNG,2026-08-07,21.760000228881836,C,22.5,0.12500875,534.0,0,0.0,0.0
DKNG,2026-08-07,21.760000228881836,C,23.0,0.2500075,1235.0,0,0.0,0.0
DKNG,2026-08-07,21.760000228881836,C,23.5,0.2500075,1749.0,0,0.0,0.0
DKNG,2026-08-07,21.760000228881836,C,24.0,0.2500075,6904.0,0,0.0,0.0
DKNG,2026-08-07,21.760000228881836,C,24.5,0.500005,514.0,0,0.0,0.0
DKNG,2026-08-07,21.760000228881836,C,25.0,0.500005,1537.0,0,0.0,0.0
DKNG,2026-08-07,21.760000228881836,C,25.5,0.500005,460.0,0,0.0,0.0
DKNG,2026-08-07,21.760000228881836,C,26.0,0.500005,575.0,0,0.0,0.0
DKNG,2026-08-07,21.760000228881836,C,26.5,0.500005,1290.0,0,0.0,0.0
DKNG,2026-08-07,21.760000228881836,C,27.0,0.500005,5492.0,0,0.0,0.0
DKNG,2026-08-07,21.760000228881836,C,27.5,0.500005,61.0,0,0.0,0.0
DKNG,2026-08-07,21.760000228881836,C,28.0,0.500005,13.0,0,0.0,0.0
DKNG,2026-08-07,21.760000228881836,C,28.5,0.500005,1.0,0,0.0,0.0
DKNG,2026-08-07,21.760000228881836,C,29.0,0.500005,13.0,0,0.0,0.0
DKNG,2026-08-07,21.760000228881836,C,29.5,0.500005,15.0,0,0.0,0.0
DKNG,2026-08-07,21.760000228881836,C,30.0,0.500005,80.0,0,0.0,0.0
DKNG,2026-08-07,21.760000228881836,C,30.5,0.500005,230.0,0,0.0,0.0
DKNG,2026-08-07,21.760000228881836,C,31.0,0.500005,21.0,0,0.0,0.0
DKNG,2026-08-07,21.760000228881836,C,32.0,0.500005,1.0,0,0.0,0.0
DKNG,2026-08-07,21.760000228881836,C,33.0,0.500005,108.0,0,0.0,0.0
DKNG,2026-08-07,21.760000228881836,C,34.0,0.500005,11.0,0,0.0,0.0
DKNG,2026-08-07,21.760000228881836,C,35.0,0.500005,18.0,0,0.0,0.0
DKNG,2026-08-07,21.760000228881836,C,36.0,0.500005,1.0,0,0.0,0.0
DKNG,2026-08-07,21.760000228881836,P,14.0,0.500005,,0,0.0,0.0
DKNG,2026-08-07,21.760000228881836,P,15.0,0.500005,3.0,0,0.0,0.0
DKNG,2026-08-07,21.760000228881836,P,18.0,0.500005,169.0,0,0.0,0.0
DKNG,2026-08-07,21.760000228881836,P,19.0,0.500005,546.0,0,0.0,0.0
DKNG,2026-08-07,21.760000228881836,P,19.5,0.500005,400.0,0,0.0,0.0
DKNG,2026-08-07,21.760000228881836,P,20.0,0.2500075,927.0,0,0.0,0.0
DKNG,2026-08-07,21.760000228881836,P,20.5,0.2500075,433.0,0,0.0,0.0
DKNG,2026-08-07,21.760000228881836,P,21.0,0.12500875,2638.0,0,0.0,0.0
DKNG,2026-08-07,21.760000228881836,P,21.5,0.062509375,670.0,0,0.0,0.0
DKNG,2026-08-07,21.760000228881836,P,22.0,1.0000000000000003e-05,4719.0,0,0.0,0.0
DKNG,2026-08-07,21.760000228881836,P,22.5,1.0000000000000003e-05,491.0,0,0.0,0.0
DKNG,2026-08-07,21.760000228881836,P,23.0,1.0000000000000003e-05,191.0,0,0.0,0.0
DKNG,2026-08-07,21.760000228881836,P,23.5,1.0000000000000003e-05,62.0,0,0.0,0.0
DKNG,2026-08-07,21.760000228881836,P,24.0,1.0000000000000003e-05,308.0,0,0.0,0.0
DKNG,2026-08-07,21.760000228881836,P,24.5,1.0000000000000003e-05,65.0,0,0.0,0.0
DKNG,2026-08-07,21.760000228881836,P,25.0,1.0000000000000003e-05,9.0,0,0.0,0.0
DKNG,2026-08-07,21.760000228881836,P,25.5,1.0000000000000003e-05,5.0,0,0.0,0.0
DKNG,2026-08-07,21.760000228881836,P,26.0,1.0000000000000003e-05,3.0,0,0.0,0.0
DKNG,2026-08-07,21.760000228881836,P,26.5,1.0000000000000003e-05,1.0,0,0.0,0.0
DKNG,2026-08-07,21.760000228881836,P,27.0,1.0000000000000003e-05,2.0,0,0.0,0.0
DKNG,2026-08-07,21.760000228881836,P,27.5,1.0000000000000003e-05,1.0,0,0.0,0.0
DKNG,2026-08-07,21.760000228881836,P,28.0,1.0000000000000003e-05,1.0,0,0.0,0.0
DKNG,2026-08-07,21.760000228881836,P,28.5,1.0000000000000003e-05,1.0,0,0.0,0.0
DKNG,2026-08-07,21.760000228881836,P,29.0,1.0000000000000003e-05,5.0,0,0.0,0.0
DKNG,2026-08-07,21.760000228881836,P,30.0,1.0000000000000003e-05,5.0,0,0.0,0.0
DKNG,2026-08-07,21.760000228881836,P,31.0,1.0000000000000003e-05,2.0,0,0.0,0.0
DKNG,2026-08-07,21.760000228881836,P,32.0,1.0000000000000003e-05,1.0,0,0.0,0.0
DKNG,2026-08-07,21.760000228881836,P,35.0,1.0000000000000003e-05,3.0,0,0.0,0.0
DKNG,2026-08-07,21.760000228881836,P,36.0,1.0000000000000003e-05,1.0,0,0.0,0.0
GRPN,2026-08-21,27.290000915527344,C,1.0,1.0000000000000003e-05,4.0,0,0.0,0.0
GRPN,2026-08-21,27.290000915527344,C,2.0,1.0000000000000003e-05,2.0,0,0.0,0.0
GRPN,2026-08-21,27.290000915527344,C,3.0,1.0000000000000003e-05,2.0,0,0.0,0.0
GRPN,2026-08-21,27.290000915527344,C,4.0,1.0000000000000003e-05,2.0,0,0.0,0.0
GRPN,2026-08-21,27.290000915527344,C,5.0,1.0000000000000003e-05,2.0,0,0.0,0.0
GRPN,2026-08-21,27.290000915527344,C,6.0,1.0000000000000003e-05,6.0,0,0.0,0.0
GRPN,2026-08-21,27.290000915527344,C,7.0,1.0000000000000003e-05,2.0,0,0.0,0.0
GRPN,2026-08-21,27.290000915527344,C,8.0,1.0000000000000003e-05,,0,0.0,0.0
GRPN,2026-08-21,27.290000915527344,C,9.0,1.0000000000000003e-05,1.0,0,0.0,0.0
GRPN,2026-08-21,27.290000915527344,C,10.0,1.0000000000000003e-05,1.0,0,0.0,0.0
GRPN,2026-08-21,27.290000915527344,C,11.0,1.0000000000000003e-05,21.0,0,0.0,0.0
GRPN,2026-08-21,27.290000915527344,C,12.0,1.0000000000000003e-05,1.0,0,0.0,0.0
GRPN,2026-08-21,27.290000915527344,C,13.0,1.0000000000000003e-05,4.0,0,0.0,0.0
GRPN,2026-08-21,27.290000915527344,C,14.0,1.0000000000000003e-05,1.0,0,0.0,0.0
GRPN,2026-08-21,27.290000915527344,C,15.0,1.0000000000000003e-05,1.0,0,0.0,0.0
GRPN,2026-08-21,27.290000915527344,C,16.0,1.0000000000000003e-05,2.0,0,0.0,0.0
GRPN,2026-08-21,27.290000915527344,C,17.0,1.0000000000000003e-05,2.0,0,0.0,0.0
GRPN,2026-08-21,27.290000915527344,C,18.0,1.0000000000000003e-05,1.0,0,0.0,0.0
GRPN,2026-08-21,27.290000915527344,C,19.0,1.0000000000000003e-05,1.0,0,0.0,0.0
GRPN,2026-08-21,27.290000915527344,C,20.0,1.0000000000000003e-05,10.0,0,0.0,0.0
GRPN,2026-08-21,27.290000915527344,C,21.0,1.0000000000000003e-05,1.0,0,0.0,0.0
GRPN,2026-08-21,27.290000915527344,C,22.0,1.0000000000000003e-05,3.0,0,0.0,0.0
GRPN,2026-08-21,27.290000915527344,C,23.0,1.0000000000000003e-05,4.0,0,0.0,0.0
GRPN,2026-08-21,27.290000915527344,C,24.0,1.0000000000000003e-05,501.0,0,0.0,0.0
GRPN,2026-08-21,27.290000915527344,C,25.0,1.0000000000000003e-05,23.0,0,0.0,0.0
GRPN,2026-08-21,27.290000915527344,C,26.0,1.0000000000000003e-05,1.0,0,0.0,0.0
GRPN,2026-08-21,27.290000915527344,C,27.0,1.0000000000000003e-05,3.0,0,0.0,0.0
GRPN,2026-08-21,27.290000915527344,C,28.0,0.0312596875,283.0,0,0.0,0.0
GRPN,2026-08-21,27.290000915527344,C,29.0,0.062509375,110.0,0,0.0,0.0
GRPN,2026-08-21,27.290000915527344,C,30.0,0.12500875,679.0,0,0.0,0.0
GRPN,2026-08-21,27.290000915527344,C,31.0,0.12500875,16.0,0,0.0,0.0
GRPN,2026-08-21,27.290000915527344,C,32.0,0.2500075,130.0,0,0.0,0.0
GRPN,2026-08-21,27.290000915527344,C,33.0,0.2500075,6.0,0,0.0,0.0
GRPN,2026-08-21,27.290000915527344,C,34.0,0.2500075,3.0,0,0.0,0.0
GRPN,2026-08-21,27.290000915527344,C,35.0,0.2500075,1266.0,0,0.0,0.0
GRPN,2026-08-21,27.290000915527344,C,36.0,0.2500075,60.0,0,0.0,0.0
GRPN,2026-08-21,27.290000915527344,C,37.0,0.2500075,2.0,0,0.0,0.0
GRPN,2026-08-21,27.290000915527344,C,38.0,0.500005,1815.0,0,0.0,0.0
GRPN,2026-08-21,27.290000915527344,C,39.0,0.500005,32.0,0,0.0,0.0
GRPN,2026-08-21,27.290000915527344,C,40.0,0.500005,116.0,0,0.0,0.0
GRPN,2026-08-21,27.290000915527344,P,8.0,0.500005,1.0,0,0.0,0.0
GRPN,2026-08-21,27.290000915527344,P,9.0,0.500005,6.0,0,0.0,0.0
GRPN,2026-08-21,27.290000915527344,P,10.0,0.500005,6.0,0,0.0,0.0
GRPN,2026-08-21,27.290000915527344,P,11.0,0.500005,2.0,0,0.0,0.0
GRPN,2026-08-21,27.290000915527344,P,12.0,0.500005,2.0,0,0.0,0.0
GRPN,2026-08-21,27.290000915527344,P,13.0,0.500005,2.0,0,0.0,0.0
GRPN,2026-08-21,27.290000915527344,P,14.0,0.500005,2.0,0,0.0,0.0
GRPN,2026-08-21,27.290000915527344,P,15.0,0.500005,51.0,0,0.0,0.0
GRPN,2026-08-21,27.290000915527344,P,16.0,0.500005,7.0,0,0.0,0.0
GRPN,2026-08-21,27.290000915527344,P,17.0,0.500005,2.0,0,0.0,0.0
GRPN,2026-08-21,27.290000915527344,P,18.0,0.500005,6.0,0,0.0,0.0
GRPN,2026-08-21,27.290000915527344,P,19.0,0.500005,1012.0,0,0.0,0.0
GRPN,2026-08-21,27.290000915527344,P,20.0,0.2500075,6.0,0,0.0,0.0
GRPN,2026-08-21,27.290000915527344,P,21.0,0.2500075,8.0,0,0.0,0.0
GRPN,2026-08-21,27.290000915527344,P,22.0,0.2500075,122.0,0,0.0,0.0
GRPN,2026-08-21,27.290000915527344,P,23.0,0.2500075,2.0,0,0.0,0.0
GRPN,2026-08-21,27.290000915527344,P,24.0,0.12500875,12.0,0,0.0,0.0
GRPN,2026-08-21,27.290000915527344,P,25.0,0.12500875,5.0,0,0.0,0.0
GRPN,2026-08-21,27.290000915527344,P,26.0,0.062509375,5.0,0,0.0,0.0
GRPN,2026-08-21,27.290000915527344,P,27.0,0.015634843750000002,9.0,0,0.0,0.0
GRPN,2026-08-21,27.290000915527344,P,28.0,1.0000000000000003e-05,7.0,0,0.0,0.0
GRPN,2026-08-21,27.290000915527344,P,29.0,1.0000000000000003e-05,2.0,0,0.0,0.0
GRPN,2026-08-21,27.290000915527344,P,30.0,1.0000000000000003e-05,2.0,0,0.0,0.0
GRPN,2026-08-21,27.290000915527344,P,31.0,1.0000000000000003e-05,29.0,0,0.0,0.0
GRPN,2026-08-21,27.290000915527344,P,32.0,1.0000000000000003e-05,,0,0.0,0.0
GRPN,2026-08-21,27.290000915527344,P,33.0,1.0000000000000003e-05,,0,0.0,0.0
GRPN,2026-08-21,27.290000915527344,P,34.0,1.0000000000000003e-05,,0,0.0,0.0
GRPN,2026-08-21,27.290000915527344,P,35.0,1.0000000000000003e-05,11.0,0,0.0,0.0
GRPN,2026-08-21,27.290000915527344,P,40.0,1.0000000000000003e-05,1.0,0,0.0,0.0
PH,2026-08-21,996.9000244140625,C,400.0,2.4555702673339845,,1,597.4,606.0
PH,2026-08-21,996.9000244140625,C,410.0,2.4045450042724603,,1,587.6,596.0
PH,2026-08-21,996.9000244140625,C,420.0,1.0000000000000003e-05,,0,0.0,0.0
PH,2026-08-21,996.9000244140625,C,430.0,2.3471721008300777,,1,568.0,577.0
PH,2026-08-21,996.9000244140625,C,440.0,2.30151791809082,,2,558.3,567.0
PH,2026-08-21,996.9000244140625,C,450.0,2.252689915161133,,2,548.5,557.0
PH,2026-08-21,996.9000244140625,C,580.0,1.804200197753906,,1,422.1,431.0
PH,2026-08-21,996.9000244140625,C,590.0,1.7698986114501951,,2,412.7,421.0
PH,2026-08-21,996.9000244140625,C,620.0,1.0000000000000003e-05,,1,331.1,339.9
PH,2026-08-21,996.9000244140625,C,630.0,1.0000000000000003e-05,1.0,1,310.6,317.0
PH,2026-08-21,996.9000244140625,C,640.0,1.61487008972168,,1,364.6,373.0
PH,2026-08-21,996.9000244140625,C,650.0,1.0000000000000003e-05,5.0,5,296.0,304.1
PH,2026-08-21,996.9000244140625,C,690.0,1.0000000000000003e-05,1.0,20,293.0,302.1
PH,2026-08-21,996.9000244140625,C,700.0,1.0000000000000003e-05,10.0,10,252.2,261.0
PH,2026-08-21,996.9000244140625,C,720.0,1.0000000000000003e-05,,8,194.8,203.0
PH,2026-08-21,996.9000244140625,C,730.0,1.0000000000000003e-05,4.0,4,164.3,173.0
PH,2026-08-21,996.9000244140625,C,740.0,1.0000000000000003e-05,4.0,2,216.6,224.0
PH,2026-08-21,996.9000244140625,C,750.0,1.0000000000000003e-05,1.0,0,0.0,0.0
PH,2026-08-21,996.9000244140625,C,760.0,1.0000000000000003e-05,1.0,0,0.0,0.0
PH,2026-08-21,996.9000244140625,C,770.0,1.0000000000000003e-05,,0,0.0,0.0
PH,2026-08-21,996.9000244140625,C,800.0,1.0000000000000003e-05,1.0,8,185.7,194.5
PH,2026-08-21,996.9000244140625,C,810.0,1.0000000000000003e-05,1.0,0,0.0,0.0
PH,2026-08-21,996.9000244140625,C,820.0,1.0000000000000003e-05,1.0,39,166.2,175.7
PH,2026-08-21,996.9000244140625,C,830.0,1.0000000000000003e-05,1.0,0,0.0,0.0
PH,2026-08-21,996.9000244140625,C,840.0,1.0000000000000003e-05,2.0,0,0.0,0.0
PH,2026-08-21,996.9000244140625,C,850.0,1.0000000000000003e-05,3.0,0,0.0,0.0
PH,2026-08-21,996.9000244140625,C,860.0,1.0000000000000003e-05,2.0,0,0.0,0.0
PH,2026-08-21,996.9000244140625,C,870.0,1.0000000000000003e-05,1.0,0,0.0,0.0
PH,2026-08-21,996.9000244140625,C,880.0,1.0000000000000003e-05,1.0,0,0.0,0.0
PH,2026-08-21,996.9000244140625,C,890.0,1.0000000000000003e-05,2.0,0,0.0,0.0
PH,2026-08-21,996.9000244140625,C,900.0,1.0000000000000003e-05,3.0,0,0.0,0.0
PH,2026-08-21,996.9000244140625,C,910.0,1.0000000000000003e-05,1.0,0,0.0,0.0
PH,2026-08-21,996.9000244140625,C,920.0,1.0000000000000003e-05,2.0,0,0.0,0.0
PH,2026-08-21,996.9000244140625,C,930.0,1.0000000000000003e-05,1.0,0,0.0,0.0
PH,2026-08-21,996.9000244140625,C,940.0,1.0000000000000003e-05,1.0,0,0.0,0.0
PH,2026-08-21,996.9000244140625,C,950.0,1.0000000000000003e-05,800.0,0,0.0,0.0
PH,2026-08-21,996.9000244140625,C,960.0,1.0000000000000003e-05,1.0,0,0.0,0.0
PH,2026-08-21,996.9000244140625,C,970.0,1.0000000000000003e-05,13.0,0,0.0,0.0
PH,2026-08-21,996.9000244140625,C,980.0,1.0000000000000003e-05,10.0,0,0.0,0.0
PH,2026-08-21,996.9000244140625,C,990.0,1.0000000000000003e-05,1.0,0,0.0,0.0
PH,2026-08-21,996.9000244140625,C,1000.0,0.0039162109375,9.0,0,0.0,0.0
PH,2026-08-21,996.9000244140625,C,1010.0,0.015634843750000002,2.0,0,0.0,0.0
PH,2026-08-21,996.9000244140625,C,1020.0,0.0312596875,2.0,0,0.0,0.0
PH,2026-08-21,996.9000244140625,C,1040.0,0.0312596875,21.0,0,0.0,0.0
PH,2026-08-21,996.9000244140625,C,1060.0,0.062509375,12.0,0,0.0,0.0
PH,2026-08-21,996.9000244140625,C,1080.0,0.062509375,5.0,0,0.0,0.0
PH,2026-08-21,996.9000244140625,C,1100.0,0.12500875,19.0,0,0.0,0.0
PH,2026-08-21,996.9000244140625,C,1120.0,0.12500875,13.0,0,0.0,0.0
PH,2026-08-21,996.9000244140625,C,1140.0,0.12500875,1.0,0,0.0,0.0
PH,2026-08-21,996.9000244140625,C,1160.0,0.12500875,10.0,0,0.0,0.0
PH,2026-08-21,996.9000244140625,C,1180.0,0.12500875,16.0,0,0.0,0.0
PH,2026-08-21,996.9000244140625,C,1200.0,0.12500875,4.0,0,0.0,0.0
PH,2026-08-21,996.9000244140625,C,1220.0,0.2500075,1.0,0,0.0,0.0
PH,2026-08-21,996.9000244140625,C,1260.0,0.2500075,,0,0.0,0.0
PH,2026-08-21,996.9000244140625,C,1280.0,0.9206550903320312,,1,6.3,13.6
PH,2026-08-21,996.9000244140625,C,1300.0,0.9045419702148438,,2,4.3,11.4
PH,2026-08-21,996.9000244140625,C,1320.0,0.6462437719726561,1.0,2,0.0,2.15
PH,2026-08-21,996.9000244140625,C,1380.0,0.8288591333007811,1.0,1,0.0,4.8
PH,2026-08-21,996.9000244140625,P,390.0,2.236820814208984,1.0,2,0.0,4.8
PH,2026-08-21,996.9000244140625,P,410.0,2.291019897460937,1.0,0,0.0,7.5
PH,2026-08-21,996.9000244140625,P,420.0,2.0737352844238277,,1,0.0,4.8
PH,2026-08-21,996.9000244140625,P,430.0,2.0222217413330084,,2,0.0,4.8
PH,2026-08-21,996.9000244140625,P,440.0,1.9716798291015625,1.0,5,0.0,4.8
PH,2026-08-21,996.9000244140625,P,450.0,1.9223636694335937,1.0,3,0.0,4.8
PH,2026-08-21,996.9000244140625,P,460.0,1.8740240673828126,2.0,6,0.0,4.8
PH,2026-08-21,996.9000244140625,P,470.0,1.8269051623535155,1.0,5,0.0,4.8
PH,2026-08-21,996.9000244140625,P,480.0,1.7805186755371092,1.0,8,0.0,4.8
PH,2026-08-21,996.9000244140625,P,490.0,1.8548591241455077,1.0,6,0.0,7.1
PH,2026-08-21,996.9000244140625,P,500.0,0.500005,1.0,0,0.0,0.0
PH,2026-08-21,996.9000244140625,P,510.0,1.7962656671142578,1.0,4,0.0,7.9
PH,2026-08-21,996.9000244140625,P,520.0,1.7420667193603514,1.0,4,0.0,7.7
PH,2026-08-21,996.9000244140625,P,530.0,1.6848160290527345,1.0,5,0.0,7.4
PH,2026-08-21,996.9000244140625,P,540.0,1.5421165472412108,1.0,7,0.0,5.2
PH,2026-08-21,996.9000244140625,P,550.0,1.3947784167480468,1.0,10,0.0,3.3
PH,2026-08-21,996.9000244140625,P,560.0,1.3305697534179686,1.0,7,0.0,2.9
PH,2026-08-21,996.9000244140625,P,570.0,1.3320345898437496,1.0,13,0.0,3.5
PH,2026-08-21,996.9000244140625,P,580.0,1.3732941491699218,1.0,6,0.0,5.0
PH,2026-08-21,996.9000244140625,P,590.0,1.335208402099609,1.0,4,0.0,5.0
PH,2026-08-21,996.9000244140625,P,600.0,1.288577775878906,1.0,23,0.0,4.8
PH,2026-08-21,996.9000244140625,P,610.0,1.3708527551269531,2.0,6,0.0,7.9
PH,2026-08-21,996.9000244140625,P,620.0,0.500005,1.0,0,0.0,0.0
PH,2026-08-21,996.9000244140625,P,630.0,1.2902867517089844,2.0,5,0.4,7.4
PH,2026-08-21,996.9000244140625,P,640.0,0.500005,2.0,0,0.0,0.0
PH,2026-08-21,996.9000244140625,P,650.0,0.500005,1.0,0,0.0,0.0
PH,2026-08-21,996.9000244140625,P,660.0,0.500005,2.0,0,0.0,0.0
PH,2026-08-21,996.9000244140625,P,670.0,0.2500075,1.0,0,0.0,0.0
PH,2026-08-21,996.9000244140625,P,680.0,0.2500075,1.0,0,0.0,0.0
PH,2026-08-21,996.9000244140625,P,690.0,0.2500075,1.0,0,0.0,0.0
PH,2026-08-21,996.9000244140625,P,700.0,0.2500075,5.0,0,0.0,0.0
PH,2026-08-21,996.9000244140625,P,710.0,1.0882003598022458,1.0,8,1.65,9.8
PH,2026-08-21,996.9000244140625,P,720.0,0.2500075,1.0,0,0.0,0.0
PH,2026-08-21,996.9000244140625,P,730.0,0.2500075,2.0,0,0.0,0.0
PH,2026-08-21,996.9000244140625,P,740.0,0.2500075,2.0,0,0.0,0.0
PH,2026-08-21,996.9000244140625,P,750.0,0.2500075,1.0,0,0.0,0.0
PH,2026-08-21,996.9000244140625,P,760.0,0.2500075,1.0,0,0.0,0.0
PH,2026-08-21,996.9000244140625,P,770.0,0.2500075,1.0,0,0.0,0.0
PH,2026-08-21,996.9000244140625,P,780.0,0.2500075,19.0,0,0.0,0.0
PH,2026-08-21,996.9000244140625,P,790.0,0.2500075,6.0,0,0.0,0.0
PH,2026-08-21,996.9000244140625,P,800.0,0.2500075,8.0,0,0.0,0.0
PH,2026-08-21,996.9000244140625,P,810.0,0.2500075,1.0,0,0.0,0.0
PH,2026-08-21,996.9000244140625,P,820.0,0.12500875,4.0,0,0.0,0.0
PH,2026-08-21,996.9000244140625,P,830.0,0.12500875,2.0,0,0.0,0.0
PH,2026-08-21,996.9000244140625,P,840.0,0.12500875,1.0,0,0.0,0.0
PH,2026-08-21,996.9000244140625,P,850.0,0.12500875,1.0,0,0.0,0.0
PH,2026-08-21,996.9000244140625,P,860.0,0.12500875,2.0,0,0.0,0.0
PH,2026-08-21,996.9000244140625,P,870.0,0.12500875,1.0,0,0.0,0.0
PH,2026-08-21,996.9000244140625,P,880.0,0.12500875,3.0,0,0.0,0.0
PH,2026-08-21,996.9000244140625,P,890.0,0.12500875,4.0,0,0.0,0.0
PH,2026-08-21,996.9000244140625,P,900.0,0.12500875,11.0,0,0.0,0.0
PH,2026-08-21,996.9000244140625,P,910.0,0.062509375,1.0,0,0.0,0.0
PH,2026-08-21,996.9000244140625,P,920.0,0.062509375,7.0,0,0.0,0.0
PH,2026-08-21,996.9000244140625,P,930.0,0.062509375,37.0,0,0.0,0.0
PH,2026-08-21,996.9000244140625,P,940.0,0.062509375,13.0,0,0.0,0.0
PH,2026-08-21,996.9000244140625,P,950.0,0.062509375,11.0,0,0.0,0.0
PH,2026-08-21,996.9000244140625,P,960.0,0.0312596875,3.0,0,0.0,0.0
PH,2026-08-21,996.9000244140625,P,970.0,0.0312596875,42.0,0,0.0,0.0
PH,2026-08-21,996.9000244140625,P,980.0,0.015634843750000002,1.0,0,0.0,0.0
PH,2026-08-21,996.9000244140625,P,990.0,0.007822421875,3.0,0,0.0,0.0
PH,2026-08-21,996.9000244140625,P,1000.0,1.0000000000000003e-05,2.0,0,0.0,0.0
PH,2026-08-21,996.9000244140625,P,1010.0,1.0000000000000003e-05,2.0,0,0.0,0.0
PH,2026-08-21,996.9000244140625,P,1020.0,1.0000000000000003e-05,1.0,0,0.0,0.0
PH,2026-08-21,996.9000244140625,P,1060.0,1.0000000000000003e-05,2.0,0,0.0,0.0
PH,2026-08-21,996.9000244140625,P,1200.0,1.0000000000000003e-05,2.0,0,0.0,0.0
PH,2026-08-21,996.9000244140625,P,1300.0,1.8710028422546388,1.0,0,364.1,373.0
VSNT,2026-08-21,35.790000915527344,C,25.0,1.0000000000000003e-05,5.0,0,0.0,0.0
VSNT,2026-08-21,35.790000915527344,C,30.0,1.0000000000000003e-05,15.0,0,0.0,0.0
VSNT,2026-08-21,35.790000915527344,C,35.0,1.0000000000000003e-05,47.0,0,0.0,0.0
VSNT,2026-08-21,35.790000915527344,C,40.0,0.12500875,188.0,0,0.0,0.0
VSNT,2026-08-21,35.790000915527344,C,45.0,0.2500075,6.0,0,0.0,0.0
VSNT,2026-08-21,35.790000915527344,C,50.0,1.017583037109375,1.0,367,0.0,0.45
VSNT,2026-08-21,35.790000915527344,P,20.0,2.441410146484375,,5,0.0,1.7
VSNT,2026-08-21,35.790000915527344,P,22.5,0.500005,,0,0.0,0.0
VSNT,2026-08-21,35.790000915527344,P,25.0,0.500005,1.0,0,0.0,0.0
VSNT,2026-08-21,35.790000915527344,P,30.0,0.2500075,79.0,0,0.0,0.0
VSNT,2026-08-21,35.790000915527344,P,35.0,0.0312596875,66.0,0,0.0,0.0
VSNT,2026-08-21,35.790000915527344,P,40.0,1.0000000000000003e-05,15.0,0,0.0,0.0
VSNT,2026-08-21,35.790000915527344,P,45.0,1.0000000000000003e-05,20.0,0,0.0,0.0
WHG,2026-08-21,19.149999618530273,C,20.0,0.062509375,,0.0,0.0,0.0
ORIO,2026-08-21,0.6579999923706055,C,2.5,0.500005,25.0,0.0,0.0,0.0
CCSI,2026-08-21,38.16999816894531,C,30.0,1.0000000000000003e-05,5.0,0,0.0,0.0
CCSI,2026-08-21,38.16999816894531,C,35.0,1.0000000000000003e-05,1.0,0,0.0,0.0
CCSI,2026-08-21,38.16999816894531,C,40.0,0.062509375,15.0,0,0.0,0.0
CCSI,2026-08-21,38.16999816894531,C,45.0,0.2500075,1.0,0,0.0,0.0
CCSI,2026-08-21,38.16999816894531,C,50.0,0.2500075,,0,0.0,0.0
CCSI,2026-08-21,38.16999816894531,P,30.0,0.2500075,,0,0.0,0.0
CCSI,2026-08-21,38.16999816894531,P,35.0,0.12500875,4.0,0,0.0,0.0
KWY,2026-08-21,9.15999984741211,P,10.0,1.0000000000000003e-05,,0.0,0.0,0.0
ALRM,2026-08-21,56.65999984741211,C,45.0,1.0000000000000003e-05,,0,0.0,0.0
ALRM,2026-08-21,56.65999984741211,C,47.5,1.0000000000000003e-05,,0,0.0,0.0
ALRM,2026-08-21,56.65999984741211,C,50.0,1.0000000000000003e-05,1.0,0,0.0,0.0
ALRM,2026-08-21,56.65999984741211,C,52.5,1.0000000000000003e-05,1.0,0,0.0,0.0
ALRM,2026-08-21,56.65999984741211,C,57.5,0.015634843750000002,1.0,0,0.0,0.0
ALRM,2026-08-21,56.65999984741211,P,47.5,0.2500075,1.0,0,0.0,0.0
ALRM,2026-08-21,56.65999984741211,P,50.0,0.12500875,,0,0.0,0.0
ALRM,2026-08-21,56.65999984741211,P,52.5,0.12500875,5.0,0,0.0,0.0
ALRM,2026-08-21,56.65999984741211,P,55.0,0.0312596875,,0,0.0,0.0
ALRM,2026-08-21,56.65999984741211,P,57.5,1.0000000000000003e-05,,0,0.0,0.0
ALRM,2026-08-21,56.65999984741211,P,60.0,1.0000000000000003e-05,,0,0.0,0.0
HG,2026-08-21,35.220001220703125,C,30.0,1.0000000000000003e-05,2.0,0,0.0,0.0
HG,2026-08-21,35.220001220703125,C,35.0,1.0000000000000003e-05,1.0,0,0.0,0.0
HG,2026-08-21,35.220001220703125,C,40.0,0.12500875,9.0,0,0.0,0.0
HG,2026-08-21,35.220001220703125,P,20.0,0.500005,,0,0.0,0.0
HG,2026-08-21,35.220001220703125,P,45.0,1.0000000000000003e-05,1.0,0,0.0,0.0
GRND,2026-08-21,17.780000686645508,C,6.0,1.0000000000000003e-05,1.0,1,8.6,11.2
GRND,2026-08-21,17.780000686645508,C,10.0,1.0000000000000003e-05,1.0,0,0.0,0.0
GRND,2026-08-21,17.780000686645508,C,11.0,1.0000000000000003e-05,2.0,0,0.0,0.0
GRND,2026-08-21,17.780000686645508,C,12.0,1.0000000000000003e-05,1.0,0,0.0,0.0
GRND,2026-08-21,17.780000686645508,C,13.0,1.0000000000000003e-05,1.0,0,0.0,0.0
GRND,2026-08-21,17.780000686645508,C,14.0,1.0000000000000003e-05,1.0,0,0.0,0.0
GRND,2026-08-21,17.780000686645508,C,15.0,1.0000000000000003e-05,1.0,0,0.0,0.0
GRND,2026-08-21,17.780000686645508,C,16.0,1.0000000000000003e-05,13.0,0,0.0,0.0
GRND,2026-08-21,17.780000686645508,C,17.0,1.0000000000000003e-05,7.0,0,0.0,0.0
GRND,2026-08-21,17.780000686645508,C,18.0,0.015634843750000002,42.0,0,0.0,0.0
GRND,2026-08-21,17.780000686645508,C,19.0,0.12500875,15.0,0,0.0,0.0
GRND,2026-08-21,17.780000686645508,C,20.0,0.12500875,574.0,0,0.0,0.0
GRND,2026-08-21,17.780000686645508,C,21.0,0.2500075,3.0,0,0.0,0.0
GRND,2026-08-21,17.780000686645508,C,25.0,0.500005,8.0,0,0.0,0.0
GRND,2026-08-21,17.780000686645508,P,8.0,2.60156599609375,24.0,23,0.1,0.3
GRND,2026-08-21,17.780000686645508,P,9.0,2.8710965722656248,1.0,63,0.0,0.95
GRND,2026-08-21,17.780000686645508,P,10.0,0.500005,10.0,0,0.0,0.0
GRND,2026-08-21,17.780000686645508,P,11.0,2.183598291015625,1.0,52,0.0,0.95
GRND,2026-08-21,17.780000686645508,P,12.0,0.500005,2.0,0,0.0,0.0
GRND,2026-08-21,17.780000686645508,P,13.0,0.500005,1.0,0,0.0,0.0
GRND,2026-08-21,17.780000686645508,P,14.0,0.2500075,2.0,0,0.0,0.0
GRND,2026-08-21,17.780000686645508,P,15.0,0.2500075,1.0,0,0.0,0.0
GRND,2026-08-21,17.780000686645508,P,16.0,0.12500875,2.0,0,0.0,0.0
GRND,2026-08-21,17.780000686645508,P,17.0,0.062509375,5.0,0,0.0,0.0
GRND,2026-08-21,17.780000686645508,P,18.0,1.0000000000000003e-05,8.0,0,0.0,0.0
GRND,2026-08-21,17.780000686645508,P,19.0,1.0000000000000003e-05,1.0,0,0.0,0.0
GRND,2026-08-21,17.780000686645508,P,20.0,5.410159487304686,,0,8.5,10.0
GRND,2026-08-21,17.780000686645508,P,21.0,5.150394187011719,,0,8.3,11.0
CVSA,2026-08-21,128.91000366210938,C,50.0,1.0000000000000003e-05,,0,0.0,0.0
CVSA,2026-08-21,128.91000366210938,C,65.0,1.0000000000000003e-05,3.0,3,51.4,54.7
CVSA,2026-08-21,128.91000366210938,C,75.0,1.5820333398437496,2.0,2,50.9,54.6
CVSA,2026-08-21,128.91000366210938,C,95.0,1.0000000000000003e-05,,0,0.0,0.0
CVSA,2026-08-21,128.91000366210938,C,100.0,1.0000000000000003e-05,1.0,0,0.0,0.0
CVSA,2026-08-21,128.91000366210938,C,105.0,1.0000000000000003e-05,1.0,0,0.0,0.0
CVSA,2026-08-21,128.91000366210938,C,110.0,1.0000000000000003e-05,2.0,0,0.0,0.0
CVSA,2026-08-21,128.91000366210938,C,115.0,0.8840343627929688,,0,15.7,19.5
CVSA,2026-08-21,128.91000366210938,C,120.0,1.0000000000000003e-05,1.0,0,0.0,0.0
CVSA,2026-08-21,128.91000366210938,C,125.0,1.0000000000000003e-05,1.0,0,0.0,0.0
CVSA,2026-08-21,128.91000366210938,C,130.0,0.015634843750000002,1.0,0,0.0,0.0
CVSA,2026-08-21,128.91000366210938,C,135.0,0.062509375,1.0,0,0.0,0.0
CVSA,2026-08-21,128.91000366210938,C,140.0,0.12500875,1.0,0,0.0,0.0
CVSA,2026-08-21,128.91000366210938,C,145.0,0.12500875,1.0,0,0.0,0.0
CVSA,2026-08-21,128.91000366210938,C,150.0,0.12500875,1.0,0,0.0,0.0
CVSA,2026-08-21,128.91000366210938,C,155.0,0.2500075,30.0,0,0.0,0.0
CVSA,2026-08-21,128.91000366210938,C,160.0,0.8430191479492187,30.0,34,0.0,2.7
CVSA,2026-08-21,128.91000366210938,C,170.0,0.2500075,1.0,0,0.0,0.0
CVSA,2026-08-21,128.91000366210938,P,55.0,0.500005,,0,0.0,0.0
CVSA,2026-08-21,128.91000366210938,P,60.0,0.500005,1.0,0,0.0,0.0
CVSA,2026-08-21,128.91000366210938,P,65.0,0.500005,,0,0.0,0.0
CVSA,2026-08-21,128.91000366210938,P,70.0,0.500005,,0,0.0,0.0
CVSA,2026-08-21,128.91000366210938,P,75.0,1.9189457177734377,6.0,7,0.0,3.2
CVSA,2026-08-21,128.91000366210938,P,80.0,1.7998056884765623,1.0,0,0.2,3.5
CVSA,2026-08-21,128.91000366210938,P,85.0,1.7119155029296875,,1,0.7,3.8
CVSA,2026-08-21,128.91000366210938,P,90.0,1.4194364965820312,1.0,6,0.0,3.5
CVSA,2026-08-21,128.91000366210938,P,95.0,0.2500075,1.0,0,0.0,0.0
CVSA,2026-08-21,128.91000366210938,P,100.0,0.2500075,1.0,0,0.0,0.0
CVSA,2026-08-21,128.91000366210938,P,105.0,0.2500075,1.0,0,0.0,0.0
CVSA,2026-08-21,128.91000366210938,P,110.0,0.12500875,1.0,0,0.0,0.0
CVSA,2026-08-21,128.91000366210938,P,115.0,0.12500875,1.0,0,0.0,0.0
CVSA,2026-08-21,128.91000366210938,P,120.0,0.062509375,2.0,0,0.0,0.0
CVSA,2026-08-21,128.91000366210938,P,125.0,0.0312596875,1.0,0,0.0,0.0
CVSA,2026-08-21,128.91000366210938,P,130.0,1.0000000000000003e-05,12.0,0,0.0,0.0
CVSA,2026-08-21,128.91000366210938,P,135.0,1.0000000000000003e-05,,0,0.0,0.0
LX,2026-08-21,1.4800000190734863,C,1.0,1.0000000000000003e-05,1,0,0.0,0.0
LX,2026-08-21,1.4800000190734863,C,1.5,0.0312596875,500,0,0.0,0.0
LX,2026-08-21,1.4800000190734863,C,2.0,0.500005,5,0,0.0,0.0
LX,2026-08-21,1.4800000190734863,C,2.5,0.500005,70,0,0.0,0.0
LX,2026-08-21,1.4800000190734863,C,5.0,0.500005,50,0,0.0,0.0
LX,2026-08-21,1.4800000190734863,C,7.5,6.2968771289062495,1,13,0.0,0.4
LX,2026-08-21,1.4800000190734863,P,0.5,3.750000625,1,1,0.0,0.05
LX,2026-08-21,1.4800000190734863,P,1.5,1.0000000000000003e-05,490,0,0.0,0.0
LX,2026-08-21,1.4800000190734863,P,2.0,1.0000000000000003e-05,2,0,0.0,0.0
LX,2026-08-21,1.4800000190734863,P,2.5,1.0000000000000003e-05,1,0,0.0,0.0
LX,2026-08-21,1.4800000190734863,P,5.0,1.0000000000000003e-05,11,0,0.0,0.0
LX,2026-08-21,1.4800000190734863,P,7.5,6.109377363281249,36,0,5.7,6.7
PLNT,2026-08-21,56.59000015258789,C,20.0,1.0000000000000003e-05,1.0,0,0.0,0.0
PLNT,2026-08-21,56.59000015258789,C,25.0,1.0000000000000003e-05,,0,0.0,0.0
PLNT,2026-08-21,56.59000015258789,C,40.0,1.0000000000000003e-05,1.0,0,0.0,0.0
PLNT,2026-08-21,56.59000015258789,C,42.5,1.0000000000000003e-05,2.0,0,0.0,0.0
PLNT,2026-08-21,56.59000015258789,C,45.0,1.0000000000000003e-05,1.0,0,0.0,0.0
PLNT,2026-08-21,56.59000015258789,C,47.5,1.0000000000000003e-05,300.0,0,0.0,0.0
PLNT,2026-08-21,56.59000015258789,C,50.0,1.0000000000000003e-05,1028.0,0,0.0,0.0
PLNT,2026-08-21,56.59000015258789,C,52.5,1.0000000000000003e-05,2.0,0,0.0,0.0
PLNT,2026-08-21,56.59000015258789,C,55.0,1.0000000000000003e-05,453.0,0,0.0,0.0
PLNT,2026-08-21,56.59000015258789,C,57.5,0.0312596875,1973.0,0,0.0,0.0
PLNT,2026-08-21,56.59000015258789,C,60.0,0.062509375,2076.0,0,0.0,0.0
PLNT,2026-08-21,56.59000015258789,C,62.5,0.12500875,7.0,0,0.0,0.0
PLNT,2026-08-21,56.59000015258789,C,65.0,0.12500875,20.0,0,0.0,0.0
PLNT,2026-08-21,56.59000015258789,C,67.5,0.2500075,4.0,0,0.0,0.0
PLNT,2026-08-21,56.59000015258789,C,70.0,0.2500075,202.0,0,0.0,0.0
PLNT,2026-08-21,56.59000015258789,C,72.5,0.2500075,1.0,0,0.0,0.0
PLNT,2026-08-21,56.59000015258789,C,75.0,0.2500075,1.0,0,0.0,0.0
PLNT,2026-08-21,56.59000015258789,C,77.5,0.2500075,1.0,0,0.0,0.0
PLNT,2026-08-21,56.59000015258789,C,80.0,0.500005,1.0,0,0.0,0.0
PLNT,2026-08-21,56.59000015258789,C,82.5,1.05859845703125,5.0,8,0.05,0.5
PLNT,2026-08-21,56.59000015258789,C,85.0,0.500005,1.0,0,0.0,0.0
PLNT,2026-08-21,56.59000015258789,C,87.5,0.500005,1.0,0,0.0,0.0
PLNT,2026-08-21,56.59000015258789,C,90.0,0.500005,2.0,0,0.0,0.0
PLNT,2026-08-21,56.59000015258789,C,92.5,1.4443387158203125,1.0,10,0.0,0.95
PLNT,2026-08-21,56.59000015258789,C,95.0,0.500005,1.0,0,0.0,0.0
PLNT,2026-08-21,56.59000015258789,C,97.5,1.5419944775390624,1.0,11,0.0,0.9
PLNT,2026-08-21,56.59000015258789,C,100.0,0.500005,2.0,0,0.0,0.0
PLNT,2026-08-21,56.59000015258789,C,105.0,0.500005,7.0,0,0.0,0.0
PLNT,2026-08-21,56.59000015258789,C,110.0,0.500005,1.0,0,0.0,0.0
PLNT,2026-08-21,56.59000015258789,C,115.0,0.500005,1.0,0,0.0,0.0
PLNT,2026-08-21,56.59000015258789,C,120.0,1.724610751953125,1.0,2,0.0,0.4
PLNT,2026-08-21,56.59000015258789,C,130.0,0.500005,2.0,0,0.0,0.0
PLNT,2026-08-21,56.59000015258789,C,135.0,2.1328171679687498,5.0,23,0.0,0.75
PLNT,2026-08-21,56.59000015258789,C,140.0,2.2011763720703117,,20,0.0,0.75
PLNT,2026-08-21,56.59000015258789,C,145.0,2.2421918945312496,1.0,1,0.0,0.7
PLNT,2026-08-21,56.59000015258789,C,150.0,2.4433632666015628,1.0,2,0.05,0.95
PLNT,2026-08-21,56.59000015258789,P,25.0,2.5117224707031247,,1,0.0,1.0
PLNT,2026-08-21,56.59000015258789,P,27.5,2.14844212890625,,1,0.05,0.75
PLNT,2026-08-21,56.59000015258789,P,30.0,0.500005,1.0,0,0.0,0.0
PLNT,2026-08-21,56.59000015258789,P,32.5,0.500005,1.0,0,0.0,0.0
PLNT,2026-08-21,56.59000015258789,P,35.0,0.500005,1.0,0,0.0,0.0
PLNT,2026-08-21,56.59000015258789,P,37.5,0.500005,1.0,0,0.0,0.0
PLNT,2026-08-21,56.59000015258789,P,40.0,0.500005,21.0,0,0.0,0.0
PLNT,2026-08-21,56.59000015258789,P,42.5,0.2500075,33.0,0,0.0,0.0
PLNT,2026-08-21,56.59000015258789,P,45.0,0.2500075,132.0,0,0.0,0.0
PLNT,2026-08-21,56.59000015258789,P,47.5,0.2500075,1103.0,0,0.0,0.0
PLNT,2026-08-21,56.59000015258789,P,50.0,0.12500875,2204.0,0,0.0,0.0
PLNT,2026-08-21,56.59000015258789,P,52.5,0.12500875,7.0,0,0.0,0.0
PLNT,2026-08-21,56.59000015258789,P,55.0,0.0312596875,149.0,0,0.0,0.0
PLNT,2026-08-21,56.59000015258789,P,57.5,1.0000000000000003e-05,11.0,0,0.0,0.0
PLNT,2026-08-21,56.59000015258789,P,60.0,1.0000000000000003e-05,129.0,0,0.0,0.0
PLNT,2026-08-21,56.59000015258789,P,62.5,1.0000000000000003e-05,16.0,0,0.0,0.0
PLNT,2026-08-21,56.59000015258789,P,65.0,1.0000000000000003e-05,2.0,0,0.0,0.0
PLNT,2026-08-21,56.59000015258789,P,67.5,2.048344722900391,1.0,7,16.0,17.7
PLNT,2026-08-21,56.59000015258789,P,70.0,1.0000000000000003e-05,1.0,0,0.0,0.0
PLNT,2026-08-21,56.59000015258789,P,72.5,1.0000000000000003e-05,8.0,0,0.0,0.0
PLNT,2026-08-21,56.59000015258789,P,75.0,2.0488330029296877,1.0,6,21.8,23.5
PLNT,2026-08-21,56.59000015258789,P,77.5,2.1689498901367186,1.0,21,24.2,26.2
PLNT,2026-08-21,56.59000015258789,P,80.0,1.0000000000000003e-05,2.0,0,0.0,0.0
PLNT,2026-08-21,56.59000015258789,P,82.5,1.0000000000000003e-05,1.0,2,12.0,13.7
PLNT,2026-08-21,56.59000015258789,P,85.0,1.0000000000000003e-05,1.0,3,13.9,15.6
PLNT,2026-08-21,56.59000015258789,P,90.0,1.0000000000000003e-05,,0,0.0,0.0
PLNT,2026-08-21,56.59000015258789,P,95.0,1.0000000000000003e-05,1.0,2,18.8,20.5
PLNT,2026-08-21,56.59000015258789,P,100.0,1.0000000000000003e-05,1.0,0,34.4,38.0
PLNT,2026-08-21,56.59000015258789,P,110.0,1.0000000000000003e-05,,1,31.7,34.3
PLNT,2026-08-21,56.59000015258789,P,130.0,1.0000000000000003e-05,,1,36.8,39.7
PRVA,2026-08-21,23.959999084472656,C,17.5,1.0000000000000003e-05,35.0,0,0.0,0.0
PRVA,2026-08-21,23.959999084472656,C,20.0,1.0000000000000003e-05,2.0,0,0.0,0.0
PRVA,2026-08-21,23.959999084472656,C,22.5,1.0000000000000003e-05,3.0,0,0.0,0.0
PRVA,2026-08-21,23.959999084472656,C,25.0,0.062509375,1.0,0,0.0,0.0
PRVA,2026-08-21,23.959999084472656,C,27.5,0.12500875,2.0,0,0.0,0.0
PRVA,2026-08-21,23.959999084472656,C,30.0,0.2500075,1.0,0,0.0,0.0
PRVA,2026-08-21,23.959999084472656,P,17.5,1.6347674511718748,15.0,10,0.0,1.35
PRVA,2026-08-21,23.959999084472656,P,20.0,1.3847687011718748,1.0,3,0.85,1.2
PRVA,2026-08-21,23.959999084472656,P,22.5,0.570316796875,3.0,2,0.0,1.05
PRVA,2026-08-21,23.959999084472656,P,25.0,1.0000000000000003e-05,3.0,0,0.0,0.0
PRVA,2026-08-21,23.959999084472656,P,27.5,1.0000000000000003e-05,,0,0.0,0.0
PRAA,2026-08-21,17.190000534057617,C,15.0,0.8203142968749999,,1,0.85,4.2
PRAA,2026-08-21,17.190000534057617,C,17.5,0.0312596875,1.0,0,0.0,0.0
PRAA,2026-08-21,17.190000534057617,C,20.0,0.2500075,2.0,0,0.0,0.0
PRAA,2026-08-21,17.190000534057617,P,5.0,0.500005,,0,0.0,0.0
PRAA,2026-08-21,17.190000534057617,P,15.0,0.12500875,1.0,0,0.0,0.0
VST,2026-08-07,140.5800018310547,C,90.0,1.0000000000000003e-05,,0,0.0,0.0
VST,2026-08-07,140.5800018310547,C,95.0,1.0000000000000003e-05,,0,0.0,0.0
VST,2026-08-07,140.5800018310547,C,100.0,1.0000000000000003e-05,5.0,0,0.0,0.0
VST,2026-08-07,140.5800018310547,C,115.0,1.0000000000000003e-05,2.0,0,0.0,0.0
VST,2026-08-07,140.5800018310547,C,118.0,1.0000000000000003e-05,8.0,0,0.0,0.0
VST,2026-08-07,140.5800018310547,C,123.0,1.0000000000000003e-05,27.0,0,0.0,0.0
VST,2026-08-07,140.5800018310547,C,124.0,1.0000000000000003e-05,30.0,0,0.0,0.0
VST,2026-08-07,140.5800018310547,C,129.0,1.0000000000000003e-05,5.0,0,0.0,0.0
VST,2026-08-07,140.5800018310547,C,130.0,1.0000000000000003e-05,2.0,0,0.0,0.0
VST,2026-08-07,140.5800018310547,C,132.0,1.0000000000000003e-05,35.0,0,0.0,0.0
VST,2026-08-07,140.5800018310547,C,133.0,1.0000000000000003e-05,39.0,0,0.0,0.0
VST,2026-08-07,140.5800018310547,C,135.0,1.0000000000000003e-05,2.0,0,0.0,0.0
VST,2026-08-07,140.5800018310547,C,138.0,1.0000000000000003e-05,5.0,0,0.0,0.0
VST,2026-08-07,140.5800018310547,C,140.0,1.0000000000000003e-05,130.0,0,0.0,0.0
VST,2026-08-07,140.5800018310547,C,141.0,0.015634843750000002,11.0,0,0.0,0.0
VST,2026-08-07,140.5800018310547,C,142.0,0.0312596875,85.0,0,0.0,0.0
VST,2026-08-07,140.5800018310547,C,143.0,0.062509375,60.0,0,0.0,0.0
VST,2026-08-07,140.5800018310547,C,144.0,0.062509375,27.0,0,0.0,0.0
VST,2026-08-07,140.5800018310547,C,145.0,0.12500875,352.0,0,0.0,0.0
VST,2026-08-07,140.5800018310547,C,146.0,0.12500875,42.0,0,0.0,0.0
VST,2026-08-07,140.5800018310547,C,147.0,0.12500875,120.0,0,0.0,0.0
VST,2026-08-07,140.5800018310547,C,148.0,0.12500875,22.0,0,0.0,0.0
VST,2026-08-07,140.5800018310547,C,149.0,0.2500075,21.0,0,0.0,0.0
VST,2026-08-07,140.5800018310547,C,150.0,0.2500075,1157.0,0,0.0,0.0
VST,2026-08-07,140.5800018310547,C,152.5,0.2500075,258.0,0,0.0,0.0
VST,2026-08-07,140.5800018310547,C,155.0,0.2500075,2349.0,0,0.0,0.0
VST,2026-08-07,140.5800018310547,C,157.5,0.2500075,88.0,0,0.0,0.0
VST,2026-08-07,140.5800018310547,C,160.0,0.500005,387.0,0,0.0,0.0
VST,2026-08-07,140.5800018310547,C,162.5,0.500005,15.0,0,0.0,0.0
VST,2026-08-07,140.5800018310547,C,165.0,0.500005,197.0,0,0.0,0.0
VST,2026-08-07,140.5800018310547,C,167.5,0.500005,28.0,0,0.0,0.0
VST,2026-08-07,140.5800018310547,C,170.0,0.500005,183.0,0,0.0,0.0
VST,2026-08-07,140.5800018310547,C,172.5,0.500005,65.0,0,0.0,0.0
VST,2026-08-07,140.5800018310547,C,175.0,0.500005,22.0,0,0.0,0.0
VST,2026-08-07,140.5800018310547,C,177.5,0.500005,9.0,0,0.0,0.0
VST,2026-08-07,140.5800018310547,C,180.0,0.500005,17.0,0,0.0,0.0
VST,2026-08-07,140.5800018310547,C,182.5,0.500005,104.0,0,0.0,0.0
VST,2026-08-07,140.5800018310547,C,185.0,0.500005,5.0,0,0.0,0.0
VST,2026-08-07,140.5800018310547,C,190.0,0.500005,5.0,0,0.0,0.0
VST,2026-08-07,140.5800018310547,C,195.0,0.500005,2.0,0,0.0,0.0
VST,2026-08-07,140.5800018310547,C,200.0,0.500005,3.0,0,0.0,0.0
VST,2026-08-07,140.5800018310547,C,205.0,0.500005,2.0,0,0.0,0.0
VST,2026-08-07,140.5800018310547,C,210.0,0.500005,1.0,0,0.0,0.0
VST,2026-08-07,140.5800018310547,C,215.0,0.500005,1.0,0,0.0,0.0
VST,2026-08-07,140.5800018310547,C,220.0,0.500005,2.0,0,0.0,0.0
VST,2026-08-07,140.5800018310547,C,235.0,0.500005,2.0,0,0.0,0.0
VST,2026-08-07,140.5800018310547,P,95.0,0.500005,,0,0.0,0.0
VST,2026-08-07,140.5800018310547,P,100.0,0.500005,1.0,0,0.0,0.0
VST,2026-08-07,140.5800018310547,P,105.0,0.500005,2.0,0,0.0,0.0
VST,2026-08-07,140.5800018310547,P,110.0,0.500005,1.0,0,0.0,0.0
VST,2026-08-07,140.5800018310547,P,115.0,0.500005,43.0,0,0.0,0.0
VST,2026-08-07,140.5800018310547,P,117.0,0.500005,2.0,0,0.0,0.0
VST,2026-08-07,140.5800018310547,P,119.0,0.500005,4.0,0,0.0,0.0
VST,2026-08-07,140.5800018310547,P,120.0,0.500005,133.0,0,0.0,0.0
VST,2026-08-07,140.5800018310547,P,121.0,0.500005,53.0,0,0.0,0.0
VST,2026-08-07,140.5800018310547,P,122.0,0.500005,85.0,0,0.0,0.0
VST,2026-08-07,140.5800018310547,P,123.0,0.500005,12.0,0,0.0,0.0
VST,2026-08-07,140.5800018310547,P,124.0,0.500005,32.0,0,0.0,0.0
VST,2026-08-07,140.5800018310547,P,125.0,0.2500075,87.0,0,0.0,0.0
VST,2026-08-07,140.5800018310547,P,126.0,0.2500075,9.0,0,0.0,0.0
VST,2026-08-07,140.5800018310547,P,127.0,0.2500075,12.0,0,0.0,0.0
VST,2026-08-07,140.5800018310547,P,128.0,0.2500075,27.0,0,0.0,0.0
VST,2026-08-07,140.5800018310547,P,129.0,0.2500075,71.0,0,0.0,0.0
VST,2026-08-07,140.5800018310547,P,130.0,0.2500075,620.0,0,0.0,0.0
VST,2026-08-07,140.5800018310547,P,131.0,0.2500075,87.0,0,0.0,0.0
VST,2026-08-07,140.5800018310547,P,132.0,0.2500075,111.0,0,0.0,0.0
VST,2026-08-07,140.5800018310547,P,133.0,0.2500075,56.0,0,0.0,0.0
VST,2026-08-07,140.5800018310547,P,134.0,0.12500875,23.0,0,0.0,0.0
VST,2026-08-07,140.5800018310547,P,135.0,0.12500875,300.0,0,0.0,0.0
VST,2026-08-07,140.5800018310547,P,136.0,0.12500875,156.0,0,0.0,0.0
VST,2026-08-07,140.5800018310547,P,137.0,0.062509375,66.0,0,0.0,0.0
VST,2026-08-07,140.5800018310547,P,138.0,0.062509375,82.0,0,0.0,0.0
VST,2026-08-07,140.5800018310547,P,139.0,0.0312596875,82.0,0,0.0,0.0
VST,2026-08-07,140.5800018310547,P,140.0,0.015634843750000002,268.0,0,0.0,0.0
VST,2026-08-07,140.5800018310547,P,141.0,1.0000000000000003e-05,72.0,0,0.0,0.0
VST,2026-08-07,140.5800018310547,P,142.0,1.0000000000000003e-05,51.0,0,0.0,0.0
VST,2026-08-07,140.5800018310547,P,143.0,1.0000000000000003e-05,31.0,0,0.0,0.0
VST,2026-08-07,140.5800018310547,P,144.0,1.0000000000000003e-05,66.0,0,0.0,0.0
VST,2026-08-07,140.5800018310547,P,145.0,1.0000000000000003e-05,75.0,0,0.0,0.0
VST,2026-08-07,140.5800018310547,P,146.0,1.0000000000000003e-05,20.0,0,0.0,0.0
VST,2026-08-07,140.5800018310547,P,147.0,1.0000000000000003e-05,10.0,0,0.0,0.0
VST,2026-08-07,140.5800018310547,P,148.0,1.0000000000000003e-05,6.0,0,0.0,0.0
VST,2026-08-07,140.5800018310547,P,149.0,1.0000000000000003e-05,40.0,0,0.0,0.0
VST,2026-08-07,140.5800018310547,P,150.0,1.0000000000000003e-05,14.0,0,0.0,0.0
VST,2026-08-07,140.5800018310547,P,152.5,1.0000000000000003e-05,27.0,0,0.0,0.0
VST,2026-08-07,140.5800018310547,P,155.0,1.0000000000000003e-05,5.0,0,0.0,0.0
VST,2026-08-07,140.5800018310547,P,157.5,1.0000000000000003e-05,6.0,0,0.0,0.0
VST,2026-08-07,140.5800018310547,P,160.0,1.0000000000000003e-05,2.0,0,0.0,0.0
VST,2026-08-07,140.5800018310547,P,162.5,1.0000000000000003e-05,4.0,0,0.0,0.0
VST,2026-08-07,140.5800018310547,P,165.0,1.0000000000000003e-05,1.0,0,0.0,0.0
VST,2026-08-07,140.5800018310547,P,170.0,1.0000000000000003e-05,1.0,0,0.0,0.0
VST,2026-08-07,140.5800018310547,P,175.0,1.0000000000000003e-05,10.0,0,0.0,0.0
VST,2026-08-07,140.5800018310547,P,180.0,1.0000000000000003e-05,1.0,0,0.0,0.0
VST,2026-08-07,140.5800018310547,P,190.0,1.0000000000000003e-05,2.0,0,0.0,0.0
EPAM,2026-08-21,109.87000274658203,C,50.0,1.0000000000000003e-05,10.0,0,0.0,0.0
EPAM,2026-08-21,109.87000274658203,C,55.0,1.0000000000000003e-05,2.0,0,0.0,0.0
EPAM,2026-08-21,109.87000274658203,C,60.0,1.0000000000000003e-05,,0,0.0,0.0
EPAM,2026-08-21,109.87000274658203,C,65.0,1.0000000000000003e-05,1.0,0,0.0,0.0
EPAM,2026-08-21,109.87000274658203,C,70.0,1.0000000000000003e-05,,0,0.0,0.0
EPAM,2026-08-21,109.87000274658203,C,75.0,1.0000000000000003e-05,1.0,0,0.0,0.0
EPAM,2026-08-21,109.87000274658203,C,80.0,1.0000000000000003e-05,1.0,0,0.0,0.0
EPAM,2026-08-21,109.87000274658203,C,85.0,1.0000000000000003e-05,1.0,0,0.0,0.0
EPAM,2026-08-21,109.87000274658203,C,90.0,1.0000000000000003e-05,1.0,0,0.0,0.0
EPAM,2026-08-21,109.87000274658203,C,95.0,1.0000000000000003e-05,3.0,0,0.0,0.0
EPAM,2026-08-21,109.87000274658203,C,100.0,1.0000000000000003e-05,106.0,0,0.0,0.0
EPAM,2026-08-21,109.87000274658203,C,105.0,1.0000000000000003e-05,3.0,0,0.0,0.0
EPAM,2026-08-21,109.87000274658203,C,110.0,0.00196310546875,27.0,0,0.0,0.0
EPAM,2026-08-21,109.87000274658203,C,115.0,0.062509375,9.0,0,0.0,0.0
EPAM,2026-08-21,109.87000274658203,C,120.0,0.12500875,72.0,0,0.0,0.0
EPAM,2026-08-21,109.87000274658203,C,125.0,0.12500875,38.0,0,0.0,0.0
EPAM,2026-08-21,109.87000274658203,C,130.0,0.12500875,35.0,0,0.0,0.0
EPAM,2026-08-21,109.87000274658203,C,135.0,0.2500075,61.0,0,0.0,0.0
EPAM,2026-08-21,109.87000274658203,C,140.0,0.2500075,27.0,0,0.0,0.0
EPAM,2026-08-21,109.87000274658203,C,145.0,0.2500075,10.0,0,0.0,0.0
EPAM,2026-08-21,109.87000274658203,P,45.0,0.500005,2.0,0,0.0,0.0
EPAM,2026-08-21,109.87000274658203,P,50.0,0.500005,2.0,0,0.0,0.0
EPAM,2026-08-21,109.87000274658203,P,55.0,0.500005,6.0,0,0.0,0.0
EPAM,2026-08-21,109.87000274658203,P,60.0,0.500005,1.0,0,0.0,0.0
EPAM,2026-08-21,109.87000274658203,P,65.0,0.500005,10.0,0,0.0,0.0
EPAM,2026-08-21,109.87000274658203,P,70.0,0.500005,21.0,0,0.0,0.0
EPAM,2026-08-21,109.87000274658203,P,75.0,0.500005,14.0,0,0.0,0.0
EPAM,2026-08-21,109.87000274658203,P,80.0,0.2500075,6.0,0,0.0,0.0
EPAM,2026-08-21,109.87000274658203,P,85.0,0.2500075,5.0,0,0.0,0.0
EPAM,2026-08-21,109.87000274658203,P,90.0,0.2500075,12.0,0,0.0,0.0
EPAM,2026-08-21,109.87000274658203,P,95.0,0.12500875,13.0,0,0.0,0.0
EPAM,2026-08-21,109.87000274658203,P,100.0,0.12500875,25.0,0,0.0,0.0
EPAM,2026-08-21,109.87000274658203,P,105.0,0.062509375,2.0,0,0.0,0.0
EPAM,2026-08-21,109.87000274658203,P,110.0,1.0000000000000003e-05,32.0,0,0.0,0.0
EPAM,2026-08-21,109.87000274658203,P,115.0,1.0000000000000003e-05,1.0,0,0.0,0.0
EPAM,2026-08-21,109.87000274658203,P,125.0,1.0000000000000003e-05,,0,0.0,0.0
CGC,2026-08-07,0.9319999814033508,C,0.5,1.0000000000000003e-05,11.0,0,0.0,0.0
CGC,2026-08-07,0.9319999814033508,C,1.0,0.500005,118.0,0,0.0,0.0
CGC,2026-08-07,0.9319999814033508,C,1.5,0.500005,53.0,0,0.0,0.0
CGC,2026-08-07,0.9319999814033508,C,2.0,0.500005,1.0,0,0.0,0.0
CGC,2026-08-07,0.9319999814033508,P,0.5,0.500005,,0,0.0,0.0
CGC,2026-08-07,0.9319999814033508,P,1.0,1.0000000000000003e-05,33.0,0,0.0,0.0
CGC,2026-08-07,0.9319999814033508,P,1.5,1.0000000000000003e-05,17.0,0,0.0,0.0
CGC,2026-08-07,0.9319999814033508,P,2.0,1.0000000000000003e-05,1.0,0,0.0,0.0
LXRX,2026-08-21,2.450000047683716,C,1.5,1.0000000000000003e-05,20.0,0,0.0,0.0
LXRX,2026-08-21,2.450000047683716,C,2.0,1.0000000000000003e-05,50.0,0,0.0,0.0
LXRX,2026-08-21,2.450000047683716,C,2.5,0.062509375,39.0,0,0.0,0.0
LXRX,2026-08-21,2.450000047683716,C,5.0,0.500005,3.0,0,0.0,0.0
LXRX,2026-08-21,2.450000047683716,P,0.5,0.500005,2.0,0,0.0,0.0
LXRX,2026-08-21,2.450000047683716,P,1.0,0.500005,1.0,0,0.0,0.0
LXRX,2026-08-21,2.450000047683716,P,1.5,0.500005,1.0,0,0.0,0.0
LXRX,2026-08-21,2.450000047683716,P,2.0,0.2500075,1.0,0,0.0,0.0
LXRX,2026-08-21,2.450000047683716,P,2.5,1.0000000000000003e-05,1.0,0,0.0,0.0
LXRX,2026-08-21,2.450000047683716,P,5.0,1.0000000000000003e-05,,0,0.0,0.0
EFC,2026-08-21,13.239999771118164,C,2.5,1.0000000000000003e-05,11.0,0,0.0,0.0
EFC,2026-08-21,13.239999771118164,C,5.0,1.0000000000000003e-05,11.0,0,0.0,0.0
EFC,2026-08-21,13.239999771118164,C,7.5,1.0000000000000003e-05,5.0,0,0.0,0.0
EFC,2026-08-21,13.239999771118164,C,10.0,1.0000000000000003e-05,2.0,0,0.0,0.0
EFC,2026-08-21,13.239999771118164,C,12.5,1.0000000000000003e-05,1.0,0,0.0,0.0
EFC,2026-08-21,13.239999771118164,C,15.0,0.12500875,4.0,0,0.0,0.0
EFC,2026-08-21,13.239999771118164,C,17.5,0.2500075,,0,0.0,0.0
EFC,2026-08-21,13.239999771118164,P,2.5,1.000005,,0,0.0,0.0
EFC,2026-08-21,13.239999771118164,P,5.0,0.500005,2.0,0,0.0,0.0
EFC,2026-08-21,13.239999771118164,P,7.5,0.500005,,0,0.0,0.0
EFC,2026-08-21,13.239999771118164,P,10.0,0.2500075,,0,0.0,0.0
EFC,2026-08-21,13.239999771118164,P,12.5,0.062509375,1.0,0,0.0,0.0
EFC,2026-08-21,13.239999771118164,P,15.0,1.0000000000000003e-05,2.0,0,0.0,0.0
EFC,2026-08-21,13.239999771118164,P,25.0,1.0000000000000003e-05,,0,0.0,0.0
POST,2026-08-21,89.22000122070312,C,65.0,1.0000000000000003e-05,,0,0.0,0.0
POST,2026-08-21,89.22000122070312,C,90.0,0.015634843750000002,2.0,0,0.0,0.0
POST,2026-08-21,89.22000122070312,C,95.0,0.062509375,2.0,0,0.0,0.0
POST,2026-08-21,89.22000122070312,C,105.0,0.12500875,10.0,0,0.0,0.0
POST,2026-08-21,89.22000122070312,P,50.0,0.500005,1.0,0,0.0,0.0
POST,2026-08-21,89.22000122070312,P,70.0,0.2500075,,0,0.0,0.0
POST,2026-08-21,89.22000122070312,P,75.0,0.2500075,1.0,0,0.0,0.0
POST,2026-08-21,89.22000122070312,P,80.0,0.12500875,1.0,0,0.0,0.0
POST,2026-08-21,89.22000122070312,P,85.0,0.062509375,2.0,0,0.0,0.0
POST,2026-08-21,89.22000122070312,P,90.0,1.0000000000000003e-05,1.0,0,0.0,0.0
KGS,2026-08-21,57.849998474121094,C,42.5,1.0000000000000003e-05,1.0,0,0.0,0.0
KGS,2026-08-21,57.849998474121094,C,50.0,1.0000000000000003e-05,,0,0.0,0.0
KGS,2026-08-21,57.849998474121094,C,55.0,1.0000000000000003e-05,1.0,0,0.0,0.0
KGS,2026-08-21,57.849998474121094,C,57.5,1.0000000000000003e-05,27.0,0,0.0,0.0
KGS,2026-08-21,57.849998474121094,C,60.0,0.062509375,4.0,0,0.0,0.0
KGS,2026-08-21,57.849998474121094,C,62.5,0.12500875,2.0,0,0.0,0.0
KGS,2026-08-21,57.849998474121094,C,65.0,0.12500875,1.0,0,0.0,0.0
KGS,2026-08-21,57.849998474121094,C,67.5,0.12500875,10.0,0,0.0,0.0
KGS,2026-08-21,57.849998474121094,C,70.0,0.2500075,10.0,0,0.0,0.0
KGS,2026-08-21,57.849998474121094,C,72.5,0.2500075,300.0,0,0.0,0.0
KGS,2026-08-21,57.849998474121094,C,75.0,0.2500075,1.0,0,0.0,0.0
KGS,2026-08-21,57.849998474121094,C,77.5,0.2500075,1.0,0,0.0,0.0
KGS,2026-08-21,57.849998474121094,C,80.0,0.2500075,1.0,0,0.0,0.0
KGS,2026-08-21,57.849998474121094,C,85.0,0.500005,1.0,0,0.0,0.0
KGS,2026-08-21,57.849998474121094,P,55.0,0.062509375,1.0,0,0.0,0.0
KGS,2026-08-21,57.849998474121094,P,60.0,1.0000000000000003e-05,17.0,0,0.0,0.0
KGS,2026-08-21,57.849998474121094,P,62.5,1.0000000000000003e-05,10.0,0,0.0,0.0
KGS,2026-08-21,57.849998474121094,P,65.0,1.0000000000000003e-05,300.0,0,0.0,0.0
KGS,2026-08-21,57.849998474121094,P,67.5,1.0000000000000003e-05,1.0,0,0.0,0.0
KGS,2026-08-21,57.849998474121094,P,70.0,1.0000000000000003e-05,5.0,0,0.0,0.0
WD,2026-08-21,51.38999938964844,C,35.0,1.0000000000000003e-05,4.0,0,0.0,0.0
WD,2026-08-21,51.38999938964844,C,45.0,1.0000000000000003e-05,7.0,0,0.0,0.0
WD,2026-08-21,51.38999938964844,C,50.0,1.0000000000000003e-05,1.0,0,0.0,0.0
WD,2026-08-21,51.38999938964844,C,55.0,0.062509375,1.0,0,0.0,0.0
WD,2026-08-21,51.38999938964844,C,60.0,0.12500875,6.0,0,0.0,0.0
WD,2026-08-21,51.38999938964844,C,70.0,1.323733850097656,,20,0.0,2.2
WD,2026-08-21,51.38999938964844,C,75.0,0.500005,1.0,0,0.0,0.0
WD,2026-08-21,51.38999938964844,C,80.0,1.0273486132812502,3.0,5,0.0,0.2
WD,2026-08-21,51.38999938964844,P,22.5,3.1601583496093753,,1,0.0,2.2
WD,2026-08-21,51.38999938964844,P,25.0,2.8339872900390626,,1,0.0,2.25
WD,2026-08-21,51.38999938964844,P,35.0,1.75390748046875,,1,0.0,2.35
WD,2026-08-21,51.38999938964844,P,40.0,1.0732468212890627,,1,0.1,1.25
WD,2026-08-21,51.38999938964844,P,45.0,0.12500875,1.0,0,0.0,0.0
WD,2026-08-21,51.38999938964844,P,50.0,0.0312596875,8.0,0,0.0,0.0
WD,2026-08-21,51.38999938964844,P,60.0,1.0000000000000003e-05,3.0,0,0.0,0.0
WD,2026-08-21,51.38999938964844,P,75.0,1.7250990307617187,1.0,1,21.2,25.3
NTRA,2026-08-21,274.6199951171875,C,110.0,1.0000000000000003e-05,,1,138.9,143.0
NTRA,2026-08-21,274.6199951171875,C,120.0,1.0000000000000003e-05,,1,130.5,131.4
NTRA,2026-08-21,274.6199951171875,C,135.0,1.0000000000000003e-05,,0,0.0,0.0
NTRA,2026-08-21,274.6199951171875,C,140.0,1.0000000000000003e-05,1.0,0,0.0,0.0
NTRA,2026-08-21,274.6199951171875,C,145.0,1.0000000000000003e-05,1.0,1,78.2,81.6
NTRA,2026-08-21,274.6199951171875,C,150.0,1.0000000000000003e-05,3.0,0,0.0,0.0
NTRA,2026-08-21,274.6199951171875,C,160.0,1.0000000000000003e-05,1.0,0,0.0,0.0
NTRA,2026-08-21,274.6199951171875,C,165.0,1.0000000000000003e-05,1.0,181,60.4,64.0
NTRA,2026-08-21,274.6199951171875,C,170.0,1.0000000000000003e-05,10.0,10,86.0,89.4
NTRA,2026-08-21,274.6199951171875,C,175.0,1.0000000000000003e-05,1.0,0,0.0,0.0
NTRA,2026-08-21,274.6199951171875,C,180.0,1.0000000000000003e-05,,1,23.5,27.3
NTRA,2026-08-21,274.6199951171875,C,185.0,1.0000000000000003e-05,5.0,0,0.0,0.0
NTRA,2026-08-21,274.6199951171875,C,190.0,1.0000000000000003e-05,,2,35.1,38.9
NTRA,2026-08-21,274.6199951171875,C,195.0,1.0000000000000003e-05,3.0,7,70.1,74.1
NTRA,2026-08-21,274.6199951171875,C,200.0,1.0000000000000003e-05,1.0,0,0.0,0.0
NTRA,2026-08-21,274.6199951171875,C,210.0,1.0000000000000003e-05,2.0,0,0.0,0.0
NTRA,2026-08-21,274.6199951171875,C,220.0,1.0000000000000003e-05,2.0,0,0.0,0.0
NTRA,2026-08-21,274.6199951171875,C,230.0,1.0000000000000003e-05,1.0,0,0.0,0.0
NTRA,2026-08-21,274.6199951171875,C,240.0,1.0000000000000003e-05,8.0,0,0.0,0.0
NTRA,2026-08-21,274.6199951171875,C,250.0,1.0000000000000003e-05,1.0,0,0.0,0.0
NTRA,2026-08-21,274.6199951171875,C,260.0,1.0000000000000003e-05,174.0,0,0.0,0.0
NTRA,2026-08-21,274.6199951171875,C,270.0,1.0000000000000003e-05,1.0,0,0.0,0.0
NTRA,2026-08-21,274.6199951171875,C,280.0,0.0312596875,1.0,0,0.0,0.0
NTRA,2026-08-21,274.6199951171875,C,290.0,0.062509375,3.0,0,0.0,0.0
NTRA,2026-08-21,274.6199951171875,C,300.0,0.12500875,2.0,0,0.0,0.0
NTRA,2026-08-21,274.6199951171875,C,310.0,0.12500875,241.0,0,0.0,0.0
NTRA,2026-08-21,274.6199951171875,C,320.0,0.12500875,13.0,0,0.0,0.0
NTRA,2026-08-21,274.6199951171875,C,330.0,0.2500075,16.0,0,0.0,0.0
NTRA,2026-08-21,274.6199951171875,C,340.0,0.2500075,1.0,0,0.0,0.0
NTRA,2026-08-21,274.6199951171875,C,350.0,0.2500075,1.0,0,0.0,0.0
NTRA,2026-08-21,274.6199951171875,C,360.0,0.2500075,5.0,0,0.0,0.0
NTRA,2026-08-21,274.6199951171875,C,370.0,0.2500075,5.0,0,0.0,0.0
NTRA,2026-08-21,274.6199951171875,C,380.0,0.2500075,1.0,0,0.0,0.0
NTRA,2026-08-21,274.6199951171875,C,390.0,0.2500075,2.0,0,0.0,0.0
NTRA,2026-08-21,274.6199951171875,P,110.0,2.6459994787597663,5.0,5,0.35,3.5
NTRA,2026-08-21,274.6199951171875,P,120.0,2.1904342114257807,,1,0.0,2.3
NTRA,2026-08-21,274.6199951171875,P,130.0,2.038579122314453,,5,0.0,2.55
NTRA,2026-08-21,274.6199951171875,P,135.0,1.9755860595703125,1.0,1,0.0,2.75
NTRA,2026-08-21,274.6199951171875,P,150.0,2.226322793579101,4.0,3,2.7,5.8
NTRA,2026-08-21,274.6199951171875,P,155.0,0.500005,1.0,0,0.0,0.0
NTRA,2026-08-21,274.6199951171875,P,160.0,0.500005,10.0,0,0.0,0.0
NTRA,2026-08-21,274.6199951171875,P,165.0,0.500005,100.0,0,0.0,0.0
NTRA,2026-08-21,274.6199951171875,P,170.0,0.500005,2.0,0,0.0,0.0
NTRA,2026-08-21,274.6199951171875,P,175.0,0.500005,100.0,0,0.0,0.0
NTRA,2026-08-21,274.6199951171875,P,180.0,0.500005,1.0,0,0.0,0.0
NTRA,2026-08-21,274.6199951171875,P,185.0,0.500005,6.0,0,0.0,0.0
NTRA,2026-08-21,274.6199951171875,P,190.0,0.2500075,100.0,0,0.0,0.0
NTRA,2026-08-21,274.6199951171875,P,195.0,0.2500075,5.0,0,0.0,0.0
NTRA,2026-08-21,274.6199951171875,P,200.0,0.2500075,1.0,0,0.0,0.0
NTRA,2026-08-21,274.6199951171875,P,210.0,0.2500075,5.0,0,0.0,0.0
NTRA,2026-08-21,274.6199951171875,P,220.0,0.2500075,5.0,0,0.0,0.0
NTRA,2026-08-21,274.6199951171875,P,230.0,0.12500875,3.0,0,0.0,0.0
NTRA,2026-08-21,274.6199951171875,P,240.0,0.12500875,2.0,0,0.0,0.0
NTRA,2026-08-21,274.6199951171875,P,250.0,0.12500875,5.0,0,0.0,0.0
NTRA,2026-08-21,274.6199951171875,P,260.0,0.062509375,240.0,0,0.0,0.0
NTRA,2026-08-21,274.6199951171875,P,270.0,0.015634843750000002,1.0,0,0.0,0.0
NTRA,2026-08-21,274.6199951171875,P,280.0,1.0000000000000003e-05,35.0,0,0.0,0.0
NTRA,2026-08-21,274.6199951171875,P,290.0,1.0000000000000003e-05,1.0,0,0.0,0.0
NTRA,2026-08-21,274.6199951171875,P,300.0,1.0000000000000003e-05,5.0,0,0.0,0.0
NTRA,2026-08-21,274.6199951171875,P,310.0,1.0000000000000003e-05,1.0,0,0.0,0.0
NTRA,2026-08-21,274.6199951171875,P,320.0,1.0000000000000003e-05,,0,0.0,0.0
NTRA,2026-08-21,274.6199951171875,P,330.0,1.0000000000000003e-05,2.0,0,0.0,0.0
NTRA,2026-08-21,274.6199951171875,P,350.0,3.7164313729858396,,0,134.5,138.6
NTRA,2026-08-21,274.6199951171875,P,360.0,1.0000000000000003e-05,1.0,0,0.0,0.0
NTRA,2026-08-21,274.6199951171875,P,380.0,1.0000000000000003e-05,,0,0.0,0.0
NTRA,2026-08-21,274.6199951171875,P,390.0,1.0000000000000003e-05,,0,0.0,0.0
NTRA,2026-08-21,274.6199951171875,P,400.0,1.0000000000000003e-05,,0,0.0,0.0
NTRA,2026-08-21,274.6199951171875,P,410.0,1.0000000000000003e-05,,0,0.0,0.0
NTRA,2026-08-21,274.6199951171875,P,420.0,1.0000000000000003e-05,,0,0.0,0.0
AHR,2026-08-21,55.5,C,40.0,1.0000000000000003e-05,1,0,0.0,0.0
AHR,2026-08-21,55.5,C,50.0,1.0000000000000003e-05,1,0,0.0,0.0
AHR,2026-08-21,55.5,C,55.0,1.0000000000000003e-05,1,0,0.0,0.0
AHR,2026-08-21,55.5,C,60.0,0.12500875,1,0,0.0,0.0
AHR,2026-08-21,55.5,C,70.0,0.2500075,1,0,0.0,0.0
AHR,2026-08-21,55.5,P,50.0,0.12500875,1,0,0.0,0.0
AHR,2026-08-21,55.5,P,55.0,0.015634843750000002,2,0,0.0,0.0
AHR,2026-08-21,55.5,P,60.0,1.0000000000000003e-05,220,0,0.0,0.0
DCTH,2026-08-21,12.630000114440918,C,5.0,1.0000000000000003e-05,5,0,0.0,0.0
DCTH,2026-08-21,12.630000114440918,C,7.5,1.0000000000000003e-05,10,0,0.0,0.0
DCTH,2026-08-21,12.630000114440918,C,10.0,1.0000000000000003e-05,31,0,0.0,0.0
DCTH,2026-08-21,12.630000114440918,C,12.5,1.0000000000000003e-05,1,0,0.0,0.0
DCTH,2026-08-21,12.630000114440918,C,15.0,0.2500075,10,0,0.0,0.0
DCTH,2026-08-21,12.630000114440918,C,17.5,0.500005,4,0,0.0,0.0
DCTH,2026-08-21,12.630000114440918,C,20.0,0.500005,1000,0,0.0,0.0
DCTH,2026-08-21,12.630000114440918,P,5.0,0.500005,1,0,0.0,0.0
DCTH,2026-08-21,12.630000114440918,P,7.5,0.500005,3,0,0.0,0.0
DCTH,2026-08-21,12.630000114440918,P,10.0,0.2500075,7,0,0.0,0.0
DCTH,2026-08-21,12.630000114440918,P,12.5,0.015634843750000002,1,0,0.0,0.0
INSM,2026-08-21,99.0199966430664,C,55.0,1.0000000000000003e-05,,1,38.2,42.2
INSM,2026-08-21,99.0199966430664,C,75.0,0.8457046679687499,4.0,0,21.9,24.4
INSM,2026-08-21,99.0199966430664,C,80.0,1.0000000000000003e-05,10.0,0,0.0,0.0
INSM,2026-08-21,99.0199966430664,C,85.0,1.0000000000000003e-05,1.0,0,0.0,0.0
INSM,2026-08-21,99.0199966430664,C,90.0,1.0000000000000003e-05,2.0,0,0.0,0.0
INSM,2026-08-21,99.0199966430664,C,92.5,1.7736827722167967,1.0,4,15.8,19.4
INSM,2026-08-21,99.0199966430664,C,95.0,1.0000000000000003e-05,1.0,0,0.0,0.0
INSM,2026-08-21,99.0199966430664,C,97.5,1.0000000000000003e-05,1.0,0,0.0,0.0
INSM,2026-08-21,99.0199966430664,C,100.0,0.015634843750000002,75.0,0,0.0,0.0
INSM,2026-08-21,99.0199966430664,C,105.0,0.062509375,138.0,0,0.0,0.0
INSM,2026-08-21,99.0199966430664,C,110.0,0.12500875,680.0,0,0.0,0.0
INSM,2026-08-21,99.0199966430664,C,115.0,0.12500875,190.0,0,0.0,0.0
INSM,2026-08-21,99.0199966430664,C,120.0,0.2500075,15.0,0,0.0,0.0
INSM,2026-08-21,99.0199966430664,C,125.0,0.2500075,3.0,0,0.0,0.0
INSM,2026-08-21,99.0199966430664,C,130.0,0.2500075,100.0,0,0.0,0.0
INSM,2026-08-21,99.0199966430664,C,135.0,0.2500075,75.0,0,0.0,0.0
INSM,2026-08-21,99.0199966430664,C,140.0,0.2500075,2.0,0,0.0,0.0
INSM,2026-08-21,99.0199966430664,C,145.0,0.500005,2.0,0,0.0,0.0
INSM,2026-08-21,99.0199966430664,C,150.0,0.500005,2.0,0,0.0,0.0
INSM,2026-08-21,99.0199966430664,C,155.0,0.500005,3.0,0,0.0,0.0
INSM,2026-08-21,99.0199966430664,C,160.0,0.500005,1.0,0,0.0,0.0
INSM,2026-08-21,99.0199966430664,C,165.0,0.500005,1.0,0,0.0,0.0
INSM,2026-08-21,99.0199966430664,C,170.0,0.500005,1.0,0,0.0,0.0
INSM,2026-08-21,99.0199966430664,C,175.0,1.7397473950195312,2.0,24,0.0,2.4
INSM,2026-08-21,99.0199966430664,C,180.0,1.7778331420898437,6.0,79,0.0,2.25
INSM,2026-08-21,99.0199966430664,C,185.0,0.500005,1.0,0,0.0,0.0
INSM,2026-08-21,99.0199966430664,C,190.0,1.927734736328125,3.0,21,0.0,2.45
INSM,2026-08-21,99.0199966430664,C,195.0,1.9838867993164064,2.0,162,0.0,2.45
INSM,2026-08-21,99.0199966430664,C,200.0,1.994140654296875,7.0,53,0.0,2.2
INSM,2026-08-21,99.0199966430664,C,210.0,0.500005,1.0,0,0.0,0.0
INSM,2026-08-21,99.0199966430664,C,220.0,2.1718795703125,1.0,21,0.0,2.1
INSM,2026-08-21,99.0199966430664,C,230.0,2.2714886962890626,2.0,17,0.0,2.15
INSM,2026-08-21,99.0199966430664,C,240.0,2.3857462231445306,2.0,14,0.0,2.3
INSM,2026-08-21,99.0199966430664,C,250.0,2.5415075524902337,100.0,101,0.0,2.7
INSM,2026-08-21,99.0199966430664,C,260.0,0.500005,6.0,0,0.0,0.0
INSM,2026-08-21,99.0199966430664,C,270.0,0.500005,4.0,0,0.0,0.0
INSM,2026-08-21,99.0199966430664,C,280.0,0.500005,,0,0.0,0.0
INSM,2026-08-21,99.0199966430664,C,290.0,0.500005,,0,0.0,0.0
INSM,2026-08-21,99.0199966430664,C,300.0,0.500005,1.0,0,0.0,0.0
INSM,2026-08-21,99.0199966430664,P,75.0,0.2500075,1.0,0,0.0,0.0
INSM,2026-08-21,99.0199966430664,P,80.0,0.2500075,1134.0,0,0.0,0.0
INSM,2026-08-21,99.0199966430664,P,85.0,0.12500875,94.0,0,0.0,0.0
INSM,2026-08-21,99.0199966430664,P,87.5,0.12500875,1.0,0,0.0,0.0
INSM,2026-08-21,99.0199966430664,P,90.0,0.12500875,1135.0,0,0.0,0.0
INSM,2026-08-21,99.0199966430664,P,92.5,0.062509375,16.0,0,0.0,0.0
INSM,2026-08-21,99.0199966430664,P,95.0,0.062509375,2000.0,0,0.0,0.0
INSM,2026-08-21,99.0199966430664,P,97.5,0.015634843750000002,2.0,0,0.0,0.0
INSM,2026-08-21,99.0199966430664,P,100.0,1.0000000000000003e-05,134.0,0,0.0,0.0
INSM,2026-08-21,99.0199966430664,P,105.0,1.0000000000000003e-05,120.0,0,0.0,0.0
INSM,2026-08-21,99.0199966430664,P,110.0,1.0000000000000003e-05,3.0,0,0.0,0.0
INSM,2026-08-21,99.0199966430664,P,115.0,1.0000000000000003e-05,2.0,0,0.0,0.0
INSM,2026-08-21,99.0199966430664,P,120.0,1.0000000000000003e-05,1.0,0,0.0,0.0
INSM,2026-08-21,99.0199966430664,P,125.0,1.7895518334960938,2.0,204,31.2,34.2
INSM,2026-08-21,99.0199966430664,P,130.0,1.0000000000000003e-05,1.0,0,0.0,0.0
INSM,2026-08-21,99.0199966430664,P,135.0,1.0000000000000003e-05,1.0,0,0.0,0.0
INSM,2026-08-21,99.0199966430664,P,140.0,1.0000000000000003e-05,1.0,0,0.0,0.0
INSM,2026-08-21,99.0199966430664,P,145.0,1.0000000000000003e-05,5.0,0,0.0,0.0
INSM,2026-08-21,99.0199966430664,P,150.0,1.0000000000000003e-05,100.0,92,39.0,42.8
INSM,2026-08-21,99.0199966430664,P,155.0,1.0000000000000003e-05,150.0,125,43.8,47.6
INSM,2026-08-21,99.0199966430664,P,160.0,1.0000000000000003e-05,,0,48.6,52.4
INSM,2026-08-21,99.0199966430664,P,165.0,1.0000000000000003e-05,2.0,0,0.0,0.0
INSM,2026-08-21,99.0199966430664,P,170.0,1.0000000000000003e-05,200.0,201,59.5,62.6
INSM,2026-08-21,99.0199966430664,P,175.0,1.0000000000000003e-05,1.0,5,40.2,43.9
INSM,2026-08-21,99.0199966430664,P,180.0,2.545413792724609,5.0,0,83.5,87.6
INSM,2026-08-21,99.0199966430664,P,185.0,1.0000000000000003e-05,2.0,0,0.0,0.0
INSM,2026-08-21,99.0199966430664,P,190.0,1.0000000000000003e-05,1.0,0,0.0,0.0
INSM,2026-08-21,99.0199966430664,P,195.0,2.7758819665527343,3.0,0,98.6,102.8
INSM,2026-08-21,99.0199966430664,P,200.0,2.839114230346679,3.0,0,103.6,107.8
SBET,2026-08-07,6.360000133514404,C,0.5,1.0000000000000003e-05,16.0,0,0.0,0.0
SBET,2026-08-07,6.360000133514404,C,1.0,1.0000000000000003e-05,30.0,0,0.0,0.0
SBET,2026-08-07,6.360000133514404,C,2.0,1.0000000000000003e-05,4.0,0,0.0,0.0
SBET,2026-08-07,6.360000133514404,C,2.5,1.0000000000000003e-05,2.0,0,0.0,0.0
SBET,2026-08-07,6.360000133514404,C,3.5,1.0000000000000003e-05,3.0,0,0.0,0.0
SBET,2026-08-07,6.360000133514404,C,4.0,1.0000000000000003e-05,17.0,0,0.0,0.0
SBET,2026-08-07,6.360000133514404,C,4.5,1.0000000000000003e-05,5.0,0,0.0,0.0
SBET,2026-08-07,6.360000133514404,C,5.0,1.0000000000000003e-05,1.0,0,0.0,0.0
SBET,2026-08-07,6.360000133514404,C,5.5,1.0000000000000003e-05,1.0,0,0.0,0.0
SBET,2026-08-07,6.360000133514404,C,6.0,1.0000000000000003e-05,19.0,0,0.0,0.0
SBET,2026-08-07,6.360000133514404,C,6.5,0.12500875,531.0,0,0.0,0.0
SBET,2026-08-07,6.360000133514404,C,7.0,0.500005,219.0,0,0.0,0.0
SBET,2026-08-07,6.360000133514404,C,7.5,0.500005,28.0,0,0.0,0.0
SBET,2026-08-07,6.360000133514404,C,8.0,0.500005,2.0,0,0.0,0.0
SBET,2026-08-07,6.360000133514404,C,8.5,0.500005,2.0,0,0.0,0.0
SBET,2026-08-07,6.360000133514404,C,9.0,0.500005,61.0,0,0.0,0.0
SBET,2026-08-07,6.360000133514404,C,9.5,0.500005,367.0,0,0.0,0.0
SBET,2026-08-07,6.360000133514404,C,10.0,0.500005,25.0,0,0.0,0.0
SBET,2026-08-07,6.360000133514404,C,10.5,0.500005,21.0,0,0.0,0.0
SBET,2026-08-07,6.360000133514404,C,11.0,0.500005,1.0,0,0.0,0.0
SBET,2026-08-07,6.360000133514404,P,3.0,0.500005,,0,0.0,0.0
SBET,2026-08-07,6.360000133514404,P,3.5,1.000005,10.0,0,0.0,0.0
SBET,2026-08-07,6.360000133514404,P,4.0,0.500005,322.0,0,0.0,0.0
SBET,2026-08-07,6.360000133514404,P,4.5,0.500005,35.0,0,0.0,0.0
SBET,2026-08-07,6.360000133514404,P,5.0,0.500005,1.0,0,0.0,0.0
SBET,2026-08-07,6.360000133514404,P,5.5,0.500005,4.0,0,0.0,0.0
SBET,2026-08-07,6.360000133514404,P,6.0,0.2500075,16.0,0,0.0,0.0
SBET,2026-08-07,6.360000133514404,P,6.5,1.0000000000000003e-05,4.0,0,0.0,0.0
SBET,2026-08-07,6.360000133514404,P,7.0,1.0000000000000003e-05,1.0,0,0.0,0.0
SBET,2026-08-07,6.360000133514404,P,7.5,1.0000000000000003e-05,1.0,0,0.0,0.0
SBET,2026-08-07,6.360000133514404,P,8.0,1.0000000000000003e-05,12.0,0,0.0,0.0
SBET,2026-08-07,6.360000133514404,P,8.5,1.0000000000000003e-05,4.0,0,0.0,0.0
SBET,2026-08-07,6.360000133514404,P,9.5,1.0000000000000003e-05,5.0,0,0.0,0.0
SBET,2026-08-07,6.360000133514404,P,10.0,1.0000000000000003e-05,8.0,0,0.0,0.0
SBET,2026-08-07,6.360000133514404,P,10.5,1.0000000000000003e-05,16.0,0,0.0,0.0
SBET,2026-08-07,6.360000133514404,P,11.0,1.0000000000000003e-05,7.0,0,0.0,0.0
NET,2026-08-07,292.9599914550781,C,130.0,1.0000000000000003e-05,3.0,0,0.0,0.0
NET,2026-08-07,292.9599914550781,C,135.0,1.0000000000000003e-05,2.0,0,0.0,0.0
NET,2026-08-07,292.9599914550781,C,140.0,1.0000000000000003e-05,2.0,0,0.0,0.0
NET,2026-08-07,292.9599914550781,C,145.0,1.0000000000000003e-05,1.0,0,0.0,0.0
NET,2026-08-07,292.9599914550781,C,150.0,1.0000000000000003e-05,3.0,0,0.0,0.0
NET,2026-08-07,292.9599914550781,C,155.0,1.0000000000000003e-05,1.0,0,0.0,0.0
NET,2026-08-07,292.9599914550781,C,160.0,1.0000000000000003e-05,3.0,0,0.0,0.0
NET,2026-08-07,292.9599914550781,C,165.0,1.0000000000000003e-05,1.0,0,0.0,0.0
NET,2026-08-07,292.9599914550781,C,170.0,1.0000000000000003e-05,,0,0.0,0.0
NET,2026-08-07,292.9599914550781,C,175.0,1.0000000000000003e-05,1.0,0,0.0,0.0
NET,2026-08-07,292.9599914550781,C,180.0,1.0000000000000003e-05,2.0,0,0.0,0.0
NET,2026-08-07,292.9599914550781,C,185.0,1.0000000000000003e-05,1.0,0,0.0,0.0
NET,2026-08-07,292.9599914550781,C,190.0,1.0000000000000003e-05,,0,0.0,0.0
NET,2026-08-07,292.9599914550781,C,195.0,1.0000000000000003e-05,1.0,0,0.0,0.0
NET,2026-08-07,292.9599914550781,C,200.0,1.0000000000000003e-05,2.0,0,0.0,0.0
NET,2026-08-07,292.9599914550781,C,202.5,1.0000000000000003e-05,,0,0.0,0.0
NET,2026-08-07,292.9599914550781,C,205.0,1.0000000000000003e-05,1.0,0,0.0,0.0
NET,2026-08-07,292.9599914550781,C,207.5,1.0000000000000003e-05,1.0,0,0.0,0.0
NET,2026-08-07,292.9599914550781,C,210.0,1.0000000000000003e-05,2.0,0,0.0,0.0
NET,2026-08-07,292.9599914550781,C,215.0,1.0000000000000003e-05,16.0,0,0.0,0.0
NET,2026-08-07,292.9599914550781,C,220.0,1.0000000000000003e-05,1.0,0,0.0,0.0
NET,2026-08-07,292.9599914550781,C,225.0,1.0000000000000003e-05,4.0,0,0.0,0.0
NET,2026-08-07,292.9599914550781,C,227.5,1.0000000000000003e-05,,0,0.0,0.0
NET,2026-08-07,292.9599914550781,C,230.0,1.0000000000000003e-05,2.0,0,0.0,0.0
NET,2026-08-07,292.9599914550781,C,235.0,1.0000000000000003e-05,1.0,0,0.0,0.0
NET,2026-08-07,292.9599914550781,C,240.0,1.0000000000000003e-05,2.0,0,0.0,0.0
NET,2026-08-07,292.9599914550781,C,242.5,1.0000000000000003e-05,5.0,0,0.0,0.0
NET,2026-08-07,292.9599914550781,C,245.0,1.0000000000000003e-05,2.0,0,0.0,0.0
NET,2026-08-07,292.9599914550781,C,247.5,1.0000000000000003e-05,10.0,0,0.0,0.0
NET,2026-08-07,292.9599914550781,C,250.0,1.0000000000000003e-05,3.0,0,0.0,0.0
NET,2026-08-07,292.9599914550781,C,252.5,1.0000000000000003e-05,3.0,0,0.0,0.0
NET,2026-08-07,292.9599914550781,C,255.0,1.0000000000000003e-05,6.0,0,0.0,0.0
NET,2026-08-07,292.9599914550781,C,257.5,1.0000000000000003e-05,4.0,0,0.0,0.0
NET,2026-08-07,292.9599914550781,C,260.0,1.0000000000000003e-05,19.0,0,0.0,0.0
NET,2026-08-07,292.9599914550781,C,262.5,1.0000000000000003e-05,1.0,0,0.0,0.0
NET,2026-08-07,292.9599914550781,C,265.0,1.0000000000000003e-05,6.0,0,0.0,0.0
NET,2026-08-07,292.9599914550781,C,267.5,1.0000000000000003e-05,2.0,0,0.0,0.0
NET,2026-08-07,292.9599914550781,C,270.0,1.0000000000000003e-05,1.0,0,0.0,0.0
NET,2026-08-07,292.9599914550781,C,272.5,1.0000000000000003e-05,1.0,0,0.0,0.0
NET,2026-08-07,292.9599914550781,C,275.0,1.0000000000000003e-05,9.0,0,0.0,0.0
NET,2026-08-07,292.9599914550781,C,277.5,1.0000000000000003e-05,1.0,0,0.0,0.0
NET,2026-08-07,292.9599914550781,C,280.0,1.0000000000000003e-05,18.0,0,0.0,0.0
NET,2026-08-07,292.9599914550781,C,282.5,1.0000000000000003e-05,10.0,0,0.0,0.0
NET,2026-08-07,292.9599914550781,C,285.0,1.0000000000000003e-05,3.0,0,0.0,0.0
NET,2026-08-07,292.9599914550781,C,287.5,1.0000000000000003e-05,1.0,0,0.0,0.0
NET,2026-08-07,292.9599914550781,C,290.0,1.0000000000000003e-05,66.0,0,0.0,0.0
NET,2026-08-07,292.9599914550781,C,292.5,1.0000000000000003e-05,3.0,0,0.0,0.0
NET,2026-08-07,292.9599914550781,C,295.0,0.0312596875,45.0,0,0.0,0.0
NET,2026-08-07,292.9599914550781,C,297.5,0.062509375,10.0,0,0.0,0.0
NET,2026-08-07,292.9599914550781,C,300.0,0.062509375,40.0,0,0.0,0.0
NET,2026-08-07,292.9599914550781,C,302.5,0.12500875,9.0,0,0.0,0.0
NET,2026-08-07,292.9599914550781,C,305.0,0.12500875,20.0,0,0.0,0.0
NET,2026-08-07,292.9599914550781,C,307.5,0.12500875,50.0,0,0.0,0.0
NET,2026-08-07,292.9599914550781,C,310.0,0.12500875,118.0,0,0.0,0.0
NET,2026-08-07,292.9599914550781,C,312.5,0.2500075,1.0,0,0.0,0.0
NET,2026-08-07,292.9599914550781,C,315.0,0.2500075,501.0,0,0.0,0.0
NET,2026-08-07,292.9599914550781,C,317.5,0.2500075,8.0,0,0.0,0.0
NET,2026-08-07,292.9599914550781,C,320.0,0.2500075,158.0,0,0.0,0.0
NET,2026-08-07,292.9599914550781,C,322.5,0.2500075,1.0,0,0.0,0.0
NET,2026-08-07,292.9599914550781,C,325.0,0.2500075,21.0,0,0.0,0.0
NET,2026-08-07,292.9599914550781,C,330.0,0.2500075,136.0,0,0.0,0.0
NET,2026-08-07,292.9599914550781,C,335.0,0.500005,157.0,0,0.0,0.0
NET,2026-08-07,292.9599914550781,C,340.0,0.500005,90.0,0,0.0,0.0
NET,2026-08-07,292.9599914550781,C,342.5,0.500005,2.0,0,0.0,0.0
NET,2026-08-07,292.9599914550781,C,345.0,0.500005,6.0,0,0.0,0.0
NET,2026-08-07,292.9599914550781,C,347.5,0.500005,2.0,0,0.0,0.0
NET,2026-08-07,292.9599914550781,C,350.0,0.500005,28.0,0,0.0,0.0
NET,2026-08-07,292.9599914550781,C,352.5,0.500005,4.0,0,0.0,0.0
NET,2026-08-07,292.9599914550781,C,357.5,0.500005,2.0,0,0.0,0.0
NET,2026-08-07,292.9599914550781,C,360.0,0.500005,30.0,0,0.0,0.0
NET,2026-08-07,292.9599914550781,C,370.0,0.500005,103.0,0,0.0,0.0
NET,2026-08-07,292.9599914550781,P,130.0,0.500005,2.0,0,0.0,0.0
NET,2026-08-07,292.9599914550781,P,135.0,0.500005,1.0,0,0.0,0.0
NET,2026-08-07,292.9599914550781,P,140.0,0.500005,14.0,0,0.0,0.0
NET,2026-08-07,292.9599914550781,P,145.0,0.500005,1.0,0,0.0,0.0
NET,2026-08-07,292.9599914550781,P,150.0,0.500005,2.0,0,0.0,0.0
NET,2026-08-07,292.9599914550781,P,155.0,0.500005,3.0,0,0.0,0.0
NET,2026-08-07,292.9599914550781,P,160.0,0.500005,1.0,0,0.0,0.0
NET,2026-08-07,292.9599914550781,P,165.0,0.500005,5.0,0,0.0,0.0
NET,2026-08-07,292.9599914550781,P,170.0,0.500005,9.0,0,0.0,0.0
NET,2026-08-07,292.9599914550781,P,175.0,0.500005,10.0,0,0.0,0.0
NET,2026-08-07,292.9599914550781,P,180.0,0.500005,26.0,0,0.0,0.0
NET,2026-08-07,292.9599914550781,P,185.0,0.500005,11.0,0,0.0,0.0
NET,2026-08-07,292.9599914550781,P,190.0,0.500005,1.0,0,0.0,0.0
NET,2026-08-07,292.9599914550781,P,195.0,0.500005,11.0,0,0.0,0.0
NET,2026-08-07,292.9599914550781,P,200.0,0.500005,6.0,0,0.0,0.0
NET,2026-08-07,292.9599914550781,P,205.0,0.500005,1.0,0,0.0,0.0
NET,2026-08-07,292.9599914550781,P,207.5,0.500005,1.0,0,0.0,0.0
NET,2026-08-07,292.9599914550781,P,210.0,0.500005,454.0,0,0.0,0.0
NET,2026-08-07,292.9599914550781,P,212.5,0.500005,460.0,0,0.0,0.0
NET,2026-08-07,292.9599914550781,P,215.0,0.500005,1.0,0,0.0,0.0
NET,2026-08-07,292.9599914550781,P,217.5,0.500005,3.0,0,0.0,0.0
NET,2026-08-07,292.9599914550781,P,220.0,0.500005,1103.0,0,0.0,0.0
NET,2026-08-07,292.9599914550781,P,225.0,0.500005,27.0,0,0.0,0.0
NET,2026-08-07,292.9599914550781,P,230.0,0.500005,141.0,0,0.0,0.0
NET,2026-08-07,292.9599914550781,P,232.5,0.500005,20.0,0,0.0,0.0
NET,2026-08-07,292.9599914550781,P,235.0,0.500005,800.0,0,0.0,0.0
NET,2026-08-07,292.9599914550781,P,240.0,0.500005,48.0,0,0.0,0.0
NET,2026-08-07,292.9599914550781,P,242.5,0.500005,6.0,0,0.0,0.0
NET,2026-08-07,292.9599914550781,P,245.0,0.500005,38.0,0,0.0,0.0
NET,2026-08-07,292.9599914550781,P,247.5,0.500005,2.0,0,0.0,0.0
NET,2026-08-07,292.9599914550781,P,250.0,0.500005,918.0,0,0.0,0.0
NET,2026-08-07,292.9599914550781,P,252.5,0.500005,14.0,0,0.0,0.0
NET,2026-08-07,292.9599914550781,P,255.0,0.500005,24.0,0,0.0,0.0
NET,2026-08-07,292.9599914550781,P,257.5,0.500005,16.0,0,0.0,0.0
NET,2026-08-07,292.9599914550781,P,260.0,0.2500075,72.0,0,0.0,0.0
NET,2026-08-07,292.9599914550781,P,262.5,0.2500075,1.0,0,0.0,0.0
NET,2026-08-07,292.9599914550781,P,265.0,0.2500075,47.0,0,0.0,0.0
NET,2026-08-07,292.9599914550781,P,267.5,0.2500075,22.0,0,0.0,0.0
NET,2026-08-07,292.9599914550781,P,270.0,0.2500075,83.0,0,0.0,0.0
NET,2026-08-07,292.9599914550781,P,272.5,0.2500075,4.0,0,0.0,0.0
NET,2026-08-07,292.9599914550781,P,275.0,0.2500075,512.0,0,0.0,0.0
NET,2026-08-07,292.9599914550781,P,277.5,0.12500875,3.0,0,0.0,0.0
NET,2026-08-07,292.9599914550781,P,280.0,0.12500875,19.0,0,0.0,0.0
NET,2026-08-07,292.9599914550781,P,282.5,0.12500875,10.0,0,0.0,0.0
NET,2026-08-07,292.9599914550781,P,285.0,0.062509375,150.0,0,0.0,0.0
NET,2026-08-07,292.9599914550781,P,290.0,0.0312596875,22.0,0,0.0,0.0
NET,2026-08-07,292.9599914550781,P,292.5,0.007822421875,9.0,0,0.0,0.0
NET,2026-08-07,292.9599914550781,P,295.0,1.0000000000000003e-05,162.0,0,0.0,0.0
NET,2026-08-07,292.9599914550781,P,297.5,1.0000000000000003e-05,42.0,0,0.0,0.0
NET,2026-08-07,292.9599914550781,P,300.0,1.0000000000000003e-05,5.0,0,0.0,0.0
NET,2026-08-07,292.9599914550781,P,302.5,1.0000000000000003e-05,3.0,0,0.0,0.0
NET,2026-08-07,292.9599914550781,P,315.0,1.0000000000000003e-05,,0,0.0,0.0
NET,2026-08-07,292.9599914550781,P,320.0,1.0000000000000003e-05,1.0,0,0.0,0.0
NET,2026-08-07,292.9599914550781,P,322.5,1.0000000000000003e-05,,0,0.0,0.0
NET,2026-08-07,292.9599914550781,P,325.0,1.0000000000000003e-05,,0,0.0,0.0
NET,2026-08-07,292.9599914550781,P,327.5,1.0000000000000003e-05,,0,0.0,0.0
NET,2026-08-07,292.9599914550781,P,330.0,1.0000000000000003e-05,16.0,0,0.0,0.0
NET,2026-08-07,292.9599914550781,P,335.0,1.0000000000000003e-05,1.0,0,0.0,0.0
NET,2026-08-07,292.9599914550781,P,340.0,1.0000000000000003e-05,1.0,0,0.0,0.0
NET,2026-08-07,292.9599914550781,P,345.0,1.0000000000000003e-05,9.0,0,0.0,0.0
NET,2026-08-07,292.9599914550781,P,350.0,1.0000000000000003e-05,1.0,0,0.0,0.0
NET,2026-08-07,292.9599914550781,P,352.5,1.0000000000000003e-05,,0,0.0,0.0
NET,2026-08-07,292.9599914550781,P,355.0,1.0000000000000003e-05,,0,0.0,0.0
NET,2026-08-07,292.9599914550781,P,357.5,1.0000000000000003e-05,1.0,0,0.0,0.0
NET,2026-08-07,292.9599914550781,P,360.0,1.0000000000000003e-05,1.0,0,0.0,0.0
RR,2026-08-07,1.5499999523162842,C,0.5,1.0000000000000003e-05,11,0,0.0,0.0
RR,2026-08-07,1.5499999523162842,C,1.0,1.0000000000000003e-05,7,0,0.0,0.0
RR,2026-08-07,1.5499999523162842,C,1.5,1.0000000000000003e-05,64,0,0.0,0.0
RR,2026-08-07,1.5499999523162842,C,2.0,0.500005,68,0,0.0,0.0
RR,2026-08-07,1.5499999523162842,C,2.5,0.500005,3,0,0.0,0.0
RR,2026-08-07,1.5499999523162842,C,3.0,0.500005,2,0,0.0,0.0
RR,2026-08-07,1.5499999523162842,C,3.5,0.500005,1,0,0.0,0.0
RR,2026-08-07,1.5499999523162842,C,4.0,0.500005,13,0,0.0,0.0
RR,2026-08-07,1.5499999523162842,P,0.5,0.500005,5,0,0.0,0.0
RR,2026-08-07,1.5499999523162842,P,1.0,0.500005,9,0,0.0,0.0
RR,2026-08-07,1.5499999523162842,P,1.5,0.2500075,114,0,0.0,0.0
RR,2026-08-07,1.5499999523162842,P,2.0,1.0000000000000003e-05,15,0,0.0,0.0
RR,2026-08-07,1.5499999523162842,P,2.5,1.0000000000000003e-05,20,0,0.0,0.0
RR,2026-08-07,1.5499999523162842,P,3.0,1.0000000000000003e-05,6,0,0.0,0.0
FIRY,2026-08-21,9.880000114440918,C,1.0,1.0000000000000003e-05,,0.0,0.0,0.0
FIRY,2026-08-21,9.880000114440918,C,2.0,1.0000000000000003e-05,2.0,0.0,0.0,0.0
FIRY,2026-08-21,9.880000114440918,C,3.0,1.0000000000000003e-05,,17.0,4.8,6.0
FIRY,2026-08-21,9.880000114440918,C,4.0,1.0000000000000003e-05,34.0,0.0,0.0,0.0
FIRY,2026-08-21,9.880000114440918,C,5.0,1.0000000000000003e-05,10.0,0.0,0.0,0.0
FIRY,2026-08-21,9.880000114440918,C,6.0,1.0000000000000003e-05,5.0,0.0,0.0,0.0
FIRY,2026-08-21,9.880000114440918,C,7.0,1.0000000000000003e-05,1.0,0.0,0.0,0.0
FIRY,2026-08-21,9.880000114440918,C,8.0,1.0000000000000003e-05,1.0,0.0,0.0,0.0
FIRY,2026-08-21,9.880000114440918,C,9.0,1.0000000000000003e-05,1.0,0.0,0.0,0.0
FIRY,2026-08-21,9.880000114440918,C,10.0,0.0312596875,9.0,0.0,0.0,0.0
FIRY,2026-08-21,9.880000114440918,C,11.0,0.12500875,61.0,0.0,0.0,0.0
FIRY,2026-08-21,9.880000114440918,C,12.0,0.2500075,4.0,0.0,0.0,0.0
FIRY,2026-08-21,9.880000114440918,C,13.0,0.2500075,1.0,0.0,0.0,0.0
FIRY,2026-08-21,9.880000114440918,C,14.0,0.500005,1.0,0.0,0.0,0.0
FIRY,2026-08-21,9.880000114440918,C,15.0,0.500005,8.0,0.0,0.0,0.0
FIRY,2026-08-21,9.880000114440918,C,16.0,0.500005,1.0,0.0,0.0,0.0
FIRY,2026-08-21,9.880000114440918,C,17.0,0.500005,24.0,0.0,0.0,0.0
FIRY,2026-08-21,9.880000114440918,C,18.0,0.500005,3.0,0.0,0.0,0.0
FIRY,2026-08-21,9.880000114440918,C,19.0,0.500005,53.0,0.0,0.0,0.0
FIRY,2026-08-21,9.880000114440918,C,20.0,0.500005,2.0,0.0,0.0,0.0
FIRY,2026-08-21,9.880000114440918,C,21.0,0.500005,2.0,0.0,0.0,0.0
FIRY,2026-08-21,9.880000114440918,C,22.0,2.8906277734375,,1.0,0.0,0.75
FIRY,2026-08-21,9.880000114440918,C,25.0,0.500005,3.0,0.0,0.0,0.0
FIRY,2026-08-21,9.880000114440918,C,27.0,0.0,,,,
FIRY,2026-08-21,9.880000114440918,C,28.0,0.500005,,0.0,0.0,0.0
FIRY,2026-08-21,9.880000114440918,C,30.0,0.0,,,,
FIRY,2026-08-21,9.880000114440918,C,40.0,0.500005,,0.0,0.0,0.0
FIRY,2026-08-21,9.880000114440918,P,1.0,0.0,,,,
FIRY,2026-08-21,9.880000114440918,P,2.0,0.0,,,,
FIRY,2026-08-21,9.880000114440918,P,3.0,4.45312943359375,,9.0,0.0,0.45
FIRY,2026-08-21,9.880000114440918,P,4.0,0.500005,5.0,0.0,0.0,0.0
FIRY,2026-08-21,9.880000114440918,P,5.0,0.500005,6.0,0.0,0.0,0.0
FIRY,2026-08-21,9.880000114440918,P,6.0,0.500005,30.0,0.0,0.0,0.0
FIRY,2026-08-21,9.880000114440918,P,7.0,0.500005,1.0,0.0,0.0,0.0
FIRY,2026-08-21,9.880000114440918,P,8.0,0.2500075,11.0,0.0,0.0,0.0
FIRY,2026-08-21,9.880000114440918,P,9.0,0.12500875,7.0,0.0,0.0,0.0
FIRY,2026-08-21,9.880000114440918,P,10.0,1.0000000000000003e-05,175.0,0.0,0.0,0.0
FIRY,2026-08-21,9.880000114440918,P,11.0,1.0000000000000003e-05,35.0,0.0,0.0,0.0
FIRY,2026-08-21,9.880000114440918,P,12.0,1.0000000000000003e-05,1.0,0.0,0.0,0.0
FIRY,2026-08-21,9.880000114440918,P,13.0,1.0000000000000003e-05,,0.0,0.0,0.0
FIRY,2026-08-21,9.880000114440918,P,14.0,1.0000000000000003e-05,4.0,0.0,0.0,0.0
FIRY,2026-08-21,9.880000114440918,P,15.0,1.0000000000000003e-05,,0.0,0.0,0.0
FIRY,2026-08-21,9.880000114440918,P,18.0,1.0000000000000003e-05,1.0,0.0,0.0,0.0
CTSO,2026-08-21,0.38499999046325684,C,2.5,0.500005,1.0,0,0.0,0.0
CTSO,2026-08-21,0.38499999046325684,C,7.5,0.500005,1.0,0,0.0,0.0
CTSO,2026-08-21,0.38499999046325684,P,2.5,1.0000000000000003e-05,1.0,0,0.0,0.0
CTSO,2026-08-21,0.38499999046325684,P,5.0,1.0000000000000003e-05,,0,0.0,0.0
CTSO,2026-08-21,0.38499999046325684,P,7.5,1.0000000000000003e-05,1.0,0,0.0,0.0
CLLS,2026-08-21,2.7899999618530273,C,2.5,1.0000000000000003e-05,2.0,0,0.0,0.0
CLLS,2026-08-21,2.7899999618530273,C,5.0,0.500005,6.0,0,0.0,0.0
CLLS,2026-08-21,2.7899999618530273,C,7.5,17.6250044921875,,50,0.0,5.0
CLLS,2026-08-21,2.7899999618530273,P,2.5,1.8437507812499998,10.0,10,0.0,0.55
CLLS,2026-08-21,2.7899999618530273,P,5.0,1.0000000000000003e-05,50.0,0,0.0,0.0
WEAV,2026-08-21,6.800000190734863,C,1.0,1.0000000000000003e-05,4.0,0,0.0,0.0
WEAV,2026-08-21,6.800000190734863,C,2.0,4.921878847656249,1.0,2,2.5,5.0
WEAV,2026-08-21,6.800000190734863,C,3.0,1.0000000000000003e-05,,0,0.0,0.0
WEAV,2026-08-21,6.800000190734863,C,4.0,1.0000000000000003e-05,2.0,0,0.0,0.0
WEAV,2026-08-21,6.800000190734863,C,5.0,1.0000000000000003e-05,1.0,0,0.0,0.0
WEAV,2026-08-21,6.800000190734863,C,6.0,1.0000000000000003e-05,4.0,0,0.0,0.0
WEAV,2026-08-21,6.800000190734863,C,7.0,0.062509375,2.0,0,0.0,0.0
WEAV,2026-08-21,6.800000190734863,C,8.0,0.2500075,13.0,0,0.0,0.0
WEAV,2026-08-21,6.800000190734863,C,9.0,0.500005,57.0,0,0.0,0.0
WEAV,2026-08-21,6.800000190734863,C,10.0,0.500005,1.0,0,0.0,0.0
WEAV,2026-08-21,6.800000190734863,C,13.0,2.7031282421875,,3,0.0,0.65
WEAV,2026-08-21,6.800000190734863,C,14.0,0.500005,,0,0.0,0.0
WEAV,2026-08-21,6.800000190734863,P,3.0,0.500005,10.0,0,0.0,0.0
WEAV,2026-08-21,6.800000190734863,P,4.0,2.81250296875,13.0,2,0.05,0.55
WEAV,2026-08-21,6.800000190734863,P,5.0,0.500005,1.0,0,0.0,0.0
WEAV,2026-08-21,6.800000190734863,P,6.0,0.2500075,6.0,0,0.0,0.0
WEAV,2026-08-21,6.800000190734863,P,7.0,1.0000000000000003e-05,1.0,0,0.0,0.0
WEAV,2026-08-21,6.800000190734863,P,8.0,3.56250109375,,2,2.4,3.2
WEAV,2026-08-21,6.800000190734863,P,9.0,3.300782998046875,,1,2.6,4.2
WEAV,2026-08-21,6.800000190734863,P,10.0,1.0000000000000003e-05,6.0,0,0.0,0.0
WEAV,2026-08-21,6.800000190734863,P,11.0,1.0000000000000003e-05,6.0,0,0.0,0.0
WEAV,2026-08-21,6.800000190734863,P,12.0,1.0000000000000003e-05,6.0,0,0.0,0.0
WEAV,2026-08-21,6.800000190734863,P,13.0,1.0000000000000003e-05,4.0,0,0.0,0.0
WEAV,2026-08-21,6.800000190734863,P,14.0,1.0000000000000003e-05,4.0,0,0.0,0.0
PUBM,2026-08-21,13.510000228881836,C,10.0,1.0000000000000003e-05,2.0,0,0.0,0.0
PUBM,2026-08-21,13.510000228881836,C,12.5,1.0000000000000003e-05,1.0,0,0.0,0.0
PUBM,2026-08-21,13.510000228881836,C,15.0,0.12500875,12.0,0,0.0,0.0
PUBM,2026-08-21,13.510000228881836,C,17.5,0.2500075,18.0,0,0.0,0.0
PUBM,2026-08-21,13.510000228881836,C,20.0,0.500005,31.0,0,0.0,0.0
PUBM,2026-08-21,13.510000228881836,C,22.5,0.500005,1.0,0,0.0,0.0
PUBM,2026-08-21,13.510000228881836,P,7.5,2.2187544531249994,,1,0.0,0.45
PUBM,2026-08-21,13.510000228881836,P,10.0,0.500005,15.0,0,0.0,0.0
PUBM,2026-08-21,13.510000228881836,P,12.5,0.12500875,1.0,0,0.0,0.0
PUBM,2026-08-21,13.510000228881836,P,15.0,1.0000000000000003e-05,,0,0.0,0.0
CEG,2026-08-07,265.1199951171875,C,170.0,1.0000000000000003e-05,1.0,0,0.0,0.0
CEG,2026-08-07,265.1199951171875,C,205.0,1.0000000000000003e-05,2.0,0,0.0,0.0
CEG,2026-08-07,265.1199951171875,C,210.0,1.0000000000000003e-05,2.0,0,0.0,0.0
CEG,2026-08-07,265.1199951171875,C,220.0,1.0000000000000003e-05,3.0,0,0.0,0.0
CEG,2026-08-07,265.1199951171875,C,225.0,1.0000000000000003e-05,7.0,0,0.0,0.0
CEG,2026-08-07,265.1199951171875,C,230.0,1.0000000000000003e-05,5.0,0,0.0,0.0
CEG,2026-08-07,265.1199951171875,C,235.0,1.0000000000000003e-05,1.0,0,0.0,0.0
CEG,2026-08-07,265.1199951171875,C,240.0,1.0000000000000003e-05,2.0,0,0.0,0.0
CEG,2026-08-07,265.1199951171875,C,245.0,1.0000000000000003e-05,64.0,0,0.0,0.0
CEG,2026-08-07,265.1199951171875,C,250.0,1.0000000000000003e-05,63.0,0,0.0,0.0
CEG,2026-08-07,265.1199951171875,C,252.5,1.0000000000000003e-05,14.0,0,0.0,0.0
CEG,2026-08-07,265.1199951171875,C,255.0,1.0000000000000003e-05,4.0,0,0.0,0.0
CEG,2026-08-07,265.1199951171875,C,257.5,1.0000000000000003e-05,19.0,0,0.0,0.0
CEG,2026-08-07,265.1199951171875,C,260.0,1.0000000000000003e-05,41.0,0,0.0,0.0
CEG,2026-08-07,265.1199951171875,C,262.5,1.0000000000000003e-05,24.0,0,0.0,0.0
CEG,2026-08-07,265.1199951171875,C,265.0,1.0000000000000003e-05,162.0,0,0.0,0.0
CEG,2026-08-07,265.1199951171875,C,267.5,0.0312596875,187.0,0,0.0,0.0
CEG,2026-08-07,265.1199951171875,C,270.0,0.062509375,493.0,0,0.0,0.0
CEG,2026-08-07,265.1199951171875,C,272.5,0.062509375,29.0,0,0.0,0.0
CEG,2026-08-07,265.1199951171875,C,275.0,0.12500875,92.0,0,0.0,0.0
CEG,2026-08-07,265.1199951171875,C,277.5,0.12500875,23.0,0,0.0,0.0
CEG,2026-08-07,265.1199951171875,C,280.0,0.12500875,95.0,0,0.0,0.0
CEG,2026-08-07,265.1199951171875,C,282.5,0.2500075,29.0,0,0.0,0.0
CEG,2026-08-07,265.1199951171875,C,285.0,0.2500075,44.0,0,0.0,0.0
CEG,2026-08-07,265.1199951171875,C,287.5,0.2500075,19.0,0,0.0,0.0
CEG,2026-08-07,265.1199951171875,C,290.0,0.2500075,189.0,0,0.0,0.0
CEG,2026-08-07,265.1199951171875,C,292.5,0.2500075,16.0,0,0.0,0.0
CEG,2026-08-07,265.1199951171875,C,295.0,0.2500075,79.0,0,0.0,0.0
CEG,2026-08-07,265.1199951171875,C,297.5,0.2500075,48.0,0,0.0,0.0
CEG,2026-08-07,265.1199951171875,C,300.0,0.2500075,143.0,0,0.0,0.0
CEG,2026-08-07,265.1199951171875,C,302.5,0.500005,5.0,0,0.0,0.0
CEG,2026-08-07,265.1199951171875,C,305.0,0.500005,17.0,0,0.0,0.0
CEG,2026-08-07,265.1199951171875,C,307.5,0.500005,3.0,0,0.0,0.0
CEG,2026-08-07,265.1199951171875,C,310.0,0.500005,248.0,0,0.0,0.0
CEG,2026-08-07,265.1199951171875,C,315.0,0.500005,9.0,0,0.0,0.0
CEG,2026-08-07,265.1199951171875,C,317.5,0.500005,1.0,0,0.0,0.0
CEG,2026-08-07,265.1199951171875,C,320.0,0.500005,72.0,0,0.0,0.0
CEG,2026-08-07,265.1199951171875,C,325.0,0.500005,15.0,0,0.0,0.0
CEG,2026-08-07,265.1199951171875,C,330.0,0.500005,4.0,0,0.0,0.0
CEG,2026-08-07,265.1199951171875,C,335.0,0.500005,2.0,0,0.0,0.0
CEG,2026-08-07,265.1199951171875,C,340.0,0.500005,12.0,0,0.0,0.0
CEG,2026-08-07,265.1199951171875,C,345.0,0.500005,1.0,0,0.0,0.0
CEG,2026-08-07,265.1199951171875,C,350.0,0.500005,1.0,0,0.0,0.0
CEG,2026-08-07,265.1199951171875,C,355.0,0.500005,22.0,0,0.0,0.0
CEG,2026-08-07,265.1199951171875,C,360.0,0.500005,20.0,0,0.0,0.0
CEG,2026-08-07,265.1199951171875,C,365.0,0.500005,30.0,0,0.0,0.0
CEG,2026-08-07,265.1199951171875,C,370.0,0.500005,20.0,0,0.0,0.0
CEG,2026-08-07,265.1199951171875,C,400.0,0.500005,1.0,0,0.0,0.0
CEG,2026-08-07,265.1199951171875,P,160.0,0.500005,40.0,0,0.0,0.0
CEG,2026-08-07,265.1199951171875,P,165.0,0.500005,1.0,0,0.0,0.0
CEG,2026-08-07,265.1199951171875,P,170.0,0.500005,10.0,0,0.0,0.0
CEG,2026-08-07,265.1199951171875,P,175.0,0.500005,2.0,0,0.0,0.0
CEG,2026-08-07,265.1199951171875,P,180.0,0.500005,1.0,0,0.0,0.0
CEG,2026-08-07,265.1199951171875,P,185.0,0.500005,1.0,0,0.0,0.0
CEG,2026-08-07,265.1199951171875,P,190.0,0.500005,2.0,0,0.0,0.0
CEG,2026-08-07,265.1199951171875,P,200.0,0.500005,1.0,0,0.0,0.0
CEG,2026-08-07,265.1199951171875,P,205.0,0.500005,80.0,0,0.0,0.0
CEG,2026-08-07,265.1199951171875,P,210.0,0.500005,6.0,0,0.0,0.0
CEG,2026-08-07,265.1199951171875,P,212.5,0.500005,1.0,0,0.0,0.0
CEG,2026-08-07,265.1199951171875,P,215.0,0.500005,1.0,0,0.0,0.0
CEG,2026-08-07,265.1199951171875,P,220.0,0.500005,215.0,0,0.0,0.0
CEG,2026-08-07,265.1199951171875,P,222.5,0.500005,1.0,0,0.0,0.0
CEG,2026-08-07,265.1199951171875,P,225.0,0.500005,16.0,0,0.0,0.0
CEG,2026-08-07,265.1199951171875,P,227.5,0.500005,11.0,0,0.0,0.0
CEG,2026-08-07,265.1199951171875,P,230.0,0.500005,75.0,0,0.0,0.0
CEG,2026-08-07,265.1199951171875,P,232.5,0.500005,5.0,0,0.0,0.0
CEG,2026-08-07,265.1199951171875,P,235.0,0.2500075,150.0,0,0.0,0.0
CEG,2026-08-07,265.1199951171875,P,237.5,0.2500075,5.0,0,0.0,0.0
CEG,2026-08-07,265.1199951171875,P,240.0,0.2500075,449.0,0,0.0,0.0
CEG,2026-08-07,265.1199951171875,P,242.5,0.2500075,64.0,0,0.0,0.0
CEG,2026-08-07,265.1199951171875,P,245.0,0.2500075,146.0,0,0.0,0.0
CEG,2026-08-07,265.1199951171875,P,247.5,0.2500075,162.0,0,0.0,0.0
CEG,2026-08-07,265.1199951171875,P,250.0,0.2500075,134.0,0,0.0,0.0
CEG,2026-08-07,265.1199951171875,P,252.5,0.12500875,28.0,0,0.0,0.0
CEG,2026-08-07,265.1199951171875,P,255.0,0.12500875,85.0,0,0.0,0.0
CEG,2026-08-07,265.1199951171875,P,257.5,0.12500875,76.0,0,0.0,0.0
CEG,2026-08-07,265.1199951171875,P,260.0,0.062509375,662.0,0,0.0,0.0
CEG,2026-08-07,265.1199951171875,P,262.5,0.0312596875,44.0,0,0.0,0.0
CEG,2026-08-07,265.1199951171875,P,265.0,0.00196310546875,167.0,0,0.0,0.0
CEG,2026-08-07,265.1199951171875,P,267.5,1.0000000000000003e-05,6.0,0,0.0,0.0
CEG,2026-08-07,265.1199951171875,P,270.0,1.0000000000000003e-05,138.0,0,0.0,0.0
CEG,2026-08-07,265.1199951171875,P,272.5,1.0000000000000003e-05,1.0,0,0.0,0.0
CEG,2026-08-07,265.1199951171875,P,275.0,1.0000000000000003e-05,4.0,0,0.0,0.0
CEG,2026-08-07,265.1199951171875,P,277.5,1.0000000000000003e-05,1.0,0,0.0,0.0
CEG,2026-08-07,265.1199951171875,P,280.0,1.0000000000000003e-05,42.0,0,0.0,0.0
CEG,2026-08-07,265.1199951171875,P,285.0,1.0000000000000003e-05,2.0,0,0.0,0.0
CEG,2026-08-07,265.1199951171875,P,290.0,1.0000000000000003e-05,2.0,0,0.0,0.0
CEG,2026-08-07,265.1199951171875,P,295.0,1.0000000000000003e-05,15.0,0,0.0,0.0
CEG,2026-08-07,265.1199951171875,P,300.0,1.0000000000000003e-05,2.0,0,0.0,0.0
CEG,2026-08-07,265.1199951171875,P,305.0,1.0000000000000003e-05,15.0,0,0.0,0.0
CEG,2026-08-07,265.1199951171875,P,320.0,1.0000000000000003e-05,,0,0.0,0.0
CEG,2026-08-07,265.1199951171875,P,325.0,1.0000000000000003e-05,1.0,0,0.0,0.0
CEG,2026-08-07,265.1199951171875,P,330.0,1.0000000000000003e-05,1.0,0,0.0,0.0
PENN,2026-08-21,19.6200008392334,C,14.0,1.0000000000000003e-05,7.0,0,0.0,0.0
PENN,2026-08-21,19.6200008392334,C,15.0,1.0000000000000003e-05,2.0,0,0.0,0.0
PENN,2026-08-21,19.6200008392334,C,16.0,1.0000000000000003e-05,100.0,0,0.0,0.0
PENN,2026-08-21,19.6200008392334,C,17.0,1.0000000000000003e-05,1.0,0,0.0,0.0
PENN,2026-08-21,19.6200008392334,C,18.0,1.0000000000000003e-05,3.0,0,0.0,0.0
PENN,2026-08-21,19.6200008392334,C,19.0,1.0000000000000003e-05,4.0,0,0.0,0.0
PENN,2026-08-21,19.6200008392334,C,20.0,0.0312596875,90.0,0,0.0,0.0
PENN,2026-08-21,19.6200008392334,C,21.0,0.12500875,1153.0,0,0.0,0.0
PENN,2026-08-21,19.6200008392334,C,22.0,0.12500875,141.0,0,0.0,0.0
PENN,2026-08-21,19.6200008392334,C,23.0,0.2500075,1009.0,0,0.0,0.0
PENN,2026-08-21,19.6200008392334,C,24.0,0.2500075,1.0,0,0.0,0.0
PENN,2026-08-21,19.6200008392334,C,25.0,0.2500075,100.0,0,0.0,0.0
PENN,2026-08-21,19.6200008392334,C,26.0,0.2500075,1.0,0,0.0,0.0
PENN,2026-08-21,19.6200008392334,C,27.0,0.500005,5.0,0,0.0,0.0
PENN,2026-08-21,19.6200008392334,C,28.0,0.500005,1.0,0,0.0,0.0
PENN,2026-08-21,19.6200008392334,C,29.0,0.500005,1.0,0,0.0,0.0
PENN,2026-08-21,19.6200008392334,C,30.0,0.500005,1.0,0,0.0,0.0
PENN,2026-08-21,19.6200008392334,P,13.0,0.500005,,0,0.0,0.0
PENN,2026-08-21,19.6200008392334,P,14.0,0.500005,1.0,0,0.0,0.0
PENN,2026-08-21,19.6200008392334,P,15.0,0.2500075,12.0,0,0.0,0.0
PENN,2026-08-21,19.6200008392334,P,16.0,0.2500075,13.0,0,0.0,0.0
PENN,2026-08-21,19.6200008392334,P,17.0,0.2500075,1.0,0,0.0,0.0
PENN,2026-08-21,19.6200008392334,P,18.0,0.12500875,77.0,0,0.0,0.0
PENN,2026-08-21,19.6200008392334,P,19.0,0.062509375,43.0,0,0.0,0.0
PENN,2026-08-21,19.6200008392334,P,20.0,1.0000000000000003e-05,46.0,0,0.0,0.0
PENN,2026-08-21,19.6200008392334,P,21.0,1.0000000000000003e-05,16.0,0,0.0,0.0
PENN,2026-08-21,19.6200008392334,P,22.0,1.0000000000000003e-05,16.0,0,0.0,0.0
PENN,2026-08-21,19.6200008392334,P,30.0,1.0000000000000003e-05,,0,0.0,0.0
CNQ,2026-08-07,44.75,C,30.0,1.0000000000000003e-05,2,0,0.0,0.0
CNQ,2026-08-07,44.75,C,31.0,1.0000000000000003e-05,3,0,0.0,0.0
CNQ,2026-08-07,44.75,C,33.0,1.0000000000000003e-05,1,0,0.0,0.0
CNQ,2026-08-07,44.75,C,36.0,1.0000000000000003e-05,2,0,0.0,0.0
CNQ,2026-08-07,44.75,C,40.0,1.0000000000000003e-05,3,0,0.0,0.0
CNQ,2026-08-07,44.75,C,41.0,1.0000000000000003e-05,3,0,0.0,0.0
CNQ,2026-08-07,44.75,C,42.0,1.0000000000000003e-05,2,0,0.0,0.0
CNQ,2026-08-07,44.75,C,43.0,1.0000000000000003e-05,1,0,0.0,0.0
CNQ,2026-08-07,44.75,C,43.5,1.0000000000000003e-05,1,0,0.0,0.0
CNQ,2026-08-07,44.75,C,44.0,1.0000000000000003e-05,10,0,0.0,0.0
CNQ,2026-08-07,44.75,C,44.5,1.0000000000000003e-05,4,0,0.0,0.0
CNQ,2026-08-07,44.75,C,45.0,0.0312596875,79,0,0.0,0.0
CNQ,2026-08-07,44.75,C,45.5,0.062509375,13,0,0.0,0.0
CNQ,2026-08-07,44.75,C,46.0,0.12500875,45,0,0.0,0.0
CNQ,2026-08-07,44.75,C,46.5,0.12500875,12,0,0.0,0.0
CNQ,2026-08-07,44.75,C,47.0,0.12500875,713,0,0.0,0.0
CNQ,2026-08-07,44.75,C,47.5,0.2500075,1,0,0.0,0.0
CNQ,2026-08-07,44.75,C,48.0,0.2500075,3,0,0.0,0.0
CNQ,2026-08-07,44.75,C,48.5,0.2500075,49,0,0.0,0.0
CNQ,2026-08-07,44.75,C,49.0,0.2500075,3,0,0.0,0.0
CNQ,2026-08-07,44.75,C,49.5,0.2500075,1,0,0.0,0.0
CNQ,2026-08-07,44.75,C,50.0,0.500005,17,0,0.0,0.0
CNQ,2026-08-07,44.75,C,51.0,0.500005,1,0,0.0,0.0
CNQ,2026-08-07,44.75,P,33.0,0.500005,1,0,0.0,0.0
CNQ,2026-08-07,44.75,P,36.0,0.500005,2,0,0.0,0.0
CNQ,2026-08-07,44.75,P,37.0,0.500005,2,0,0.0,0.0
CNQ,2026-08-07,44.75,P,38.0,0.500005,1,0,0.0,0.0
CNQ,2026-08-07,44.75,P,38.5,0.500005,1,0,0.0,0.0
CNQ,2026-08-07,44.75,P,39.0,0.500005,5,0,0.0,0.0
CNQ,2026-08-07,44.75,P,40.0,0.500005,3,0,0.0,0.0
CNQ,2026-08-07,44.75,P,40.5,0.2500075,35,0,0.0,0.0
CNQ,2026-08-07,44.75,P,41.0,0.2500075,5,0,0.0,0.0
CNQ,2026-08-07,44.75,P,42.0,0.2500075,1,0,0.0,0.0
CNQ,2026-08-07,44.75,P,42.5,0.2500075,30,0,0.0,0.0
CNQ,2026-08-07,44.75,P,43.0,0.12500875,12,0,0.0,0.0
CNQ,2026-08-07,44.75,P,43.5,0.12500875,5,0,0.0,0.0
CNQ,2026-08-07,44.75,P,44.0,0.062509375,51,0,0.0,0.0
CNQ,2026-08-07,44.75,P,44.5,0.0312596875,26,0,0.0,0.0
CNQ,2026-08-07,44.75,P,45.0,1.0000000000000003e-05,107,0,0.0,0.0
CNQ,2026-08-07,44.75,P,45.5,1.0000000000000003e-05,3,0,0.0,0.0
CNQ,2026-08-07,44.75,P,46.0,1.0000000000000003e-05,110,0,0.0,0.0
CNQ,2026-08-07,44.75,P,46.5,1.0000000000000003e-05,2,0,0.0,0.0
CNQ,2026-08-07,44.75,P,47.0,1.0000000000000003e-05,4,0,0.0,0.0
CNQ,2026-08-07,44.75,P,47.5,1.0000000000000003e-05,1,0,0.0,0.0
CNQ,2026-08-07,44.75,P,50.0,1.0000000000000003e-05,1,0,0.0,0.0
IMCR,2026-08-21,33.290000915527344,C,35.0,0.062509375,11.0,0,0.0,0.0
IMCR,2026-08-21,33.290000915527344,C,45.0,0.2500075,,0,0.0,0.0
IMCR,2026-08-21,33.290000915527344,P,30.0,0.12500875,1.0,0,0.0,0.0
LNSR,2026-08-21,5.829999923706055,C,5.0,1.0000000000000003e-05,2.0,0,0.0,0.0
LNSR,2026-08-21,5.829999923706055,C,7.5,0.2500075,8.0,0,0.0,0.0
LNSR,2026-08-21,5.829999923706055,C,10.0,0.500005,,0,0.0,0.0
LNSR,2026-08-21,5.829999923706055,P,2.5,0.500005,10.0,0,0.0,0.0
LNSR,2026-08-21,5.829999923706055,P,5.0,0.2500075,10.0,0,0.0,0.0
RCKT,2026-08-21,3.5,C,2.5,1.0000000000000003e-05,411.0,0,0.0,0.0
RCKT,2026-08-21,3.5,C,5.0,0.500005,51.0,0,0.0,0.0
RCKT,2026-08-21,3.5,C,7.5,0.500005,1.0,0,0.0,0.0
RCKT,2026-08-21,3.5,P,2.5,0.500005,20.0,0,0.0,0.0
RCKT,2026-08-21,3.5,P,5.0,1.0000000000000003e-05,,0,0.0,0.0
BDTX,2026-08-21,1.7899999618530273,C,1.5,1.0000000000000003e-05,15,0,0.0,0.0
BDTX,2026-08-21,1.7899999618530273,C,2.0,0.2500075,2,0,0.0,0.0
BDTX,2026-08-21,1.7899999618530273,C,2.5,0.500005,3,0,0.0,0.0
BDTX,2026-08-21,1.7899999618530273,P,1.5,0.2500075,1,0,0.0,0.0
AMPH,2026-08-21,20.239999771118164,C,20.0,1.0000000000000003e-05,3.0,0,0.0,0.0
AMPH,2026-08-21,20.239999771118164,C,22.5,0.12500875,1.0,0,0.0,0.0
AMPH,2026-08-21,20.239999771118164,C,25.0,0.2500075,4.0,0,0.0,0.0
AMPH,2026-08-21,20.239999771118164,P,5.0,0.500005,14.0,0,0.0,0.0
AMPH,2026-08-21,20.239999771118164,P,7.5,0.500005,,0,0.0,0.0
AMPH,2026-08-21,20.239999771118164,P,10.0,0.500005,41.0,0,0.0,0.0
AMPH,2026-08-21,20.239999771118164,P,15.0,0.2500075,3.0,0,0.0,0.0
AMPH,2026-08-21,20.239999771118164,P,17.5,0.2500075,10.0,0,0.0,0.0
AMPH,2026-08-21,20.239999771118164,P,20.0,0.015634843750000002,,0,0.0,0.0
AMPH,2026-08-21,20.239999771118164,P,22.5,1.0000000000000003e-05,1.0,0,0.0,0.0
AMPH,2026-08-21,20.239999771118164,P,25.0,1.0000000000000003e-05,1.0,0,0.0,0.0
GEVO,2026-08-21,1.5299999713897705,C,0.5,1.0000000000000003e-05,1.0,0,0.0,0.0
GEVO,2026-08-21,1.5299999713897705,C,1.0,1.0000000000000003e-05,5.0,0,0.0,0.0
GEVO,2026-08-21,1.5299999713897705,C,1.5,1.0000000000000003e-05,22.0,0,0.0,0.0
GEVO,2026-08-21,1.5299999713897705,C,2.0,0.500005,24.0,0,0.0,0.0
GEVO,2026-08-21,1.5299999713897705,C,3.0,0.500005,3.0,0,0.0,0.0
GEVO,2026-08-21,1.5299999713897705,C,4.0,0.500005,5.0,0,0.0,0.0
GEVO,2026-08-21,1.5299999713897705,C,5.0,0.500005,1.0,0,0.0,0.0
GEVO,2026-08-21,1.5299999713897705,C,6.0,3.968750078125,,1,0.0,0.1
GEVO,2026-08-21,1.5299999713897705,P,0.5,0.500005,2.0,0,0.0,0.0
GEVO,2026-08-21,1.5299999713897705,P,1.0,0.500005,1.0,0,0.0,0.0
GEVO,2026-08-21,1.5299999713897705,P,1.5,0.062509375,1.0,0,0.0,0.0
GEVO,2026-08-21,1.5299999713897705,P,2.0,1.0000000000000003e-05,2.0,0,0.0,0.0
GEVO,2026-08-21,1.5299999713897705,P,3.0,1.0000000000000003e-05,1.0,0,0.0,0.0
GEVO,2026-08-21,1.5299999713897705,P,4.0,1.0000000000000003e-05,8.0,0,0.0,0.0
NGVC,2026-08-21,31.950000762939453,C,30.0,1.0000000000000003e-05,1,0,0.0,0.0
NGVC,2026-08-21,31.950000762939453,C,35.0,0.12500875,1,0,0.0,0.0
NGVC,2026-08-21,31.950000762939453,C,40.0,0.2500075,2,0,0.0,0.0
NGVC,2026-08-21,31.950000762939453,P,22.5,0.500005,1,0,0.0,0.0
NGVC,2026-08-21,31.950000762939453,P,25.0,0.2500075,4,0,0.0,0.0
NGVC,2026-08-21,31.950000762939453,P,30.0,0.062509375,1,0,0.0,0.0
NGVC,2026-08-21,31.950000762939453,P,35.0,1.0000000000000003e-05,20,0,0.0,0.0
BLFS,2026-08-21,33.79999923706055,C,25.0,1.0000000000000003e-05,1.0,0,0.0,0.0
BLFS,2026-08-21,33.79999923706055,C,30.0,1.0000000000000003e-05,2.0,0,0.0,0.0
BLFS,2026-08-21,33.79999923706055,C,35.0,0.062509375,122.0,0,0.0,0.0
BLFS,2026-08-21,33.79999923706055,C,40.0,0.2500075,,0,0.0,0.0
BLFS,2026-08-21,33.79999923706055,P,25.0,0.2500075,2.0,0,0.0,0.0
BLFS,2026-08-21,33.79999923706055,P,30.0,0.12500875,,0,0.0,0.0
ESE,2026-08-21,327.6300048828125,C,270.0,1.0000000000000003e-05,,0,0.0,0.0
ESE,2026-08-21,327.6300048828125,C,280.0,1.0000000000000003e-05,,0,0.0,0.0
ESE,2026-08-21,327.6300048828125,C,330.0,0.007822421875,5.0,0,0.0,0.0
ESE,2026-08-21,327.6300048828125,C,340.0,0.0312596875,21.0,0,0.0,0.0
ESE,2026-08-21,327.6300048828125,C,350.0,0.062509375,1.0,0,0.0,0.0
ESE,2026-08-21,327.6300048828125,C,360.0,0.12500875,1.0,0,0.0,0.0
ESE,2026-08-21,327.6300048828125,C,370.0,0.12500875,25.0,0,0.0,0.0
ESE,2026-08-21,327.6300048828125,C,390.0,0.12500875,5.0,0,0.0,0.0
ESE,2026-08-21,327.6300048828125,C,400.0,0.723513507080078,,1,0.0,4.8
ESE,2026-08-21,327.6300048828125,P,290.0,0.12500875,,0,0.0,0.0
ESE,2026-08-21,327.6300048828125,P,300.0,0.12500875,,0,0.0,0.0
ESE,2026-08-21,327.6300048828125,P,330.0,1.0000000000000003e-05,6.0,0,0.0,0.0
ESE,2026-08-21,327.6300048828125,P,400.0,1.0000000000000003e-05,,0,0.0,0.0
ESE,2026-08-21,327.6300048828125,P,430.0,1.0000000000000003e-05,,0,0.0,0.0
FOXA,2026-08-21,58.68000030517578,C,30.0,1.0000000000000003e-05,1.0,0,0.0,0.0
FOXA,2026-08-21,58.68000030517578,C,50.0,1.0000000000000003e-05,10.0,0,0.0,0.0
FOXA,2026-08-21,58.68000030517578,C,55.0,1.0000000000000003e-05,42.0,0,0.0,0.0
FOXA,2026-08-21,58.68000030517578,C,60.0,0.0312596875,228.0,0,0.0,0.0
FOXA,2026-08-21,58.68000030517578,C,65.0,0.12500875,20.0,0,0.0,0.0
FOXA,2026-08-21,58.68000030517578,C,70.0,0.2500075,3.0,0,0.0,0.0
FOXA,2026-08-21,58.68000030517578,P,30.0,0.500005,1.0,0,0.0,0.0
FOXA,2026-08-21,58.68000030517578,P,35.0,0.500005,,0,0.0,0.0
FOXA,2026-08-21,58.68000030517578,P,40.0,0.500005,1.0,0,0.0,0.0
FOXA,2026-08-21,58.68000030517578,P,45.0,0.2500075,4.0,0,0.0,0.0
FOXA,2026-08-21,58.68000030517578,P,50.0,0.2500075,12.0,0,0.0,0.0
FOXA,2026-08-21,58.68000030517578,P,55.0,0.062509375,5.0,0,0.0,0.0
FOXA,2026-08-21,58.68000030517578,P,60.0,1.0000000000000003e-05,210.0,0,0.0,0.0
FOXA,2026-08-21,58.68000030517578,P,65.0,1.0000000000000003e-05,,0,0.0,0.0
BLND,2026-08-21,2.009999990463257,C,0.5,1.0000000000000003e-05,1,0,0.0,0.0
BLND,2026-08-21,2.009999990463257,C,1.0,1.0000000000000003e-05,1,0,0.0,0.0
BLND,2026-08-21,2.009999990463257,C,1.5,1.0000000000000003e-05,1,0,0.0,0.0
BLND,2026-08-21,2.009999990463257,C,2.0,1.0000000000000003e-05,119,0,0.0,0.0
BLND,2026-08-21,2.009999990463257,C,3.0,0.500005,1,0,0.0,0.0
BLND,2026-08-21,2.009999990463257,C,4.0,0.500005,15,0,0.0,0.0
BLND,2026-08-21,2.009999990463257,C,5.0,3.1250021875,10,31,0.0,0.15
BLND,2026-08-21,2.009999990463257,C,6.0,3.7812505468750004,1,151,0.0,0.2
BLND,2026-08-21,2.009999990463257,P,0.5,0.500005,1,0,0.0,0.0
BLND,2026-08-21,2.009999990463257,P,1.0,0.500005,1,0,0.0,0.0
BLND,2026-08-21,2.009999990463257,P,1.5,0.500005,35,0,0.0,0.0
BLND,2026-08-21,2.009999990463257,P,2.0,0.015634843750000002,1,0,0.0,0.0
BLND,2026-08-21,2.009999990463257,P,3.0,4.187504765625,1,152,1.05,1.8
BLND,2026-08-21,2.009999990463257,P,5.0,4.906253867187499,6,1,2.8,3.8
BLND,2026-08-21,2.009999990463257,P,6.0,5.367190791015624,2,0,3.8,4.8
LOCO,2026-08-21,16.989999771118164,C,14.0,1.0000000000000003e-05,,0,0.0,0.0
LOCO,2026-08-21,16.989999771118164,C,15.0,1.0000000000000003e-05,4.0,0,0.0,0.0
LOCO,2026-08-21,16.989999771118164,C,16.0,1.0000000000000003e-05,1.0,0,0.0,0.0
LOCO,2026-08-21,16.989999771118164,C,17.0,0.00196310546875,2.0,0,0.0,0.0
LOCO,2026-08-21,16.989999771118164,C,18.0,0.062509375,5.0,0,0.0,0.0
LOCO,2026-08-21,16.989999771118164,C,25.0,0.500005,,0,0.0,0.0
LOCO,2026-08-21,16.989999771118164,P,15.0,0.12500875,1.0,0,0.0,0.0
TUSK,2026-08-21,2.8499999046325684,C,2.5,1.0000000000000003e-05,16.0,0,0.0,0.0
TUSK,2026-08-21,2.8499999046325684,C,5.0,0.500005,150.0,0,0.0,0.0
TUSK,2026-08-21,2.8499999046325684,C,7.5,3.718750703125,,1,0.0,0.35
TUSK,2026-08-21,2.8499999046325684,P,2.5,0.2500075,27.0,0,0.0,0.0
TUSK,2026-08-21,2.8499999046325684,P,5.0,1.0000000000000003e-05,2.0,0,0.0,0.0
ARHS,2026-08-21,8.229999542236328,C,2.15,1.0000000000000003e-05,2.0,73,4.6,5.8
ARHS,2026-08-21,8.229999542236328,C,2.5,1.0000000000000003e-05,,344,0.0,0.0
ARHS,2026-08-21,8.229999542236328,C,4.65,1.0000000000000003e-05,8.0,0,0.0,0.0
ARHS,2026-08-21,8.229999542236328,C,5.0,1.0000000000000003e-05,2.0,2,0.0,0.0
ARHS,2026-08-21,8.229999542236328,C,7.15,1.0000000000000003e-05,1001.0,0,0.0,0.0
ARHS,2026-08-21,8.229999542236328,C,7.5,1.0000000000000003e-05,30.0,50,0.0,0.0
ARHS,2026-08-21,8.229999542236328,C,9.65,0.2500075,30.0,0,0.0,0.0
ARHS,2026-08-21,8.229999542236328,C,10.0,0.2500075,1.0,14,0.0,0.0
ARHS,2026-08-21,8.229999542236328,C,12.15,0.500005,1.0,0,0.0,0.0
ARHS,2026-08-21,8.229999542236328,C,12.5,0.500005,13.0,2695,0.0,0.0
ARHS,2026-08-21,8.229999542236328,C,14.65,0.500005,,0,0.0,0.0
ARHS,2026-08-21,8.229999542236328,C,15.0,0.500005,,1,0.0,0.0
ARHS,2026-08-21,8.229999542236328,P,4.65,0.500005,2.0,0,0.0,0.0
ARHS,2026-08-21,8.229999542236328,P,7.15,0.2500075,1.0,0,0.0,0.0
ARHS,2026-08-21,8.229999542236328,P,7.5,0.12500875,43.0,1397,0.0,0.0
ARHS,2026-08-21,8.229999542236328,P,12.15,4.300785874023436,,0,4.3,7.3
ARHS,2026-08-21,8.229999542236328,P,19.65,4.343754570312499,2.0,0,11.3,13.5
ARHS,2026-08-21,8.229999542236328,P,22.15,4.644535444335938,2.0,1,13.8,16.0
XXI,2026-08-21,4.539999961853027,C,2.5,1.0000000000000003e-05,1,0,0.0,0.0
XXI,2026-08-21,4.539999961853027,C,5.0,0.12500875,35,0,0.0,0.0
XXI,2026-08-21,4.539999961853027,C,7.5,0.500005,23,0,0.0,0.0
XXI,2026-08-21,4.539999961853027,C,10.0,0.500005,2,0,0.0,0.0
XXI,2026-08-21,4.539999961853027,P,2.5,0.500005,2,0,0.0,0.0
XXI,2026-08-21,4.539999961853027,P,5.0,1.0000000000000003e-05,66,0,0.0,0.0
XXI,2026-08-21,4.539999961853027,P,7.5,1.0000000000000003e-05,12,0,0.0,0.0
BCAB,2026-10-16,3.325000047683716,C,0.5,1.0000000000000003e-05,1.0,223.0,0.0,1.1
BCAB,2026-10-16,3.325000047683716,C,1.0,1.0000000000000003e-05,,1.0,0.0,2.3
BCAB,2026-10-16,3.325000047683716,C,2.5,1.0000000000000003e-05,,2.0,0.0,0.0
BCAB,2026-10-16,3.325000047683716,C,5.0,0.2500075,5.0,6.0,0.0,0.0
BCAB,2026-10-16,3.325000047683716,C,7.5,0.500005,3.0,3.0,0.0,0.0
HYPR,2026-08-21,0.9800000190734863,C,2.5,0.500005,534.0,0,0.0,0.0
HYPR,2026-08-21,0.9800000190734863,C,7.5,0.500005,,0,0.0,0.0
HYPR,2026-08-21,0.9800000190734863,P,2.5,1.0000000000000003e-05,3.0,0,0.0,0.0
KDP,2026-08-21,30.75,C,23.0,1.0000000000000003e-05,2.0,0,0.0,0.0
KDP,2026-08-21,30.75,C,24.0,1.0000000000000003e-05,28.0,0,0.0,0.0
KDP,2026-08-21,30.75,C,25.0,1.0000000000000003e-05,32.0,0,0.0,0.0
KDP,2026-08-21,30.75,C,26.0,1.0000000000000003e-05,6.0,0,0.0,0.0
KDP,2026-08-21,30.75,C,27.0,1.0000000000000003e-05,,0,0.0,0.0
KDP,2026-08-21,30.75,C,28.0,1.0000000000000003e-05,1.0,0,0.0,0.0
KDP,2026-08-21,30.75,C,29.0,1.0000000000000003e-05,2.0,0,0.0,0.0
KDP,2026-08-21,30.75,C,30.0,1.0000000000000003e-05,13.0,0,0.0,0.0
KDP,2026-08-21,30.75,C,31.0,0.015634843750000002,174.0,0,0.0,0.0
KDP,2026-08-21,30.75,C,32.0,0.062509375,515.0,0,0.0,0.0
KDP,2026-08-21,30.75,C,33.0,0.12500875,90.0,0,0.0,0.0
KDP,2026-08-21,30.75,C,34.0,0.12500875,2.0,0,0.0,0.0
KDP,2026-08-21,30.75,C,35.0,0.12500875,1.0,0,0.0,0.0
KDP,2026-08-21,30.75,C,36.0,0.2500075,4.0,0,0.0,0.0
KDP,2026-08-21,30.75,C,37.0,0.2500075,10.0,0,0.0,0.0
KDP,2026-08-21,30.75,C,38.0,0.2500075,1.0,0,0.0,0.0
KDP,2026-08-21,30.75,C,39.0,0.2500075,1.0,0,0.0,0.0
KDP,2026-08-21,30.75,P,24.0,0.2500075,,0,0.0,0.0
KDP,2026-08-21,30.75,P,25.0,0.2500075,1.0,0,0.0,0.0
KDP,2026-08-21,30.75,P,26.0,0.2500075,1.0,0,0.0,0.0
KDP,2026-08-21,30.75,P,27.0,0.12500875,1.0,0,0.0,0.0
KDP,2026-08-21,30.75,P,28.0,0.12500875,4.0,0,0.0,0.0
KDP,2026-08-21,30.75,P,29.0,0.062509375,64.0,0,0.0,0.0
KDP,2026-08-21,30.75,P,30.0,0.0312596875,5.0,0,0.0,0.0
KDP,2026-08-21,30.75,P,31.0,1.0000000000000003e-05,138.0,0,0.0,0.0
KDP,2026-08-21,30.75,P,32.0,1.0000000000000003e-05,2.0,0,0.0,0.0
KDP,2026-08-21,30.75,P,33.0,1.0000000000000003e-05,1.0,0,0.0,0.0
KDP,2026-08-21,30.75,P,34.0,1.0000000000000003e-05,2.0,0,0.0,0.0
KDP,2026-08-21,30.75,P,35.0,1.0000000000000003e-05,1.0,0,0.0,0.0
KDP,2026-08-21,30.75,P,36.0,1.0000000000000003e-05,,0,0.0,0.0
KDP,2026-08-21,30.75,P,37.0,1.0000000000000003e-05,,0,0.0,0.0
KDP,2026-08-21,30.75,P,40.0,1.0000000000000003e-05,,0,0.0,0.0
KDP,2026-08-21,30.75,P,41.0,1.0000000000000003e-05,,0,0.0,0.0
CYTK,2026-08-21,78.8499984741211,C,35.0,1.0000000000000003e-05,,1,32.0,35.9
CYTK,2026-08-21,78.8499984741211,C,40.0,1.0000000000000003e-05,8.0,0,0.0,0.0
CYTK,2026-08-21,78.8499984741211,C,45.0,1.0000000000000003e-05,14.0,8,24.7,28.9
CYTK,2026-08-21,78.8499984741211,C,50.0,1.0000000000000003e-05,,1,17.2,21.3
CYTK,2026-08-21,78.8499984741211,C,55.0,1.0000000000000003e-05,2.0,0,0.0,0.0
CYTK,2026-08-21,78.8499984741211,C,60.0,1.0000000000000003e-05,3.0,0,0.0,0.0
CYTK,2026-08-21,78.8499984741211,C,65.0,1.0000000000000003e-05,10.0,0,0.0,0.0
CYTK,2026-08-21,78.8499984741211,C,70.0,1.0000000000000003e-05,1.0,0,0.0,0.0
CYTK,2026-08-21,78.8499984741211,C,75.0,1.0000000000000003e-05,90.0,0,0.0,0.0
CYTK,2026-08-21,78.8499984741211,C,80.0,0.015634843750000002,3.0,0,0.0,0.0
CYTK,2026-08-21,78.8499984741211,C,85.0,0.062509375,27.0,0,0.0,0.0
CYTK,2026-08-21,78.8499984741211,C,90.0,0.12500875,18.0,0,0.0,0.0
CYTK,2026-08-21,78.8499984741211,C,95.0,0.2500075,15.0,0,0.0,0.0
CYTK,2026-08-21,78.8499984741211,C,100.0,0.2500075,1.0,0,0.0,0.0
CYTK,2026-08-21,78.8499984741211,C,105.0,0.2500075,3.0,0,0.0,0.0
CYTK,2026-08-21,78.8499984741211,C,110.0,0.2500075,3.0,0,0.0,0.0
CYTK,2026-08-21,78.8499984741211,C,115.0,0.500005,2.0,0,0.0,0.0
CYTK,2026-08-21,78.8499984741211,C,120.0,0.500005,1.0,0,0.0,0.0
CYTK,2026-08-21,78.8499984741211,P,35.0,0.500005,5.0,0,0.0,0.0
CYTK,2026-08-21,78.8499984741211,P,40.0,2.3710978222656243,2.0,64,0.0,2.15
CYTK,2026-08-21,78.8499984741211,P,45.0,1.93359408203125,2.0,65,0.0,1.8
CYTK,2026-08-21,78.8499984741211,P,50.0,0.500005,1.0,0,0.0,0.0
CYTK,2026-08-21,78.8499984741211,P,55.0,0.500005,5.0,0,0.0,0.0
CYTK,2026-08-21,78.8499984741211,P,60.0,0.2500075,77.0,0,0.0,0.0
CYTK,2026-08-21,78.8499984741211,P,65.0,0.2500075,15.0,0,0.0,0.0
CYTK,2026-08-21,78.8499984741211,P,70.0,0.12500875,5.0,0,0.0,0.0
CYTK,2026-08-21,78.8499984741211,P,75.0,0.062509375,118.0,0,0.0,0.0
CYTK,2026-08-21,78.8499984741211,P,80.0,1.0000000000000003e-05,1.0,0,0.0,0.0
CYTK,2026-08-21,78.8499984741211,P,85.0,1.0000000000000003e-05,6.0,0,0.0,0.0
CYTK,2026-08-21,78.8499984741211,P,90.0,1.0000000000000003e-05,10.0,0,0.0,0.0
CYTK,2026-08-21,78.8499984741211,P,100.0,1.0000000000000003e-05,9.0,0,0.0,0.0
DCBO,2026-08-21,20.360000610351562,C,12.5,1.0000000000000003e-05,1.0,11,4.2,7.5
DCBO,2026-08-21,20.360000610351562,C,15.0,1.0429735351562504,1.0,22,1.7,5.5
DCBO,2026-08-21,20.360000610351562,C,17.5,1.0000000000000003e-05,1.0,0,0.0,0.0
DCBO,2026-08-21,20.360000610351562,C,20.0,1.0000000000000003e-05,5.0,0,0.0,0.0
DCBO,2026-08-21,20.360000610351562,C,22.5,0.12500875,26.0,0,0.0,0.0
DCBO,2026-08-21,20.360000610351562,C,25.0,0.2500075,2.0,0,0.0,0.0
DCBO,2026-08-21,20.360000610351562,C,30.0,0.500005,1.0,0,0.0,0.0
DCBO,2026-08-21,20.360000610351562,P,2.5,7.460938173828126,,1,0.0,0.75
DCBO,2026-08-21,20.360000610351562,P,10.0,0.500005,,0,0.0,0.0
DCBO,2026-08-21,20.360000610351562,P,12.5,0.500005,3.0,0,0.0,0.0
DCBO,2026-08-21,20.360000610351562,P,15.0,0.500005,2.0,0,0.0,0.0
DCBO,2026-08-21,20.360000610351562,P,17.5,0.2500075,125.0,0,0.0,0.0
DCBO,2026-08-21,20.360000610351562,P,20.0,0.0312596875,1.0,0,0.0,0.0
DCBO,2026-08-21,20.360000610351562,P,22.5,2.9902368994140627,1.0,11,4.3,8.5
DCBO,2026-08-21,20.360000610351562,P,25.0,2.2626996557617183,1.0,4,4.9,9.0
DCBO,2026-08-21,20.360000610351562,P,30.0,1.9082035839843752,1.0,1,8.5,12.5
FLL,2026-08-21,2.2200000286102295,C,2.5,0.2500075,15,0,0.0,0.0
FLL,2026-08-21,2.2200000286102295,C,5.0,0.500005,10,0,0.0,0.0
FLL,2026-08-21,2.2200000286102295,P,2.5,1.0000000000000003e-05,15,0,0.0,0.0
OABI,2026-08-21,2.0299999713897705,C,2.5,0.2500075,150.0,0,0.0,0.0
OABI,2026-08-21,2.0299999713897705,C,5.0,0.500005,,0,0.0,0.0
OABI,2026-08-21,2.0299999713897705,C,7.5,4.23437970703125,,4,0.0,0.2
OABI,2026-08-21,2.0299999713897705,P,2.5,1.0000000000000003e-05,,0,0.0,0.0
RDNT,2026-08-21,67.05999755859375,C,35.0,1.0000000000000003e-05,1.0,0,0.0,0.0
RDNT,2026-08-21,67.05999755859375,C,40.0,1.0000000000000003e-05,1.0,0,0.0,0.0
RDNT,2026-08-21,67.05999755859375,C,55.0,1.0000000000000003e-05,1.0,0,0.0,0.0
RDNT,2026-08-21,67.05999755859375,C,60.0,1.0000000000000003e-05,4.0,0,0.0,0.0
RDNT,2026-08-21,67.05999755859375,C,65.0,1.0000000000000003e-05,6.0,0,0.0,0.0
RDNT,2026-08-21,67.05999755859375,C,70.0,0.062509375,11.0,0,0.0,0.0
RDNT,2026-08-21,67.05999755859375,C,75.0,0.12500875,77.0,0,0.0,0.0
RDNT,2026-08-21,67.05999755859375,C,80.0,0.2500075,10.0,0,0.0,0.0
RDNT,2026-08-21,67.05999755859375,P,35.0,2.42969142578125,,1,0.0,2.3
RDNT,2026-08-21,67.05999755859375,P,40.0,0.500005,1.0,0,0.0,0.0
RDNT,2026-08-21,67.05999755859375,P,45.0,1.76171994140625,,1,0.0,2.85
RDNT,2026-08-21,67.05999755859375,P,50.0,0.2500075,6.0,0,0.0,0.0
RDNT,2026-08-21,67.05999755859375,P,55.0,0.2500075,23.0,0,0.0,0.0
RDNT,2026-08-21,67.05999755859375,P,60.0,0.12500875,5.0,0,0.0,0.0
RDNT,2026-08-21,67.05999755859375,P,65.0,0.0312596875,16.0,0,0.0,0.0
RDNT,2026-08-21,67.05999755859375,P,70.0,1.0000000000000003e-05,2.0,0,0.0,0.0
RDNT,2026-08-21,67.05999755859375,P,75.0,1.0000000000000003e-05,,0,0.0,0.0
RDNT,2026-08-21,67.05999755859375,P,80.0,1.0000000000000003e-05,,0,0.0,0.0
NTCT,2026-08-21,41.02000045776367,C,25.0,1.0000000000000003e-05,,0,0.0,0.0
NTCT,2026-08-21,41.02000045776367,C,30.0,1.0000000000000003e-05,,0,0.0,0.0
NTCT,2026-08-21,41.02000045776367,C,35.0,1.0000000000000003e-05,,0,0.0,0.0
NTCT,2026-08-21,41.02000045776367,C,40.0,1.0000000000000003e-05,1.0,0,0.0,0.0
NTCT,2026-08-21,41.02000045776367,C,45.0,0.12500875,4.0,0,0.0,0.0
NTCT,2026-08-21,41.02000045776367,P,25.0,0.500005,,0,0.0,0.0
NTCT,2026-08-21,41.02000045776367,P,40.0,0.0312596875,1.0,0,0.0,0.0
VTRS,2026-08-21,17.649999618530273,C,8.0,1.0000000000000003e-05,,0,0.0,0.0
VTRS,2026-08-21,17.649999618530273,C,10.0,1.0000000000000003e-05,6.0,0,0.0,0.0
VTRS,2026-08-21,17.649999618530273,C,11.0,1.0000000000000003e-05,,0,0.0,0.0
VTRS,2026-08-21,17.649999618530273,C,12.0,1.0468797656250002,5.0,5,3.6,7.8
VTRS,2026-08-21,17.649999618530273,C,14.0,1.0000000000000003e-05,1.0,0,0.0,0.0
VTRS,2026-08-21,17.649999618530273,C,15.0,1.0000000000000003e-05,9.0,0,0.0,0.0
VTRS,2026-08-21,17.649999618530273,C,16.0,1.0000000000000003e-05,10.0,0,0.0,0.0
VTRS,2026-08-21,17.649999618530273,C,17.0,1.0000000000000003e-05,83.0,0,0.0,0.0
VTRS,2026-08-21,17.649999618530273,C,18.0,0.0312596875,152.0,0,0.0,0.0
VTRS,2026-08-21,17.649999618530273,C,19.0,0.12500875,153.0,0,0.0,0.0
VTRS,2026-08-21,17.649999618530273,C,20.0,0.12500875,5.0,0,0.0,0.0
VTRS,2026-08-21,17.649999618530273,C,21.0,0.2500075,1.0,0,0.0,0.0
VTRS,2026-08-21,17.649999618530273,C,22.0,0.2500075,4.0,0,0.0,0.0
VTRS,2026-08-21,17.649999618530273,C,23.0,0.2500075,5.0,0,0.0,0.0
VTRS,2026-08-21,17.649999618530273,C,24.0,0.2500075,,0,0.0,0.0
VTRS,2026-08-21,17.649999618530273,P,9.0,0.500005,,0,0.0,0.0
VTRS,2026-08-21,17.649999618530273,P,12.0,0.500005,,0,0.0,0.0
VTRS,2026-08-21,17.649999618530273,P,13.0,0.500005,2.0,0,0.0,0.0
VTRS,2026-08-21,17.649999618530273,P,14.0,0.2500075,4.0,0,0.0,0.0
VTRS,2026-08-21,17.649999618530273,P,15.0,0.2500075,100.0,0,0.0,0.0
VTRS,2026-08-21,17.649999618530273,P,16.0,0.12500875,10515.0,0,0.0,0.0
VTRS,2026-08-21,17.649999618530273,P,17.0,0.062509375,7724.0,0,0.0,0.0
VTRS,2026-08-21,17.649999618530273,P,18.0,1.0000000000000003e-05,2005.0,0,0.0,0.0
VTRS,2026-08-21,17.649999618530273,P,20.0,1.0000000000000003e-05,3.0,0,0.0,0.0
VTRS,2026-08-21,17.649999618530273,P,22.0,1.0000000000000003e-05,,0,0.0,0.0
VTRS,2026-08-21,17.649999618530273,P,23.0,1.0000000000000003e-05,,0,0.0,0.0
AMN,2026-08-21,32.79999923706055,C,22.5,1.0000000000000003e-05,2.0,0,0.0,0.0
AMN,2026-08-21,32.79999923706055,C,25.0,1.0000000000000003e-05,1.0,0,0.0,0.0
AMN,2026-08-21,32.79999923706055,C,30.0,1.0000000000000003e-05,5.0,0,0.0,0.0
AMN,2026-08-21,32.79999923706055,C,35.0,0.062509375,1.0,0,0.0,0.0
AMN,2026-08-21,32.79999923706055,C,40.0,0.2500075,1.0,0,0.0,0.0
AMN,2026-08-21,32.79999923706055,C,45.0,0.2500075,2.0,0,0.0,0.0
AMN,2026-08-21,32.79999923706055,P,17.5,0.500005,714.0,0,0.0,0.0
AMN,2026-08-21,32.79999923706055,P,20.0,0.500005,301.0,0,0.0,0.0
AMN,2026-08-21,32.79999923706055,P,22.5,0.500005,,0,0.0,0.0
AMN,2026-08-21,32.79999923706055,P,25.0,0.2500075,1.0,0,0.0,0.0
AMN,2026-08-21,32.79999923706055,P,30.0,0.12500875,72.0,0,0.0,0.0
AMN,2026-08-21,32.79999923706055,P,35.0,1.0000000000000003e-05,1.0,0,0.0,0.0
UWMC,2026-08-07,1.840000033378601,C,0.5,1.0000000000000003e-05,22,0,0.0,0.0
UWMC,2026-08-07,1.840000033378601,C,1.0,1.0000000000000003e-05,12,0,0.0,0.0
UWMC,2026-08-07,1.840000033378601,C,1.5,1.0000000000000003e-05,6,0,0.0,0.0
UWMC,2026-08-07,1.840000033378601,C,2.0,0.500005,1423,0,0.0,0.0
UWMC,2026-08-07,1.840000033378601,C,2.5,0.500005,2,0,0.0,0.0
UWMC,2026-08-07,1.840000033378601,C,3.0,0.500005,4,0,0.0,0.0
UWMC,2026-08-07,1.840000033378601,C,3.5,0.500005,1,0,0.0,0.0
UWMC,2026-08-07,1.840000033378601,C,4.0,0.500005,5,0,0.0,0.0
UWMC,2026-08-07,1.840000033378601,C,5.0,0.500005,3,0,0.0,0.0
UWMC,2026-08-07,1.840000033378601,P,1.5,0.500005,50,0,0.0,0.0
UWMC,2026-08-07,1.840000033378601,P,2.0,1.0000000000000003e-05,89,0,0.0,0.0
UWMC,2026-08-07,1.840000033378601,P,2.5,1.0000000000000003e-05,1,0,0.0,0.0
UWMC,2026-08-07,1.840000033378601,P,3.0,1.0000000000000003e-05,1,0,0.0,0.0
GEOS,2026-08-21,7.349999904632568,C,5.0,1.0000000000000003e-05,3,0,0.0,0.0
GEOS,2026-08-21,7.349999904632568,C,7.5,0.0312596875,20,0,0.0,0.0
GEOS,2026-08-21,7.349999904632568,C,10.0,0.500005,50,0,0.0,0.0
GEOS,2026-08-21,7.349999904632568,C,12.5,0.500005,10,0,0.0,0.0
GEOS,2026-08-21,7.349999904632568,P,5.0,0.500005,675,0,0.0,0.0
GEOS,2026-08-21,7.349999904632568,P,7.5,1.0000000000000003e-05,16,0,0.0,0.0
GEOS,2026-08-21,7.349999904632568,P,10.0,1.0000000000000003e-05,2,0,0.0,0.0
UAA,2026-08-21,6.760000228881836,C,1.0,1.0000000000000003e-05,3,0,0.0,0.0
UAA,2026-08-21,6.760000228881836,C,2.0,1.0000000000000003e-05,1,0,0.0,0.0
UAA,2026-08-21,6.760000228881836,C,3.0,1.0000000000000003e-05,1,0,0.0,0.0
UAA,2026-08-21,6.760000228881836,C,4.0,1.0000000000000003e-05,1,0,0.0,0.0
UAA,2026-08-21,6.760000228881836,C,5.0,1.0000000000000003e-05,100,0,0.0,0.0
UAA,2026-08-21,6.760000228881836,C,6.0,1.0000000000000003e-05,10,0,0.0,0.0
UAA,2026-08-21,6.760000228881836,C,7.0,0.062509375,21,0,0.0,0.0
UAA,2026-08-21,6.760000228881836,C,8.0,0.2500075,10,0,0.0,0.0
UAA,2026-08-21,6.760000228881836,C,9.0,0.500005,15,0,0.0,0.0
UAA,2026-08-21,6.760000228881836,C,10.0,0.500005,1,0,0.0,0.0
UAA,2026-08-21,6.760000228881836,P,4.0,0.500005,10,0,0.0,0.0
UAA,2026-08-21,6.760000228881836,P,5.0,0.500005,1,0,0.0,0.0
UAA,2026-08-21,6.760000228881836,P,6.0,0.12500875,13,0,0.0,0.0
UAA,2026-08-21,6.760000228881836,P,7.0,1.0000000000000003e-05,29,0,0.0,0.0
UAA,2026-08-21,6.760000228881836,P,8.0,1.0000000000000003e-05,10,0,0.0,0.0
UAA,2026-08-21,6.760000228881836,P,9.0,1.0000000000000003e-05,2,0,0.0,0.0
SIGA,2026-08-21,3.1500000953674316,C,2.0,1.0000000000000003e-05,,0,0.0,0.0
SIGA,2026-08-21,3.1500000953674316,C,3.0,1.0000000000000003e-05,,0,0.0,0.0
SIGA,2026-08-21,3.1500000953674316,C,4.0,0.2500075,16.0,0,0.0,0.0
SIGA,2026-08-21,3.1500000953674316,C,5.0,0.500005,5.0,0,0.0,0.0
SIGA,2026-08-21,3.1500000953674316,C,6.0,0.500005,1.0,0,0.0,0.0
SIGA,2026-08-21,3.1500000953674316,P,3.0,0.12500875,149.0,0,0.0,0.0
SIGA,2026-08-21,3.1500000953674316,P,4.0,1.0000000000000003e-05,1.0,0,0.0,0.0
CWST,2026-08-21,90.04000091552734,C,90.0,0.6228065063476562,,1,2.6,6.8
CWST,2026-08-21,90.04000091552734,C,95.0,0.062509375,5.0,0,0.0,0.0
CWST,2026-08-21,90.04000091552734,C,105.0,0.12500875,1.0,0,0.0,0.0
CWST,2026-08-21,90.04000091552734,P,80.0,0.12500875,1.0,0,0.0,0.0
CWST,2026-08-21,90.04000091552734,P,90.0,0.000986552734375,4.0,0,0.0,0.0
CWST,2026-08-21,90.04000091552734,P,105.0,1.0000000000000003e-05,,0,0.0,0.0
DNOW,2026-08-21,14.220000267028809,C,2.5,8.773442016601562,,0,9.9,12.5
DNOW,2026-08-21,14.220000267028809,C,4.0,5.488284389648436,,1,9.6,11.9
DNOW,2026-08-21,14.220000267028809,C,5.0,5.273440908203124,2.0,23,7.4,10.0
DNOW,2026-08-21,14.220000267028809,C,7.5,1.0000000000000003e-05,4.0,0,0.0,0.0
DNOW,2026-08-21,14.220000267028809,C,9.0,1.0000000000000003e-05,6.0,0,0.0,0.0
DNOW,2026-08-21,14.220000267028809,C,10.0,1.0000000000000003e-05,32.0,0,0.0,0.0
DNOW,2026-08-21,14.220000267028809,C,11.0,1.0000000000000003e-05,2.0,0,0.0,0.0
DNOW,2026-08-21,14.220000267028809,C,12.5,1.0000000000000003e-05,17.0,0,0.0,0.0
DNOW,2026-08-21,14.220000267028809,C,14.0,1.0000000000000003e-05,2.0,0,0.0,0.0
DNOW,2026-08-21,14.220000267028809,C,15.0,0.062509375,45.0,0,0.0,0.0
DNOW,2026-08-21,14.220000267028809,C,16.0,0.12500875,62.0,0,0.0,0.0
DNOW,2026-08-21,14.220000267028809,C,17.5,0.2500075,3.0,0,0.0,0.0
DNOW,2026-08-21,14.220000267028809,C,19.0,1.359378203125,,2,0.0,0.75
DNOW,2026-08-21,14.220000267028809,C,20.0,0.500005,2.0,0,0.0,0.0
DNOW,2026-08-21,14.220000267028809,C,22.5,0.500005,8.0,0,0.0,0.0
DNOW,2026-08-21,14.220000267028809,C,25.0,0.500005,2.0,0,0.0,0.0
DNOW,2026-08-21,14.220000267028809,C,30.0,2.5156287109374995,4.0,10,0.0,0.75
DNOW,2026-08-21,14.220000267028809,P,10.0,0.500005,10.0,0,0.0,0.0
DNOW,2026-08-21,14.220000267028809,P,11.0,0.2500075,,0,0.0,0.0
DNOW,2026-08-21,14.220000267028809,P,12.5,0.12500875,12.0,0,0.0,0.0
DNOW,2026-08-21,14.220000267028809,P,14.0,0.0312596875,8.0,0,0.0,0.0
DNOW,2026-08-21,14.220000267028809,P,15.0,1.0000000000000003e-05,4.0,0,0.0,0.0
DNOW,2026-08-21,14.220000267028809,P,16.0,1.0000000000000003e-05,1.0,0,0.0,0.0
DNOW,2026-08-21,14.220000267028809,P,17.5,1.0000000000000003e-05,1.0,0,0.0,0.0
DNOW,2026-08-21,14.220000267028809,P,22.5,2.5097693505859375,,0,8.3,10.2
DNOW,2026-08-21,14.220000267028809,P,25.0,1.0000000000000003e-05,,0,0.0,0.0
DNOW,2026-08-21,14.220000267028809,P,30.0,1.0000000000000003e-05,,0,0.0,0.0
TRLV,2026-08-21,8.4399995803833,C,2.5,1.0000000000000003e-05,1.0,0,0.0,0.0
TRLV,2026-08-21,8.4399995803833,C,5.0,1.0000000000000003e-05,569.0,0,0.0,0.0
TRLV,2026-08-21,8.4399995803833,C,7.5,1.0000000000000003e-05,2.0,0,0.0,0.0
TRLV,2026-08-21,8.4399995803833,C,10.0,0.2500075,189.0,0,0.0,0.0
TRLV,2026-08-21,8.4399995803833,C,12.5,0.500005,11.0,0,0.0,0.0
TRLV,2026-08-21,8.4399995803833,C,15.0,0.500005,2.0,0,0.0,0.0
TRLV,2026-08-21,8.4399995803833,C,17.5,0.500005,,0,0.0,0.0
TRLV,2026-08-21,8.4399995803833,P,2.5,0.500005,1.0,0,0.0,0.0
TRLV,2026-08-21,8.4399995803833,P,5.0,0.500005,2.0,0,0.0,0.0
TRLV,2026-08-21,8.4399995803833,P,7.5,0.12500875,22.0,0,0.0,0.0
TRLV,2026-08-21,8.4399995803833,P,10.0,1.0000000000000003e-05,1.0,0,0.0,0.0
TRLV,2026-08-21,8.4399995803833,P,12.5,1.0000000000000003e-05,2.0,0,0.0,0.0
MITK,2026-08-21,17.1299991607666,C,10.0,3.1406271484375,,12,5.0,8.1
MITK,2026-08-21,17.1299991607666,C,15.0,1.0000000000000003e-05,1.0,0,0.0,0.0
MITK,2026-08-21,17.1299991607666,C,17.5,0.0312596875,17.0,0,0.0,0.0
MITK,2026-08-21,17.1299991607666,C,20.0,0.2500075,39.0,0,0.0,0.0
MITK,2026-08-21,17.1299991607666,C,22.5,0.2500075,81.0,0,0.0,0.0
MITK,2026-08-21,17.1299991607666,C,25.0,0.500005,10.0,0,0.0,0.0
MITK,2026-08-21,17.1299991607666,C,30.0,0.500005,2.0,0,0.0,0.0
MITK,2026-08-21,17.1299991607666,P,10.0,0.500005,,0,0.0,0.0
MITK,2026-08-21,17.1299991607666,P,12.5,0.500005,9.0,0,0.0,0.0
MITK,2026-08-21,17.1299991607666,P,15.0,0.12500875,5.0,0,0.0,0.0
MITK,2026-08-21,17.1299991607666,P,17.5,1.0000000000000003e-05,1.0,0,0.0,0.0
MITK,2026-08-21,17.1299991607666,P,20.0,1.0000000000000003e-05,1.0,0,0.0,0.0
MITK,2026-08-21,17.1299991607666,P,22.5,1.0000000000000003e-05,1.0,0,0.0,0.0
MITK,2026-08-21,17.1299991607666,P,25.0,1.0000000000000003e-05,,0,0.0,0.0
DSGR,2026-08-21,34.79999923706055,C,20.0,1.0000000000000003e-05,,1,3.0,12.4
DSGR,2026-08-21,34.79999923706055,C,22.5,2.1523483691406247,17.0,8,9.8,17.0
DSGR,2026-08-21,34.79999923706055,C,25.0,1.0000000000000003e-05,20.0,0,0.0,0.0
DSGR,2026-08-21,34.79999923706055,C,30.0,1.0000000000000003e-05,20.0,0,0.0,0.0
DSGR,2026-08-21,34.79999923706055,C,35.0,0.007822421875,3.0,0,0.0,0.0
DSGR,2026-08-21,34.79999923706055,P,20.0,3.4902356494140623,,10,0.0,4.8
DSGR,2026-08-21,34.79999923706055,P,22.5,0.500005,1.0,0,0.0,0.0
DSGR,2026-08-21,34.79999923706055,P,25.0,0.500005,1.0,0,0.0,0.0
DSGR,2026-08-21,34.79999923706055,P,30.0,0.12500875,1.0,0,0.0,0.0
DSGR,2026-08-21,34.79999923706055,P,35.0,1.0000000000000003e-05,,0,0.0,0.0
SLF,2026-08-21,81.87000274658203,C,45.0,1.0000000000000003e-05,2.0,1,23.0,27.7
SLF,2026-08-21,81.87000274658203,C,50.0,1.0000000000000003e-05,2.0,1,11.8,14.9
SLF,2026-08-21,81.87000274658203,C,55.0,1.0000000000000003e-05,14.0,0,0.0,0.0
SLF,2026-08-21,81.87000274658203,C,65.0,0.8251970605468748,1.0,12,14.7,17.4
SLF,2026-08-21,81.87000274658203,C,70.0,1.0000000000000003e-05,15.0,30,4.4,7.3
SLF,2026-08-21,81.87000274658203,C,75.0,1.0000000000000003e-05,1.0,0,0.0,0.0
SLF,2026-08-21,81.87000274658203,C,80.0,1.0000000000000003e-05,1.0,0,0.0,0.0
SLF,2026-08-21,81.87000274658203,C,85.0,0.062509375,1.0,0,0.0,0.0
SLF,2026-08-21,81.87000274658203,C,90.0,0.12500875,16.0,0,0.0,0.0
SLF,2026-08-21,81.87000274658203,P,50.0,1.19922275390625,6.0,13,0.0,0.3
SLF,2026-08-21,81.87000274658203,P,55.0,1.439455927734375,,10,0.0,1.75
SLF,2026-08-21,81.87000274658203,P,65.0,0.2500075,1.0,0,0.0,0.0
SLF,2026-08-21,81.87000274658203,P,70.0,0.12500875,1.0,0,0.0,0.0
SLF,2026-08-21,81.87000274658203,P,75.0,0.12500875,1.0,0,0.0,0.0
SLF,2026-08-21,81.87000274658203,P,80.0,0.0312596875,1.0,0,0.0,0.0
SLF,2026-08-21,81.87000274658203,P,85.0,1.0000000000000003e-05,22.0,0,0.0,0.0
SLF,2026-08-21,81.87000274658203,P,90.0,1.0000000000000003e-05,,0,0.0,0.0
FWONK,2026-08-21,96.05000305175781,C,70.0,1.0000000000000003e-05,18.0,6,15.4,19.2
FWONK,2026-08-21,96.05000305175781,C,75.0,1.0000000000000003e-05,1.0,0,0.0,0.0
FWONK,2026-08-21,96.05000305175781,C,85.0,0.6718782812500002,,10,8.0,12.4
FWONK,2026-08-21,96.05000305175781,C,90.0,1.0000000000000003e-05,1.0,0,0.0,0.0
FWONK,2026-08-21,96.05000305175781,C,95.0,1.0000000000000003e-05,100.0,0,0.0,0.0
FWONK,2026-08-21,96.05000305175781,C,100.0,0.062509375,108.0,0,0.0,0.0
FWONK,2026-08-21,96.05000305175781,C,105.0,0.12500875,64.0,0,0.0,0.0
FWONK,2026-08-21,96.05000305175781,C,110.0,0.12500875,15.0,0,0.0,0.0
FWONK,2026-08-21,96.05000305175781,C,115.0,0.2500075,1.0,0,0.0,0.0
FWONK,2026-08-21,96.05000305175781,P,65.0,0.500005,,0,0.0,0.0
FWONK,2026-08-21,96.05000305175781,P,70.0,1.4501980615234376,2.0,9,0.0,3.8
FWONK,2026-08-21,96.05000305175781,P,75.0,0.2500075,1.0,0,0.0,0.0
FWONK,2026-08-21,96.05000305175781,P,80.0,0.2500075,1.0,0,0.0,0.0
FWONK,2026-08-21,96.05000305175781,P,85.0,0.12500875,1.0,0,0.0,0.0
FWONK,2026-08-21,96.05000305175781,P,90.0,0.062509375,10.0,0,0.0,0.0
FWONK,2026-08-21,96.05000305175781,P,95.0,0.015634843750000002,1.0,0,0.0,0.0
FWONK,2026-08-21,96.05000305175781,P,100.0,1.0000000000000003e-05,7.0,0,0.0,0.0
FWONK,2026-08-21,96.05000305175781,P,105.0,1.0000000000000003e-05,5.0,0,0.0,0.0
FWONK,2026-08-21,96.05000305175781,P,110.0,2.1584518695068358,,6,24.6,27.8
FWONK,2026-08-21,96.05000305175781,P,115.0,1.0000000000000003e-05,1.0,0,0.0,0.0
AMR,2026-08-21,146.1199951171875,C,125.0,1.0000000000000003e-05,,0,0.0,0.0
AMR,2026-08-21,146.1199951171875,C,130.0,6.240724855346679,1.0,124,72.1,78.8
AMR,2026-08-21,146.1199951171875,C,135.0,1.0000000000000003e-05,2.0,0,0.0,0.0
AMR,2026-08-21,146.1199951171875,C,140.0,1.0000000000000003e-05,7.0,0,0.0,0.0
AMR,2026-08-21,146.1199951171875,C,145.0,1.0000000000000003e-05,3.0,0,0.0,0.0
AMR,2026-08-21,146.1199951171875,C,150.0,0.0312596875,2.0,0,0.0,0.0
AMR,2026-08-21,146.1199951171875,C,155.0,0.062509375,20.0,0,0.0,0.0
AMR,2026-08-21,146.1199951171875,C,160.0,0.12500875,9.0,0,0.0,0.0
AMR,2026-08-21,146.1199951171875,C,165.0,0.12500875,21.0,0,0.0,0.0
AMR,2026-08-21,146.1199951171875,C,170.0,0.12500875,1.0,0,0.0,0.0
AMR,2026-08-21,146.1199951171875,C,175.0,0.2500075,2.0,0,0.0,0.0
AMR,2026-08-21,146.1199951171875,C,180.0,0.2500075,11.0,0,0.0,0.0
AMR,2026-08-21,146.1199951171875,C,185.0,0.2500075,1.0,0,0.0,0.0
AMR,2026-08-21,146.1199951171875,C,190.0,0.2500075,1.0,0,0.0,0.0
AMR,2026-08-21,146.1199951171875,C,195.0,0.2500075,2.0,0,0.0,0.0
AMR,2026-08-21,146.1199951171875,C,200.0,0.2500075,1.0,0,0.0,0.0
AMR,2026-08-21,146.1199951171875,C,210.0,0.2500075,1.0,0,0.0,0.0
AMR,2026-08-21,146.1199951171875,C,220.0,0.500005,5.0,0,0.0,0.0
AMR,2026-08-21,146.1199951171875,C,230.0,0.500005,2.0,0,0.0,0.0
AMR,2026-08-21,146.1199951171875,C,240.0,0.500005,1.0,0,0.0,0.0
AMR,2026-08-21,146.1199951171875,C,250.0,0.500005,2.0,0,0.0,0.0
AMR,2026-08-21,146.1199951171875,C,260.0,0.500005,8.0,0,0.0,0.0
AMR,2026-08-21,146.1199951171875,C,270.0,0.500005,1.0,0,0.0,0.0
AMR,2026-08-21,146.1199951171875,C,280.0,0.500005,1.0,0,0.0,0.0
AMR,2026-08-21,146.1199951171875,C,290.0,0.500005,1.0,0,0.0,0.0
AMR,2026-08-21,146.1199951171875,C,300.0,2.1992232519531245,2.0,15,0.0,4.8
AMR,2026-08-21,146.1199951171875,C,310.0,0.500005,20.0,0,0.0,0.0
AMR,2026-08-21,146.1199951171875,C,320.0,2.3383830603027334,1.0,29,0.0,4.8
AMR,2026-08-21,146.1199951171875,C,330.0,2.403812584228515,1.0,8,0.0,4.8
AMR,2026-08-21,146.1199951171875,C,340.0,2.4663124279785156,1.0,11,0.0,4.8
AMR,2026-08-21,146.1199951171875,C,350.0,2.5268591516113275,1.0,0,0.0,4.8
AMR,2026-08-21,146.1199951171875,C,360.0,2.5061072503662105,2.0,10,0.0,4.1
AMR,2026-08-21,146.1199951171875,P,80.0,0.500005,,0,0.0,0.0
AMR,2026-08-21,146.1199951171875,P,95.0,0.500005,,0,0.0,0.0
AMR,2026-08-21,146.1199951171875,P,100.0,0.500005,1.0,0,0.0,0.0
AMR,2026-08-21,146.1199951171875,P,105.0,0.2500075,1.0,0,0.0,0.0
AMR,2026-08-21,146.1199951171875,P,110.0,0.2500075,36.0,0,0.0,0.0
AMR,2026-08-21,146.1199951171875,P,115.0,0.2500075,1.0,0,0.0,0.0
AMR,2026-08-21,146.1199951171875,P,120.0,0.2500075,2.0,0,0.0,0.0
AMR,2026-08-21,146.1199951171875,P,125.0,0.12500875,1.0,0,0.0,0.0
AMR,2026-08-21,146.1199951171875,P,130.0,0.12500875,10.0,0,0.0,0.0
AMR,2026-08-21,146.1199951171875,P,135.0,0.062509375,2.0,0,0.0,0.0
AMR,2026-08-21,146.1199951171875,P,140.0,0.062509375,1.0,0,0.0,0.0
AMR,2026-08-21,146.1199951171875,P,145.0,0.007822421875,21.0,0,0.0,0.0
AMR,2026-08-21,146.1199951171875,P,150.0,1.0000000000000003e-05,20.0,0,0.0,0.0
AMR,2026-08-21,146.1199951171875,P,155.0,1.0000000000000003e-05,1.0,0,0.0,0.0
AMR,2026-08-21,146.1199951171875,P,160.0,1.0000000000000003e-05,1.0,0,0.0,0.0
AMR,2026-08-21,146.1199951171875,P,165.0,1.0000000000000003e-05,1.0,0,0.0,0.0
AMR,2026-08-21,146.1199951171875,P,170.0,1.0000000000000003e-05,1.0,0,0.0,0.0
AMR,2026-08-21,146.1199951171875,P,175.0,1.0000000000000003e-05,3.0,0,0.0,0.0
AMR,2026-08-21,146.1199951171875,P,180.0,1.0000000000000003e-05,4.0,0,0.0,0.0
AMR,2026-08-21,146.1199951171875,P,185.0,1.0000000000000003e-05,8.0,0,0.0,0.0
AMR,2026-08-21,146.1199951171875,P,190.0,1.0000000000000003e-05,1.0,0,0.0,0.0
AMR,2026-08-21,146.1199951171875,P,195.0,1.0000000000000003e-05,2.0,0,0.0,0.0
AMR,2026-08-21,146.1199951171875,P,200.0,1.0000000000000003e-05,1.0,0,0.0,0.0
AMR,2026-08-21,146.1199951171875,P,210.0,1.0000000000000003e-05,25.0,0,0.0,0.0
AMR,2026-08-21,146.1199951171875,P,220.0,1.0000000000000003e-05,1.0,10,65.1,70.5
AMR,2026-08-21,146.1199951171875,P,230.0,1.0000000000000003e-05,1.0,0,0.0,0.0
AMR,2026-08-21,146.1199951171875,P,240.0,1.8090829858398436,1.0,0,93.0,101.0
AMR,2026-08-21,146.1199951171875,P,250.0,1.0000000000000003e-05,2.0,0,0.0,0.0
AMR,2026-08-21,146.1199951171875,P,260.0,1.0000000000000003e-05,,2,77.7,83.9
AMR,2026-08-21,146.1199951171875,P,270.0,1.0000000000000003e-05,,1,86.1,92.2
TAP,2026-08-21,41.869998931884766,C,30.0,1.0000000000000003e-05,1,0,0.0,0.0
TAP,2026-08-21,41.869998931884766,C,35.0,1.0000000000000003e-05,1,0,0.0,0.0
TAP,2026-08-21,41.869998931884766,C,37.5,1.0000000000000003e-05,6,0,0.0,0.0
TAP,2026-08-21,41.869998931884766,C,40.0,1.0000000000000003e-05,3,0,0.0,0.0
TAP,2026-08-21,41.869998931884766,C,42.5,0.015634843750000002,13,0,0.0,0.0
TAP,2026-08-21,41.869998931884766,C,45.0,0.062509375,11,0,0.0,0.0
TAP,2026-08-21,41.869998931884766,C,47.5,0.12500875,4,0,0.0,0.0
TAP,2026-08-21,41.869998931884766,C,50.0,0.2500075,2,0,0.0,0.0
TAP,2026-08-21,41.869998931884766,C,55.0,0.2500075,1,0,0.0,0.0
TAP,2026-08-21,41.869998931884766,P,27.5,0.500005,1,0,0.0,0.0
TAP,2026-08-21,41.869998931884766,P,30.0,0.500005,5,0,0.0,0.0
TAP,2026-08-21,41.869998931884766,P,32.5,0.2500075,4,0,0.0,0.0
TAP,2026-08-21,41.869998931884766,P,35.0,0.2500075,2,0,0.0,0.0
TAP,2026-08-21,41.869998931884766,P,37.5,0.12500875,20,0,0.0,0.0
TAP,2026-08-21,41.869998931884766,P,40.0,0.062509375,37,0,0.0,0.0
TAP,2026-08-21,41.869998931884766,P,42.5,1.0000000000000003e-05,7,0,0.0,0.0
TAP,2026-08-21,41.869998931884766,P,45.0,1.0000000000000003e-05,1,0,0.0,0.0
CRSR,2026-08-21,11.199999809265137,C,2.5,1.0000000000000003e-05,10.0,0,0.0,0.0
CRSR,2026-08-21,11.199999809265137,C,5.0,1.0000000000000003e-05,24.0,0,0.0,0.0
CRSR,2026-08-21,11.199999809265137,C,7.5,1.0000000000000003e-05,2.0,0,0.0,0.0
CRSR,2026-08-21,11.199999809265137,C,10.0,1.0000000000000003e-05,120.0,0,0.0,0.0
CRSR,2026-08-21,11.199999809265137,C,12.5,0.12500875,790.0,0,0.0,0.0
CRSR,2026-08-21,11.199999809265137,C,15.0,0.2500075,239.0,0,0.0,0.0
CRSR,2026-08-21,11.199999809265137,C,17.5,0.500005,13.0,0,0.0,0.0
CRSR,2026-08-21,11.199999809265137,C,20.0,0.500005,5.0,0,0.0,0.0
CRSR,2026-08-21,11.199999809265137,C,22.5,0.500005,1.0,0,0.0,0.0
CRSR,2026-08-21,11.199999809265137,C,25.0,1.8828130859374999,20.0,165,0.0,0.1
CRSR,2026-08-21,11.199999809265137,P,2.5,0.500005,1.0,0,0.0,0.0
CRSR,2026-08-21,11.199999809265137,P,5.0,0.500005,1.0,0,0.0,0.0
CRSR,2026-08-21,11.199999809265137,P,7.5,0.500005,50.0,0,0.0,0.0
CRSR,2026-08-21,11.199999809265137,P,10.0,0.12500875,19.0,0,0.0,0.0
CRSR,2026-08-21,11.199999809265137,P,12.5,1.0000000000000003e-05,13.0,0,0.0,0.0
CRSR,2026-08-21,11.199999809265137,P,15.0,1.0000000000000003e-05,1.0,0,0.0,0.0
CRSR,2026-08-21,11.199999809265137,P,17.5,1.0000000000000003e-05,2.0,0,0.0,0.0
CRSR,2026-08-21,11.199999809265137,P,20.0,1.0000000000000003e-05,,0,0.0,0.0
RILY,2026-08-07,7.409999847412109,C,3.0,1.0000000000000003e-05,12.0,0,0.0,0.0
RILY,2026-08-07,7.409999847412109,C,3.5,1.0000000000000003e-05,3.0,0,0.0,0.0
RILY,2026-08-07,7.409999847412109,C,5.0,1.0000000000000003e-05,2.0,0,0.0,0.0
RILY,2026-08-07,7.409999847412109,C,6.0,1.0000000000000003e-05,2.0,0,0.0,0.0
RILY,2026-08-07,7.409999847412109,C,6.5,1.0000000000000003e-05,2.0,0,0.0,0.0
RILY,2026-08-07,7.409999847412109,C,7.0,1.0000000000000003e-05,155.0,0,0.0,0.0
RILY,2026-08-07,7.409999847412109,C,7.5,0.062509375,1061.0,0,0.0,0.0
RILY,2026-08-07,7.409999847412109,C,8.0,0.2500075,3125.0,0,0.0,0.0
RILY,2026-08-07,7.409999847412109,C,8.5,0.500005,1996.0,0,0.0,0.0
RILY,2026-08-07,7.409999847412109,C,9.0,0.500005,496.0,0,0.0,0.0
RILY,2026-08-07,7.409999847412109,C,9.5,0.500005,143.0,0,0.0,0.0
RILY,2026-08-07,7.409999847412109,C,10.0,0.500005,3.0,0,0.0,0.0
RILY,2026-08-07,7.409999847412109,C,10.5,0.500005,1.0,0,0.0,0.0
RILY,2026-08-07,7.409999847412109,C,11.0,0.500005,1.0,0,0.0,0.0
RILY,2026-08-07,7.409999847412109,C,11.5,0.500005,3.0,0,0.0,0.0
RILY,2026-08-07,7.409999847412109,C,12.0,0.500005,,0,0.0,0.0
RILY,2026-08-07,7.409999847412109,C,12.5,0.500005,,0,0.0,0.0
RILY,2026-08-07,7.409999847412109,P,3.0,0.500005,2.0,0,0.0,0.0
RILY,2026-08-07,7.409999847412109,P,4.0,1.000005,5.0,0,0.0,0.0
RILY,2026-08-07,7.409999847412109,P,4.5,0.500005,1.0,0,0.0,0.0
RILY,2026-08-07,7.409999847412109,P,5.0,0.500005,1.0,0,0.0,0.0
RILY,2026-08-07,7.409999847412109,P,5.5,0.500005,56.0,0,0.0,0.0
RILY,2026-08-07,7.409999847412109,P,6.0,0.500005,5.0,0,0.0,0.0
RILY,2026-08-07,7.409999847412109,P,6.5,0.500005,4.0,0,0.0,0.0
RILY,2026-08-07,7.409999847412109,P,7.0,0.2500075,65.0,0,0.0,0.0
RILY,2026-08-07,7.409999847412109,P,7.5,1.0000000000000003e-05,81.0,0,0.0,0.0
RILY,2026-08-07,7.409999847412109,P,8.0,1.0000000000000003e-05,20.0,0,0.0,0.0
RILY,2026-08-07,7.409999847412109,P,8.5,1.0000000000000003e-05,102.0,0,0.0,0.0
RILY,2026-08-07,7.409999847412109,P,9.0,1.0000000000000003e-05,1.0,0,0.0,0.0
RILY,2026-08-07,7.409999847412109,P,9.5,1.0000000000000003e-05,2.0,0,0.0,0.0
RILY,2026-08-07,7.409999847412109,P,10.0,1.0000000000000003e-05,2.0,0,0.0,0.0
RILY,2026-08-07,7.409999847412109,P,11.0,1.0000000000000003e-05,1.0,0,0.0,0.0
RILY,2026-08-07,7.409999847412109,P,14.0,1.0000000000000003e-05,9.0,0,0.0,0.0
RILY,2026-08-07,7.409999847412109,P,15.0,1.0000000000000003e-05,11.0,0,0.0,0.0
AGO,2026-08-21,82.73999786376953,C,80.0,1.0000000000000003e-05,10.0,0,0.0,0.0
AGO,2026-08-21,82.73999786376953,C,85.0,0.0312596875,1.0,0,0.0,0.0
AGO,2026-08-21,82.73999786376953,C,90.0,0.12500875,8.0,0,0.0,0.0
AGO,2026-08-21,82.73999786376953,C,95.0,0.12500875,1.0,0,0.0,0.0
AGO,2026-08-21,82.73999786376953,P,75.0,0.12500875,1.0,0,0.0,0.0
AGO,2026-08-21,82.73999786376953,P,80.0,0.0312596875,56.0,0,0.0,0.0
AGO,2026-08-21,82.73999786376953,P,85.0,1.0000000000000003e-05,1.0,0,0.0,0.0
AGO,2026-08-21,82.73999786376953,P,90.0,1.0000000000000003e-05,,0,0.0,0.0
AGO,2026-08-21,82.73999786376953,P,105.0,1.0000000000000003e-05,,0,0.0,0.0
ORGO,2026-08-21,2.369999885559082,C,2.5,0.12500875,8.0,0.0,0.0,0.0
ORGO,2026-08-21,2.369999885559082,C,7.5,0.500005,1.0,0.0,0.0,0.0
VNT,2026-08-21,33.619998931884766,C,20.0,1.0000000000000003e-05,1.0,0,0.0,0.0
VNT,2026-08-21,33.619998931884766,C,25.0,1.0000000000000003e-05,1.0,0,0.0,0.0
VNT,2026-08-21,33.619998931884766,C,30.0,1.0000000000000003e-05,5.0,0,0.0,0.0
VNT,2026-08-21,33.619998931884766,C,35.0,0.062509375,23.0,0,0.0,0.0
VNT,2026-08-21,33.619998931884766,C,40.0,0.2500075,2.0,0,0.0,0.0
VNT,2026-08-21,33.619998931884766,C,45.0,0.2500075,1.0,0,0.0,0.0
VNT,2026-08-21,33.619998931884766,C,50.0,1.0078174609375,1.0,243,0.0,0.2
VNT,2026-08-21,33.619998931884766,C,55.0,0.500005,1.0,0,0.0,0.0
VNT,2026-08-21,33.619998931884766,P,17.5,0.500005,2.0,0,0.0,0.0
VNT,2026-08-21,33.619998931884766,P,20.0,0.500005,2.0,0,0.0,0.0
VNT,2026-08-21,33.619998931884766,P,22.5,0.500005,2.0,0,0.0,0.0
VNT,2026-08-21,33.619998931884766,P,25.0,0.2500075,4.0,0,0.0,0.0
VNT,2026-08-21,33.619998931884766,P,30.0,0.12500875,6.0,0,0.0,0.0
VNT,2026-08-21,33.619998931884766,P,35.0,1.0000000000000003e-05,45.0,0,0.0,0.0
VNT,2026-08-21,33.619998931884766,P,40.0,1.0000000000000003e-05,1.0,0,0.0,0.0
VNT,2026-08-21,33.619998931884766,P,50.0,2.8134795288085934,2.0,0,18.0,21.8
VNT,2026-08-21,33.619998931884766,P,55.0,1.0000000000000003e-05,,0,0.0,0.0
STRO,2026-08-21,25.100000381469727,C,2.5,1.0000000000000003e-05,,0,0.0,0.0
STRO,2026-08-21,25.100000381469727,C,10.0,1.0000000000000003e-05,5.0,0,0.0,0.0
STRO,2026-08-21,25.100000381469727,C,15.0,8.695317065429686,4.0,2,15.9,20.5
STRO,2026-08-21,25.100000381469727,C,17.5,16.91406721435547,2.0,6,21.5,25.5
STRO,2026-08-21,25.100000381469727,C,20.0,1.0000000000000003e-05,1.0,0,0.0,0.0
STRO,2026-08-21,25.100000381469727,C,22.5,10.927737545166018,1.0,2,17.2,21.0
STRO,2026-08-21,25.100000381469727,C,25.0,1.0000000000000003e-05,1.0,0,0.0,0.0
STRO,2026-08-21,25.100000381469727,C,30.0,0.2500075,8.0,0,0.0,0.0
STRO,2026-08-21,25.100000381469727,C,35.0,0.500005,1.0,0,0.0,0.0
STRO,2026-08-21,25.100000381469727,C,40.0,0.500005,1.0,0,0.0,0.0
STRO,2026-08-21,25.100000381469727,C,45.0,0.500005,,0,0.0,0.0
STRO,2026-08-21,25.100000381469727,C,55.0,0.500005,,0,0.0,0.0
STRO,2026-08-21,25.100000381469727,P,10.0,0.500005,1.0,0,0.0,0.0
STRO,2026-08-21,25.100000381469727,P,12.5,4.853519558105467,,4,0.0,4.9
STRO,2026-08-21,25.100000381469727,P,15.0,3.9160158349609375,,1,0.0,4.9
STRO,2026-08-21,25.100000381469727,P,17.5,3.1367209082031247,1.0,3,0.0,4.9
STRO,2026-08-21,25.100000381469727,P,20.0,0.2500075,1.0,0,0.0,0.0
STRO,2026-08-21,25.100000381469727,P,22.5,2.2509809350585934,1.0,4,1.0,5.5
STRO,2026-08-21,25.100000381469727,P,25.0,0.007822421875,1.0,0,0.0,0.0
STRO,2026-08-21,25.100000381469727,P,30.0,1.0000000000000003e-05,8.0,0,0.0,0.0
UE,2026-08-21,22.040000915527344,C,25.0,0.12500875,,0.0,0.0,0.0
ASTH,2026-08-21,35.83000183105469,C,10.0,7.562500546875,,2,26.9,30.7
ASTH,2026-08-21,35.83000183105469,C,12.5,1.0000000000000003e-05,80.0,0,0.0,0.0
ASTH,2026-08-21,35.83000183105469,C,15.0,1.0000000000000003e-05,3.0,0,0.0,0.0
ASTH,2026-08-21,35.83000183105469,C,17.5,4.621097973632812,30.0,14,19.4,23.3
ASTH,2026-08-21,35.83000183105469,C,20.0,1.0000000000000003e-05,1.0,0,0.0,0.0
ASTH,2026-08-21,35.83000183105469,C,22.5,3.5957041357421877,1.0,1,14.9,18.5
ASTH,2026-08-21,35.83000183105469,C,25.0,1.0000000000000003e-05,5.0,0,0.0,0.0
ASTH,2026-08-21,35.83000183105469,C,30.0,1.0000000000000003e-05,1.0,0,0.0,0.0
ASTH,2026-08-21,35.83000183105469,C,35.0,1.0000000000000003e-05,300.0,0,0.0,0.0
ASTH,2026-08-21,35.83000183105469,C,40.0,0.12500875,417.0,0,0.0,0.0
ASTH,2026-08-21,35.83000183105469,C,45.0,0.2500075,600.0,0,0.0,0.0
ASTH,2026-08-21,35.83000183105469,C,50.0,0.500005,59.0,0,0.0,0.0
ASTH,2026-08-21,35.83000183105469,C,55.0,0.500005,2.0,0,0.0,0.0
ASTH,2026-08-21,35.83000183105469,C,60.0,0.500005,5.0,0,0.0,0.0
ASTH,2026-08-21,35.83000183105469,C,65.0,0.500005,,0,0.0,0.0
ASTH,2026-08-21,35.83000183105469,P,12.5,4.058598676757812,30.0,30,0.0,1.75
ASTH,2026-08-21,35.83000183105469,P,15.0,4.4472700659179685,,30,0.3,3.5
ASTH,2026-08-21,35.83000183105469,P,17.5,3.128908427734375,1.0,126,0.0,2.2
ASTH,2026-08-21,35.83000183105469,P,20.0,0.500005,55.0,0,0.0,0.0
ASTH,2026-08-21,35.83000183105469,P,22.5,0.500005,12.0,0,0.0,0.0
ASTH,2026-08-21,35.83000183105469,P,25.0,0.500005,1.0,0,0.0,0.0
ASTH,2026-08-21,35.83000183105469,P,30.0,0.2500075,1.0,0,0.0,0.0
ASTH,2026-08-21,35.83000183105469,P,35.0,0.0312596875,1.0,0,0.0,0.0
ASTH,2026-08-21,35.83000183105469,P,40.0,1.0000000000000003e-05,1.0,0,0.0,0.0
ASTH,2026-08-21,35.83000183105469,P,45.0,1.0000000000000003e-05,1.0,0,0.0,0.0
ASTH,2026-08-21,35.83000183105469,P,50.0,1.0000000000000003e-05,1.0,0,0.0,0.0
ASTH,2026-08-21,35.83000183105469,P,55.0,1.0000000000000003e-05,2.0,0,0.0,0.0
CQP,2026-08-21,64.12999725341797,C,30.0,1.0000000000000003e-05,,0,0.0,0.0
CQP,2026-08-21,64.12999725341797,C,60.0,1.0000000000000003e-05,1.0,0,0.0,0.0
CQP,2026-08-21,64.12999725341797,C,65.0,0.015634843750000002,12.0,0,0.0,0.0
CQP,2026-08-21,64.12999725341797,C,70.0,0.12500875,1.0,0,0.0,0.0
CQP,2026-08-21,64.12999725341797,C,85.0,0.2500075,,0,0.0,0.0
CQP,2026-08-21,64.12999725341797,P,50.0,0.2500075,,0,0.0,0.0
CQP,2026-08-21,64.12999725341797,P,55.0,0.12500875,1.0,0,0.0,0.0
CQP,2026-08-21,64.12999725341797,P,60.0,0.062509375,1.0,0,0.0,0.0
CQP,2026-08-21,64.12999725341797,P,65.0,1.0000000000000003e-05,1.0,0,0.0,0.0
ENOV,2026-08-21,30.18000030517578,C,20.0,1.0000000000000003e-05,,0,0.0,0.0
ENOV,2026-08-21,30.18000030517578,C,22.5,1.0000000000000003e-05,1.0,0,0.0,0.0
ENOV,2026-08-21,30.18000030517578,C,25.0,1.0000000000000003e-05,2.0,0,0.0,0.0
ENOV,2026-08-21,30.18000030517578,C,30.0,1.0000000000000003e-05,1.0,0,0.0,0.0
ENOV,2026-08-21,30.18000030517578,C,35.0,0.12500875,1.0,0,0.0,0.0
ENOV,2026-08-21,30.18000030517578,P,12.5,0.500005,1.0,0,0.0,0.0
ENOV,2026-08-21,30.18000030517578,P,17.5,0.500005,1.0,0,0.0,0.0
ENOV,2026-08-21,30.18000030517578,P,20.0,0.500005,1.0,0,0.0,0.0
ENOV,2026-08-21,30.18000030517578,P,22.5,0.2500075,1.0,0,0.0,0.0
WBD,2026-08-07,25.969999313354492,C,15.0,1.0000000000000003e-05,8.0,0,0.0,0.0
WBD,2026-08-07,25.969999313354492,C,16.0,1.0000000000000003e-05,16.0,0,0.0,0.0
WBD,2026-08-07,25.969999313354492,C,17.0,1.0000000000000003e-05,15.0,0,0.0,0.0
WBD,2026-08-07,25.969999313354492,C,18.0,1.0000000000000003e-05,4.0,0,0.0,0.0
WBD,2026-08-07,25.969999313354492,C,19.0,1.0000000000000003e-05,7.0,0,0.0,0.0
WBD,2026-08-07,25.969999313354492,C,20.0,1.0000000000000003e-05,22.0,0,0.0,0.0
WBD,2026-08-07,25.969999313354492,C,21.0,1.0000000000000003e-05,18.0,0,0.0,0.0
WBD,2026-08-07,25.969999313354492,C,22.5,1.0000000000000003e-05,6.0,0,0.0,0.0
WBD,2026-08-07,25.969999313354492,C,23.0,1.0000000000000003e-05,2.0,0,0.0,0.0
WBD,2026-08-07,25.969999313354492,C,24.0,1.0000000000000003e-05,3.0,0,0.0,0.0
WBD,2026-08-07,25.969999313354492,C,24.5,1.0000000000000003e-05,1.0,0,0.0,0.0
WBD,2026-08-07,25.969999313354492,C,25.5,1.0000000000000003e-05,55.0,0,0.0,0.0
WBD,2026-08-07,25.969999313354492,C,26.0,0.007822421875,642.0,0,0.0,0.0
WBD,2026-08-07,25.969999313354492,C,26.5,0.062509375,775.0,0,0.0,0.0
WBD,2026-08-07,25.969999313354492,C,27.0,0.12500875,26.0,0,0.0,0.0
WBD,2026-08-07,25.969999313354492,C,27.5,0.2500075,6.0,0,0.0,0.0
WBD,2026-08-07,25.969999313354492,C,28.0,0.2500075,10.0,0,0.0,0.0
WBD,2026-08-07,25.969999313354492,C,29.0,0.500005,4.0,0,0.0,0.0
WBD,2026-08-07,25.969999313354492,C,29.5,0.500005,3.0,0,0.0,0.0
WBD,2026-08-07,25.969999313354492,C,30.0,0.500005,82.0,0,0.0,0.0
WBD,2026-08-07,25.969999313354492,C,30.5,0.500005,,0,0.0,0.0
WBD,2026-08-07,25.969999313354492,C,31.0,0.500005,1.0,0,0.0,0.0
WBD,2026-08-07,25.969999313354492,C,31.5,0.500005,,0,0.0,0.0
WBD,2026-08-07,25.969999313354492,C,32.0,0.500005,8.0,0,0.0,0.0
WBD,2026-08-07,25.969999313354492,P,17.0,0.500005,,0,0.0,0.0
WBD,2026-08-07,25.969999313354492,P,18.0,0.500005,,0,0.0,0.0
WBD,2026-08-07,25.969999313354492,P,19.0,0.500005,2.0,0,0.0,0.0
WBD,2026-08-07,25.969999313354492,P,20.0,0.500005,1.0,0,0.0,0.0
WBD,2026-08-07,25.969999313354492,P,21.0,0.500005,80.0,0,0.0,0.0
WBD,2026-08-07,25.969999313354492,P,22.0,0.500005,4.0,0,0.0,0.0
WBD,2026-08-07,25.969999313354492,P,23.0,0.500005,7.0,0,0.0,0.0
WBD,2026-08-07,25.969999313354492,P,24.0,0.2500075,1.0,0,0.0,0.0
WBD,2026-08-07,25.969999313354492,P,24.5,0.2500075,24.0,0,0.0,0.0
WBD,2026-08-07,25.969999313354492,P,25.0,0.12500875,988.0,0,0.0,0.0
WBD,2026-08-07,25.969999313354492,P,25.5,0.062509375,570.0,0,0.0,0.0
WBD,2026-08-07,25.969999313354492,P,26.0,1.0000000000000003e-05,124.0,0,0.0,0.0
WBD,2026-08-07,25.969999313354492,P,26.5,1.0000000000000003e-05,91.0,0,0.0,0.0
WBD,2026-08-07,25.969999313354492,P,27.0,1.0000000000000003e-05,2.0,0,0.0,0.0
WBD,2026-08-07,25.969999313354492,P,27.5,1.0000000000000003e-05,6.0,0,0.0,0.0
WBD,2026-08-07,25.969999313354492,P,28.0,1.0000000000000003e-05,20.0,0,0.0,0.0
WBD,2026-08-07,25.969999313354492,P,29.0,1.0000000000000003e-05,1.0,0,0.0,0.0
TRGP,2026-08-21,260.1099853515625,C,200.0,1.0000000000000003e-05,1.0,0,0.0,0.0
TRGP,2026-08-21,260.1099853515625,C,210.0,1.0000000000000003e-05,21.0,0,0.0,0.0
TRGP,2026-08-21,260.1099853515625,C,230.0,1.0000000000000003e-05,1.0,0,0.0,0.0
TRGP,2026-08-21,260.1099853515625,C,240.0,1.0000000000000003e-05,1.0,0,0.0,0.0
TRGP,2026-08-21,260.1099853515625,C,250.0,1.0000000000000003e-05,5.0,0,0.0,0.0
TRGP,2026-08-21,260.1099853515625,C,260.0,1.0000000000000003e-05,3.0,0,0.0,0.0
TRGP,2026-08-21,260.1099853515625,C,270.0,0.0312596875,1.0,0,0.0,0.0
TRGP,2026-08-21,260.1099853515625,C,280.0,0.062509375,3.0,0,0.0,0.0
TRGP,2026-08-21,260.1099853515625,C,290.0,0.12500875,248.0,0,0.0,0.0
TRGP,2026-08-21,260.1099853515625,C,300.0,0.12500875,4.0,0,0.0,0.0
TRGP,2026-08-21,260.1099853515625,C,310.0,0.12500875,10.0,0,0.0,0.0
TRGP,2026-08-21,260.1099853515625,C,320.0,0.2500075,1.0,0,0.0,0.0
TRGP,2026-08-21,260.1099853515625,C,330.0,0.2500075,5.0,0,0.0,0.0
TRGP,2026-08-21,260.1099853515625,C,340.0,0.2500075,1.0,0,0.0,0.0
TRGP,2026-08-21,260.1099853515625,P,170.0,0.500005,,0,0.0,0.0
TRGP,2026-08-21,260.1099853515625,P,180.0,0.2500075,,0,0.0,0.0
TRGP,2026-08-21,260.1099853515625,P,200.0,0.2500075,1.0,0,0.0,0.0
TRGP,2026-08-21,260.1099853515625,P,220.0,0.12500875,1.0,0,0.0,0.0
TRGP,2026-08-21,260.1099853515625,P,230.0,0.12500875,3.0,0,0.0,0.0
TRGP,2026-08-21,260.1099853515625,P,240.0,0.062509375,3.0,0,0.0,0.0
TRGP,2026-08-21,260.1099853515625,P,250.0,0.0312596875,2.0,0,0.0,0.0
TRGP,2026-08-21,260.1099853515625,P,260.0,0.000986552734375,2.0,0,0.0,0.0
TRGP,2026-08-21,260.1099853515625,P,270.0,1.0000000000000003e-05,1.0,0,0.0,0.0
TRGP,2026-08-21,260.1099853515625,P,280.0,1.0000000000000003e-05,87.0,0,0.0,0.0
TRGP,2026-08-21,260.1099853515625,P,290.0,1.0000000000000003e-05,5.0,0,13.5,15.3
TRGP,2026-08-21,260.1099853515625,P,320.0,1.0000000000000003e-05,,0,0.0,0.0
LION,2026-08-21,12.979999542236328,C,8.0,1.0000000000000003e-05,,0,0.0,0.0
LION,2026-08-21,12.979999542236328,C,10.0,1.0000000000000003e-05,1.0,0,0.0,0.0
LION,2026-08-21,12.979999542236328,C,11.0,1.0000000000000003e-05,1.0,0,0.0,0.0
LION,2026-08-21,12.979999542236328,C,12.0,1.0000000000000003e-05,1.0,0,0.0,0.0
LION,2026-08-21,12.979999542236328,C,13.0,0.0039162109375,36.0,0,0.0,0.0
LION,2026-08-21,12.979999542236328,C,14.0,0.12500875,71.0,0,0.0,0.0
LION,2026-08-21,12.979999542236328,C,15.0,0.2500075,3.0,0,0.0,0.0
LION,2026-08-21,12.979999542236328,C,16.0,0.2500075,50.0,0,0.0,0.0
LION,2026-08-21,12.979999542236328,C,17.0,0.2500075,1.0,0,0.0,0.0
LION,2026-08-21,12.979999542236328,C,18.0,0.500005,2.0,0,0.0,0.0
LION,2026-08-21,12.979999542236328,C,20.0,0.500005,30.0,0,0.0,0.0
LION,2026-08-21,12.979999542236328,P,9.0,0.500005,,0,0.0,0.0
LION,2026-08-21,12.979999542236328,P,10.0,0.2500075,1.0,0,0.0,0.0
LION,2026-08-21,12.979999542236328,P,11.0,0.2500075,10.0,0,0.0,0.0
LION,2026-08-21,12.979999542236328,P,12.0,0.12500875,2.0,0,0.0,0.0
LION,2026-08-21,12.979999542236328,P,13.0,1.0000000000000003e-05,2.0,0,0.0,0.0
LION,2026-08-21,12.979999542236328,P,14.0,1.0000000000000003e-05,2.0,0,0.0,0.0
LION,2026-08-21,12.979999542236328,P,15.0,1.0000000000000003e-05,2.0,0,0.0,0.0
LION,2026-08-21,12.979999542236328,P,16.0,1.0000000000000003e-05,2.0,0,0.0,0.0
LION,2026-08-21,12.979999542236328,P,17.0,1.0000000000000003e-05,588.0,0,0.0,0.0
LION,2026-08-21,12.979999542236328,P,20.0,1.0000000000000003e-05,2.0,0,0.0,0.0
LION,2026-08-21,12.979999542236328,P,21.0,1.0000000000000003e-05,6.0,0,0.0,0.0
LION,2026-08-21,12.979999542236328,P,22.0,1.0000000000000003e-05,4.0,0,0.0,0.0
LION,2026-08-21,12.979999542236328,P,23.0,1.0000000000000003e-05,4.0,0,0.0,0.0
LION,2026-08-21,12.979999542236328,P,24.0,1.0000000000000003e-05,4.0,0,0.0,0.0
LION,2026-08-21,12.979999542236328,P,25.0,1.0000000000000003e-05,6.0,0,0.0,0.0
LION,2026-08-21,12.979999542236328,P,30.0,1.0000000000000003e-05,6.0,0,0.0,0.0
MFIC,2026-08-21,9.479999542236328,C,10.0,0.062509375,4.0,0,0.0,0.0
MFIC,2026-08-21,9.479999542236328,C,11.0,0.5390671093750001,,4,0.0,0.1
MFIC,2026-08-21,9.479999542236328,C,12.0,0.6562534375000001,,12,0.0,0.05
MFIC,2026-08-21,9.479999542236328,C,13.0,0.8281267187499999,,2,0.0,0.05
MFIC,2026-08-21,9.479999542236328,C,14.0,0.500005,3.0,0,0.0,0.0
MFIC,2026-08-21,9.479999542236328,C,15.0,1.109379453125,,2,0.0,0.05
MFIC,2026-08-21,9.479999542236328,C,16.0,1.2343788281249999,,2,0.0,0.05
MFIC,2026-08-21,9.479999542236328,C,17.0,1.3437532812499997,,2,0.0,0.05
MFIC,2026-08-21,9.479999542236328,C,18.0,1.453127734375,,2,0.0,0.05
MFIC,2026-08-21,9.479999542236328,P,10.0,1.0000000000000003e-05,30.0,0,0.0,0.0
MFIC,2026-08-21,9.479999542236328,P,11.0,1.0000000000000003e-05,,0,0.0,0.0
OM,2026-08-21,5.119999885559082,C,2.5,1.0000000000000003e-05,3.0,0,0.0,0.0
OM,2026-08-21,5.119999885559082,C,5.0,1.0000000000000003e-05,5.0,0,0.0,0.0
OM,2026-08-21,5.119999885559082,C,7.5,0.500005,2.0,0,0.0,0.0
OM,2026-08-21,5.119999885559082,C,10.0,0.500005,1.0,0,0.0,0.0
OM,2026-08-21,5.119999885559082,P,2.5,0.500005,61.0,0,0.0,0.0
OM,2026-08-21,5.119999885559082,P,5.0,0.062509375,1.0,0,0.0,0.0
OM,2026-08-21,5.119999885559082,P,7.5,1.0000000000000003e-05,,0,0.0,0.0
DV,2026-08-21,11.989999771118164,C,2.5,1.0000000000000003e-05,,0,0.0,0.0
DV,2026-08-21,11.989999771118164,C,5.0,1.0000000000000003e-05,1.0,2,4.8,5.9
DV,2026-08-21,11.989999771118164,C,7.5,1.0000000000000003e-05,1.0,0,0.0,0.0
DV,2026-08-21,11.989999771118164,C,10.0,1.0000000000000003e-05,50.0,0,0.0,0.0
DV,2026-08-21,11.989999771118164,C,12.5,0.062509375,103.0,0,0.0,0.0
DV,2026-08-21,11.989999771118164,C,15.0,0.2500075,100.0,0,0.0,0.0
DV,2026-08-21,11.989999771118164,C,17.5,0.500005,,0,0.0,0.0
DV,2026-08-21,11.989999771118164,C,20.0,0.500005,1.0,0,0.0,0.0
DV,2026-08-21,11.989999771118164,P,7.5,2.2656293359374997,4.0,12,0.0,0.75
DV,2026-08-21,11.989999771118164,P,10.0,0.2500075,7.0,0,0.0,0.0
DV,2026-08-21,11.989999771118164,P,12.5,1.0000000000000003e-05,4.0,0,0.0,0.0
DV,2026-08-21,11.989999771118164,P,15.0,1.0000000000000003e-05,3.0,0,0.0,0.0
DV,2026-08-21,11.989999771118164,P,17.5,2.7363312841796876,1.0,0,6.0,7.5
DV,2026-08-21,11.989999771118164,P,20.0,1.0000000000000003e-05,1.0,0,0.0,0.0
SHO,2026-08-21,11.680000305175781,C,2.5,1.0000000000000003e-05,2.0,0.0,0.0,0.0
SHO,2026-08-21,11.680000305175781,C,12.5,0.12500875,3.0,0.0,0.0,0.0
SHO,2026-08-21,11.680000305175781,C,15.0,0.2500075,4.0,0.0,0.0,0.0
SHO,2026-08-21,11.680000305175781,C,17.5,2.699222001953125,,10.0,0.0,2.2
AMLX,2026-08-21,21.850000381469727,C,5.0,1.0000000000000003e-05,,1,8.1,11.9
AMLX,2026-08-21,21.850000381469727,C,8.0,1.0000000000000003e-05,1.0,0,0.0,0.0
AMLX,2026-08-21,21.850000381469727,C,9.0,1.0000000000000003e-05,,1,5.4,9.4
AMLX,2026-08-21,21.850000381469727,C,10.0,1.0000000000000003e-05,,1,4.8,8.7
AMLX,2026-08-21,21.850000381469727,C,11.0,1.0000000000000003e-05,,1,4.6,8.5
AMLX,2026-08-21,21.850000381469727,C,12.0,1.0000000000000003e-05,1.0,0,0.0,0.0
AMLX,2026-08-21,21.850000381469727,C,13.0,1.0000000000000003e-05,2.0,0,0.0,0.0
AMLX,2026-08-21,21.850000381469727,C,14.0,1.0000000000000003e-05,1.0,0,0.0,0.0
AMLX,2026-08-21,21.850000381469727,C,15.0,1.0000000000000003e-05,1.0,0,0.0,0.0
AMLX,2026-08-21,21.850000381469727,C,16.0,1.0000000000000003e-05,1.0,0,0.0,0.0
AMLX,2026-08-21,21.850000381469727,C,17.0,1.0000000000000003e-05,71.0,0,0.0,0.0
AMLX,2026-08-21,21.850000381469727,C,18.0,1.0000000000000003e-05,3.0,0,0.0,0.0
AMLX,2026-08-21,21.850000381469727,C,19.0,1.0000000000000003e-05,1.0,0,0.0,0.0
AMLX,2026-08-21,21.850000381469727,C,20.0,1.0000000000000003e-05,123.0,0,0.0,0.0
AMLX,2026-08-21,21.850000381469727,C,21.0,1.0000000000000003e-05,1.0,0,0.0,0.0
AMLX,2026-08-21,21.850000381469727,C,22.0,0.015634843750000002,1.0,0,0.0,0.0
AMLX,2026-08-21,21.850000381469727,C,23.0,0.062509375,1.0,0,0.0,0.0
AMLX,2026-08-21,21.850000381469727,C,24.0,0.12500875,1.0,0,0.0,0.0
AMLX,2026-08-21,21.850000381469727,C,25.0,0.12500875,91.0,0,0.0,0.0
AMLX,2026-08-21,21.850000381469727,C,26.0,0.2500075,10.0,0,0.0,0.0
AMLX,2026-08-21,21.850000381469727,C,27.0,0.2500075,1.0,0,0.0,0.0
AMLX,2026-08-21,21.850000381469727,C,28.0,0.2500075,2.0,0,0.0,0.0
AMLX,2026-08-21,21.850000381469727,C,29.0,1.7158217333984376,1.0,4,0.0,2.2
AMLX,2026-08-21,21.850000381469727,C,30.0,0.500005,1.0,0,0.0,0.0
AMLX,2026-08-21,21.850000381469727,C,32.0,0.500005,3.0,0,0.0,0.0
AMLX,2026-08-21,21.850000381469727,C,33.0,0.500005,1.0,0,0.0,0.0
AMLX,2026-08-21,21.850000381469727,C,35.0,0.500005,,0,0.0,0.0
AMLX,2026-08-21,21.850000381469727,P,3.0,0.500005,1.0,0,0.0,0.0
AMLX,2026-08-21,21.850000381469727,P,4.0,0.500005,54.0,0,0.0,0.0
AMLX,2026-08-21,21.850000381469727,P,5.0,0.500005,4.0,0,0.0,0.0
AMLX,2026-08-21,21.850000381469727,P,6.0,0.500005,2.0,0,0.0,0.0
AMLX,2026-08-21,21.850000381469727,P,7.0,0.500005,1.0,0,0.0,0.0
AMLX,2026-08-21,21.850000381469727,P,8.0,0.500005,1.0,0,0.0,0.0
AMLX,2026-08-21,21.850000381469727,P,9.0,4.57812927734375,1.0,2,0.0,2.4
AMLX,2026-08-21,21.850000381469727,P,10.0,0.500005,3.0,0,0.0,0.0
AMLX,2026-08-21,21.850000381469727,P,11.0,0.500005,2.0,0,0.0,0.0
AMLX,2026-08-21,21.850000381469727,P,12.0,0.500005,6.0,0,0.0,0.0
AMLX,2026-08-21,21.850000381469727,P,13.0,0.500005,2.0,0,0.0,0.0
AMLX,2026-08-21,21.850000381469727,P,14.0,0.500005,1.0,0,0.0,0.0
AMLX,2026-08-21,21.850000381469727,P,15.0,0.500005,1.0,0,0.0,0.0
AMLX,2026-08-21,21.850000381469727,P,16.0,0.500005,6.0,0,0.0,0.0
AMLX,2026-08-21,21.850000381469727,P,17.0,0.2500075,9.0,0,0.0,0.0
AMLX,2026-08-21,21.850000381469727,P,18.0,0.2500075,18.0,0,0.0,0.0
AMLX,2026-08-21,21.850000381469727,P,19.0,0.12500875,1.0,0,0.0,0.0
AMLX,2026-08-21,21.850000381469727,P,20.0,0.12500875,6.0,0,0.0,0.0
AMLX,2026-08-21,21.850000381469727,P,21.0,0.062509375,1.0,0,0.0,0.0
AMLX,2026-08-21,21.850000381469727,P,22.0,1.0000000000000003e-05,86.0,0,0.0,0.0
AMLX,2026-08-21,21.850000381469727,P,23.0,5.503909370117187,1.0,1,8.3,12.4
AMLX,2026-08-21,21.850000381469727,P,24.0,1.0000000000000003e-05,19.0,0,0.0,0.0
APT,2026-08-07,4.900000095367432,C,1.0,1.0000000000000003e-05,1.0,0,0.0,0.0
APT,2026-08-07,4.900000095367432,C,1.5,1.0000000000000003e-05,1.0,0,0.0,0.0
APT,2026-08-07,4.900000095367432,C,2.5,1.0000000000000003e-05,2.0,0,0.0,0.0
APT,2026-08-07,4.900000095367432,C,3.0,1.0000000000000003e-05,1.0,0,0.0,0.0
APT,2026-08-07,4.900000095367432,C,5.0,0.12500875,7.0,0,0.0,0.0
APT,2026-08-07,4.900000095367432,C,5.5,0.500005,2.0,0,0.0,0.0
APT,2026-08-07,4.900000095367432,C,6.0,0.500005,1.0,0,0.0,0.0
APT,2026-08-07,4.900000095367432,C,7.5,0.500005,,0,0.0,0.0
APT,2026-08-07,4.900000095367432,P,1.5,0.500005,1.0,0,0.0,0.0
APT,2026-08-07,4.900000095367432,P,2.0,0.500005,2.0,0,0.0,0.0
APT,2026-08-07,4.900000095367432,P,4.5,0.500005,76.0,0,0.0,0.0
APT,2026-08-07,4.900000095367432,P,5.0,1.0000000000000003e-05,1.0,0,0.0,0.0
APT,2026-08-07,4.900000095367432,P,7.0,1.0000000000000003e-05,1.0,0,0.0,0.0
ZTS,2026-08-21,74.38999938964844,C,40.0,1.0000000000000003e-05,18.0,0,0.0,0.0
ZTS,2026-08-21,74.38999938964844,C,45.0,1.0000000000000003e-05,,0,0.0,0.0
ZTS,2026-08-21,74.38999938964844,C,50.0,1.0000000000000003e-05,,0,0.0,0.0
ZTS,2026-08-21,74.38999938964844,C,55.0,1.0000000000000003e-05,40.0,0,0.0,0.0
ZTS,2026-08-21,74.38999938964844,C,60.0,1.0000000000000003e-05,5.0,0,0.0,0.0
ZTS,2026-08-21,74.38999938964844,C,65.0,1.0000000000000003e-05,2.0,0,0.0,0.0
ZTS,2026-08-21,74.38999938964844,C,70.0,1.0000000000000003e-05,103.0,0,0.0,0.0
ZTS,2026-08-21,74.38999938964844,C,75.0,0.015634843750000002,2283.0,0,0.0,0.0
ZTS,2026-08-21,74.38999938964844,C,80.0,0.062509375,2624.0,0,0.0,0.0
ZTS,2026-08-21,74.38999938964844,C,85.0,0.12500875,2095.0,0,0.0,0.0
ZTS,2026-08-21,74.38999938964844,C,90.0,0.2500075,1714.0,0,0.0,0.0
ZTS,2026-08-21,74.38999938964844,C,95.0,0.2500075,86.0,0,0.0,0.0
ZTS,2026-08-21,74.38999938964844,C,100.0,0.2500075,469.0,0,0.0,0.0
ZTS,2026-08-21,74.38999938964844,C,105.0,0.2500075,15.0,0,0.0,0.0
ZTS,2026-08-21,74.38999938964844,C,110.0,0.500005,10.0,0,0.0,0.0
ZTS,2026-08-21,74.38999938964844,C,120.0,0.500005,2.0,0,0.0,0.0
ZTS,2026-08-21,74.38999938964844,P,40.0,0.500005,1.0,0,0.0,0.0
ZTS,2026-08-21,74.38999938964844,P,50.0,0.500005,11.0,0,0.0,0.0
ZTS,2026-08-21,74.38999938964844,P,55.0,0.2500075,452.0,0,0.0,0.0
ZTS,2026-08-21,74.38999938964844,P,60.0,0.2500075,1495.0,0,0.0,0.0
ZTS,2026-08-21,74.38999938964844,P,65.0,0.12500875,4059.0,0,0.0,0.0
ZTS,2026-08-21,74.38999938964844,P,70.0,0.062509375,2870.0,0,0.0,0.0
ZTS,2026-08-21,74.38999938964844,P,75.0,1.0000000000000003e-05,1423.0,0,0.0,0.0
ZTS,2026-08-21,74.38999938964844,P,80.0,1.0000000000000003e-05,4.0,0,0.0,0.0
ZTS,2026-08-21,74.38999938964844,P,85.0,1.0000000000000003e-05,4.0,0,0.0,0.0
ZTS,2026-08-21,74.38999938964844,P,90.0,1.0000000000000003e-05,2.0,0,0.0,0.0
ZTS,2026-08-21,74.38999938964844,P,95.0,1.0000000000000003e-05,1.0,0,0.0,0.0
ZTS,2026-08-21,74.38999938964844,P,100.0,1.0000000000000003e-05,1.0,0,0.0,0.0
LLYVK,2026-08-21,103.70999908447266,C,100.0,1.0000000000000003e-05,6.0,0.0,0.0,0.0
LLYVK,2026-08-21,103.70999908447266,C,105.0,0.015634843750000002,57.0,0.0,0.0,0.0
LLYVK,2026-08-21,103.70999908447266,C,110.0,0.062509375,57.0,0.0,0.0,0.0
LLYVK,2026-08-21,103.70999908447266,C,115.0,0.12500875,,0.0,0.0,0.0
BDX,2026-08-21,170.66000366210938,C,115.0,1.0000000000000003e-05,1.0,0,0.0,0.0
BDX,2026-08-21,170.66000366210938,C,130.0,1.0000000000000003e-05,,2,22.1,26.0
BDX,2026-08-21,170.66000366210938,C,135.0,1.0000000000000003e-05,1.0,0,0.0,0.0
BDX,2026-08-21,170.66000366210938,C,140.0,1.0000000000000003e-05,,0,0.0,0.0
BDX,2026-08-21,170.66000366210938,C,145.0,1.0000000000000003e-05,1.0,0,0.0,0.0
BDX,2026-08-21,170.66000366210938,C,150.0,1.0000000000000003e-05,1.0,0,0.0,0.0
BDX,2026-08-21,170.66000366210938,C,155.0,1.0000000000000003e-05,2.0,0,0.0,0.0
BDX,2026-08-21,170.66000366210938,C,160.0,1.0000000000000003e-05,1.0,0,0.0,0.0
BDX,2026-08-21,170.66000366210938,C,165.0,1.0000000000000003e-05,5.0,0,0.0,0.0
BDX,2026-08-21,170.66000366210938,C,170.0,1.0000000000000003e-05,299.0,0,0.0,0.0
BDX,2026-08-21,170.66000366210938,C,175.0,0.0312596875,262.0,0,0.0,0.0
BDX,2026-08-21,170.66000366210938,C,180.0,0.062509375,20.0,0,0.0,0.0
BDX,2026-08-21,170.66000366210938,C,185.0,0.062509375,10.0,0,0.0,0.0
BDX,2026-08-21,170.66000366210938,C,190.0,0.12500875,2.0,0,0.0,0.0
BDX,2026-08-21,170.66000366210938,C,195.0,0.12500875,4.0,0,0.0,0.0
BDX,2026-08-21,170.66000366210938,C,200.0,0.12500875,129.0,0,0.0,0.0
BDX,2026-08-21,170.66000366210938,P,100.0,0.500005,1.0,0,0.0,0.0
BDX,2026-08-21,170.66000366210938,P,120.0,0.2500075,1.0,0,0.0,0.0
BDX,2026-08-21,170.66000366210938,P,125.0,0.2500075,27.0,0,0.0,0.0
BDX,2026-08-21,170.66000366210938,P,130.0,0.2500075,10.0,0,0.0,0.0
BDX,2026-08-21,170.66000366210938,P,135.0,0.2500075,1.0,0,0.0,0.0
BDX,2026-08-21,170.66000366210938,P,140.0,0.2500075,1.0,0,0.0,0.0
BDX,2026-08-21,170.66000366210938,P,145.0,0.12500875,124.0,0,0.0,0.0
BDX,2026-08-21,170.66000366210938,P,150.0,0.12500875,16.0,0,0.0,0.0
BDX,2026-08-21,170.66000366210938,P,155.0,0.12500875,130.0,0,0.0,0.0
BDX,2026-08-21,170.66000366210938,P,160.0,0.062509375,289.0,0,0.0,0.0
BDX,2026-08-21,170.66000366210938,P,165.0,0.0312596875,59.0,0,0.0,0.0
BDX,2026-08-21,170.66000366210938,P,170.0,0.007822421875,51.0,0,0.0,0.0
PAA,2026-08-07,23.170000076293945,C,14.0,1.0000000000000003e-05,3.0,0,0.0,0.0
PAA,2026-08-07,23.170000076293945,C,15.0,1.0000000000000003e-05,3.0,0,0.0,0.0
PAA,2026-08-07,23.170000076293945,C,18.0,1.0000000000000003e-05,5.0,0,0.0,0.0
PAA,2026-08-07,23.170000076293945,C,18.5,1.0000000000000003e-05,1.0,0,0.0,0.0
PAA,2026-08-07,23.170000076293945,C,21.5,1.0000000000000003e-05,4.0,0,0.0,0.0
PAA,2026-08-07,23.170000076293945,C,22.0,1.0000000000000003e-05,2.0,0,0.0,0.0
PAA,2026-08-07,23.170000076293945,C,22.5,1.0000000000000003e-05,3.0,0,0.0,0.0
PAA,2026-08-07,23.170000076293945,C,23.0,1.0000000000000003e-05,25.0,0,0.0,0.0
PAA,2026-08-07,23.170000076293945,C,23.5,0.062509375,80.0,0,0.0,0.0
PAA,2026-08-07,23.170000076293945,C,24.0,0.12500875,13.0,0,0.0,0.0
PAA,2026-08-07,23.170000076293945,C,24.5,0.2500075,118.0,0,0.0,0.0
PAA,2026-08-07,23.170000076293945,C,25.0,0.2500075,3.0,0,0.0,0.0
PAA,2026-08-07,23.170000076293945,C,25.5,0.2500075,5.0,0,0.0,0.0
PAA,2026-08-07,23.170000076293945,C,27.5,0.500005,17.0,0,0.0,0.0
PAA,2026-08-07,23.170000076293945,P,19.5,0.500005,,0,0.0,0.0
PAA,2026-08-07,23.170000076293945,P,20.5,0.500005,6.0,0,0.0,0.0
PAA,2026-08-07,23.170000076293945,P,21.0,0.500005,3.0,0,0.0,0.0
PAA,2026-08-07,23.170000076293945,P,22.0,0.2500075,5.0,0,0.0,0.0
PAA,2026-08-07,23.170000076293945,P,22.5,0.12500875,,0,0.0,0.0
PAA,2026-08-07,23.170000076293945,P,23.0,0.0312596875,55.0,0,0.0,0.0
PAA,2026-08-07,23.170000076293945,P,23.5,1.0000000000000003e-05,81.0,0,0.0,0.0
PAA,2026-08-07,23.170000076293945,P,24.0,1.0000000000000003e-05,2.0,0,0.0,0.0
PAA,2026-08-07,23.170000076293945,P,24.5,1.0000000000000003e-05,2.0,0,0.0,0.0
PAA,2026-08-07,23.170000076293945,P,25.0,1.0000000000000003e-05,1.0,0,0.0,0.0
PAA,2026-08-07,23.170000076293945,P,25.5,1.0000000000000003e-05,2.0,0,0.0,0.0
PAA,2026-08-07,23.170000076293945,P,26.0,1.0000000000000003e-05,2.0,0,0.0,0.0
PAA,2026-08-07,23.170000076293945,P,26.5,1.0000000000000003e-05,2.0,0,0.0,0.0
PAA,2026-08-07,23.170000076293945,P,27.0,1.0000000000000003e-05,2.0,0,0.0,0.0
PAA,2026-08-07,23.170000076293945,P,27.5,1.0000000000000003e-05,1.0,0,0.0,0.0
PAA,2026-08-07,23.170000076293945,P,28.0,1.0000000000000003e-05,,0,0.0,0.0
PAA,2026-08-07,23.170000076293945,P,28.5,1.0000000000000003e-05,4.0,0,0.0,0.0
PAA,2026-08-07,23.170000076293945,P,29.0,1.0000000000000003e-05,2.0,0,0.0,0.0
PAA,2026-08-07,23.170000076293945,P,30.0,1.0000000000000003e-05,2.0,0,0.0,0.0
PAA,2026-08-07,23.170000076293945,P,31.0,1.0000000000000003e-05,4.0,0,0.0,0.0
PAA,2026-08-07,23.170000076293945,P,32.0,1.0000000000000003e-05,,0,0.0,0.0
AIG,2026-08-07,80.12000274658203,C,71.0,1.0000000000000003e-05,5.0,0,0.0,0.0
AIG,2026-08-07,80.12000274658203,C,72.0,1.0000000000000003e-05,2.0,0,0.0,0.0
AIG,2026-08-07,80.12000274658203,C,74.0,1.0000000000000003e-05,1.0,0,0.0,0.0
AIG,2026-08-07,80.12000274658203,C,75.0,1.0000000000000003e-05,4.0,0,0.0,0.0
AIG,2026-08-07,80.12000274658203,C,76.0,1.0000000000000003e-05,2.0,0,0.0,0.0
AIG,2026-08-07,80.12000274658203,C,77.0,1.0000000000000003e-05,3.0,0,0.0,0.0
AIG,2026-08-07,80.12000274658203,C,78.0,1.0000000000000003e-05,15.0,0,0.0,0.0
AIG,2026-08-07,80.12000274658203,C,79.0,1.0000000000000003e-05,5.0,0,0.0,0.0
AIG,2026-08-07,80.12000274658203,C,80.0,1.0000000000000003e-05,18.0,0,0.0,0.0
AIG,2026-08-07,80.12000274658203,C,81.0,0.0312596875,6.0,0,0.0,0.0
AIG,2026-08-07,80.12000274658203,C,82.0,0.062509375,26.0,0,0.0,0.0
AIG,2026-08-07,80.12000274658203,C,83.0,0.12500875,52.0,0,0.0,0.0
AIG,2026-08-07,80.12000274658203,C,84.0,0.12500875,5.0,0,0.0,0.0
AIG,2026-08-07,80.12000274658203,C,85.0,0.2500075,21.0,0,0.0,0.0
AIG,2026-08-07,80.12000274658203,C,86.0,0.2500075,1.0,0,0.0,0.0
AIG,2026-08-07,80.12000274658203,C,87.0,0.2500075,1.0,0,0.0,0.0
AIG,2026-08-07,80.12000274658203,C,88.0,0.2500075,19.0,0,0.0,0.0
AIG,2026-08-07,80.12000274658203,C,89.0,0.2500075,1.0,0,0.0,0.0
AIG,2026-08-07,80.12000274658203,C,100.0,0.500005,,0,0.0,0.0
AIG,2026-08-07,80.12000274658203,C,105.0,0.500005,,0,0.0,0.0
AIG,2026-08-07,80.12000274658203,P,72.0,0.2500075,3.0,0,0.0,0.0
AIG,2026-08-07,80.12000274658203,P,73.0,0.2500075,11.0,0,0.0,0.0
AIG,2026-08-07,80.12000274658203,P,74.0,0.2500075,1.0,0,0.0,0.0
AIG,2026-08-07,80.12000274658203,P,75.0,0.2500075,33.0,0,0.0,0.0
AIG,2026-08-07,80.12000274658203,P,76.0,0.2500075,5.0,0,0.0,0.0
AIG,2026-08-07,80.12000274658203,P,77.0,0.12500875,16.0,0,0.0,0.0
AIG,2026-08-07,80.12000274658203,P,78.0,0.12500875,498.0,0,0.0,0.0
AIG,2026-08-07,80.12000274658203,P,79.0,0.062509375,125.0,0,0.0,0.0
AIG,2026-08-07,80.12000274658203,P,80.0,0.007822421875,51.0,0,0.0,0.0
AIG,2026-08-07,80.12000274658203,P,81.0,1.0000000000000003e-05,1.0,0,0.0,0.0
AIG,2026-08-07,80.12000274658203,P,82.0,1.0000000000000003e-05,2.0,0,0.0,0.0
AIG,2026-08-07,80.12000274658203,P,84.0,1.0000000000000003e-05,10.0,0,0.0,0.0
TGLS,2026-08-21,47.75,C,22.5,1.0000000000000003e-05,,1,19.9,24.0
TGLS,2026-08-21,47.75,C,30.0,1.0000000000000003e-05,,3,8.7,11.2
TGLS,2026-08-21,47.75,C,35.0,1.0000000000000003e-05,,2,10.0,12.7
TGLS,2026-08-21,47.75,C,40.0,1.0000000000000003e-05,1.0,0,0.0,0.0
TGLS,2026-08-21,47.75,C,45.0,1.0000000000000003e-05,1.0,0,0.0,0.0
TGLS,2026-08-21,47.75,C,50.0,0.062509375,2.0,0,0.0,0.0
TGLS,2026-08-21,47.75,C,55.0,0.12500875,2.0,0,0.0,0.0
TGLS,2026-08-21,47.75,C,60.0,0.2500075,8.0,0,0.0,0.0
TGLS,2026-08-21,47.75,C,65.0,1.0078174609375,4.0,17,0.0,0.75
TGLS,2026-08-21,47.75,C,70.0,0.500005,9.0,0,0.0,0.0
TGLS,2026-08-21,47.75,C,75.0,0.500005,3.0,0,0.0,0.0
TGLS,2026-08-21,47.75,C,80.0,0.500005,13.0,0,0.0,0.0
TGLS,2026-08-21,47.75,P,25.0,0.500005,1.0,0,0.0,0.0
TGLS,2026-08-21,47.75,P,30.0,0.500005,1.0,0,0.0,0.0
TGLS,2026-08-21,47.75,P,35.0,0.2500075,1.0,0,0.0,0.0
TGLS,2026-08-21,47.75,P,40.0,0.2500075,1.0,0,0.0,0.0
TGLS,2026-08-21,47.75,P,45.0,0.062509375,1.0,0,0.0,0.0
TGLS,2026-08-21,47.75,P,50.0,1.0000000000000003e-05,1.0,0,0.0,0.0
TGLS,2026-08-21,47.75,P,55.0,1.0000000000000003e-05,1.0,0,0.0,0.0
TGLS,2026-08-21,47.75,P,60.0,1.0000000000000003e-05,1.0,0,0.0,0.0
FOX,2026-08-21,52.20000076293945,C,35.0,1.0000000000000003e-05,,0,0.0,0.0
FOX,2026-08-21,52.20000076293945,C,40.0,1.0000000000000003e-05,5.0,0,0.0,0.0
FOX,2026-08-21,52.20000076293945,C,45.0,1.0000000000000003e-05,2.0,0,0.0,0.0
FOX,2026-08-21,52.20000076293945,C,50.0,1.0000000000000003e-05,33.0,0,0.0,0.0
FOX,2026-08-21,52.20000076293945,C,55.0,0.062509375,9.0,0,0.0,0.0
FOX,2026-08-21,52.20000076293945,C,60.0,0.12500875,1.0,0,0.0,0.0
FOX,2026-08-21,52.20000076293945,C,65.0,0.2500075,,0,0.0,0.0
FOX,2026-08-21,52.20000076293945,C,70.0,0.2500075,,0,0.0,0.0
FOX,2026-08-21,52.20000076293945,P,25.0,0.500005,2.0,0,0.0,0.0
FOX,2026-08-21,52.20000076293945,P,40.0,0.2500075,2.0,0,0.0,0.0
FOX,2026-08-21,52.20000076293945,P,45.0,0.12500875,80.0,0,0.0,0.0
FOX,2026-08-21,52.20000076293945,P,50.0,0.062509375,10.0,0,0.0,0.0
FOX,2026-08-21,52.20000076293945,P,55.0,1.0000000000000003e-05,1.0,0,0.0,0.0
FOX,2026-08-21,52.20000076293945,P,60.0,1.0000000000000003e-05,,0,0.0,0.0
CCCC,2026-08-21,3.619999885559082,C,2.0,1.0000000000000003e-05,15.0,0,0.0,0.0
CCCC,2026-08-21,3.619999885559082,C,3.0,1.0000000000000003e-05,20.0,0,0.0,0.0
CCCC,2026-08-21,3.619999885559082,C,4.0,0.12500875,22.0,0,0.0,0.0
CCCC,2026-08-21,3.619999885559082,C,5.0,0.500005,1.0,0,0.0,0.0
CCCC,2026-08-21,3.619999885559082,C,6.0,0.500005,,0,0.0,0.0
CCCC,2026-08-21,3.619999885559082,C,7.0,0.500005,3.0,0,0.0,0.0
CCCC,2026-08-21,3.619999885559082,P,1.0,0.500005,30.0,0,0.0,0.0
CCCC,2026-08-21,3.619999885559082,P,2.0,0.500005,16.0,0,0.0,0.0
CCCC,2026-08-21,3.619999885559082,P,3.0,0.2500075,44.0,0,0.0,0.0
CCCC,2026-08-21,3.619999885559082,P,4.0,1.0000000000000003e-05,2.0,0,0.0,0.0
CCCC,2026-08-21,3.619999885559082,P,5.0,1.0000000000000003e-05,,0,0.0,0.0
TRVI,2026-08-21,18.649999618530273,C,15.0,1.0000000000000003e-05,100,0,0.0,0.0
TRVI,2026-08-21,18.649999618530273,C,16.0,1.0000000000000003e-05,2,0,0.0,0.0
TRVI,2026-08-21,18.649999618530273,C,17.0,1.0000000000000003e-05,1,0,0.0,0.0
TRVI,2026-08-21,18.649999618530273,C,18.0,1.0000000000000003e-05,26,0,0.0,0.0
TRVI,2026-08-21,18.649999618530273,C,19.0,0.0312596875,1,0,0.0,0.0
TRVI,2026-08-21,18.649999618530273,C,20.0,0.12500875,1,0,0.0,0.0
TRVI,2026-08-21,18.649999618530273,C,21.0,0.12500875,111,0,0.0,0.0
TRVI,2026-08-21,18.649999618530273,C,22.0,0.2500075,4,0,0.0,0.0
TRVI,2026-08-21,18.649999618530273,C,23.0,0.2500075,114,0,0.0,0.0
TRVI,2026-08-21,18.649999618530273,C,25.0,0.2500075,1,0,0.0,0.0
TRVI,2026-08-21,18.649999618530273,P,15.0,0.2500075,8,0,0.0,0.0
TRVI,2026-08-21,18.649999618530273,P,16.0,0.2500075,240,0,0.0,0.0
TRVI,2026-08-21,18.649999618530273,P,17.0,0.12500875,100,0,0.0,0.0
TRVI,2026-08-21,18.649999618530273,P,18.0,0.062509375,10,0,0.0,0.0
TRVI,2026-08-21,18.649999618530273,P,19.0,1.0000000000000003e-05,6,0,0.0,0.0
TRVI,2026-08-21,18.649999618530273,P,20.0,1.0000000000000003e-05,50,0,0.0,0.0
STEP,2026-08-21,49.81999969482422,C,22.5,1.0000000000000003e-05,2.0,0,0.0,0.0
STEP,2026-08-21,49.81999969482422,C,25.0,1.0000000000000003e-05,2.0,0,0.0,0.0
STEP,2026-08-21,49.81999969482422,C,40.0,1.0000000000000003e-05,1.0,0,0.0,0.0
STEP,2026-08-21,49.81999969482422,C,45.0,1.0000000000000003e-05,5.0,0,0.0,0.0
STEP,2026-08-21,49.81999969482422,C,50.0,0.007822421875,48.0,0,0.0,0.0
STEP,2026-08-21,49.81999969482422,C,60.0,0.2500075,,0,0.0,0.0
STEP,2026-08-21,49.81999969482422,P,22.5,0.500005,52.0,0,0.0,0.0
STEP,2026-08-21,49.81999969482422,P,30.0,0.500005,1.0,0,0.0,0.0
STEP,2026-08-21,49.81999969482422,P,35.0,0.500005,99.0,0,0.0,0.0
STEP,2026-08-21,49.81999969482422,P,40.0,0.2500075,5.0,0,0.0,0.0
STEP,2026-08-21,49.81999969482422,P,45.0,0.12500875,1.0,0,0.0,0.0
STEP,2026-08-21,49.81999969482422,P,65.0,1.0000000000000003e-05,,0,0.0,0.0
STEP,2026-08-21,49.81999969482422,P,70.0,1.0000000000000003e-05,2.0,0,0.0,0.0
DBX,2026-08-07,35.0,C,15.0,1.0000000000000003e-05,2.0,0,0.0,0.0
DBX,2026-08-07,35.0,C,17.0,1.0000000000000003e-05,1.0,0,0.0,0.0
DBX,2026-08-07,35.0,C,18.0,1.0000000000000003e-05,1.0,0,0.0,0.0
DBX,2026-08-07,35.0,C,19.0,1.0000000000000003e-05,11.0,0,0.0,0.0
DBX,2026-08-07,35.0,C,24.0,1.0000000000000003e-05,6.0,0,0.0,0.0
DBX,2026-08-07,35.0,C,26.0,1.0000000000000003e-05,8.0,0,0.0,0.0
DBX,2026-08-07,35.0,C,27.5,1.0000000000000003e-05,1.0,0,0.0,0.0
DBX,2026-08-07,35.0,C,28.0,1.0000000000000003e-05,4.0,0,0.0,0.0
DBX,2026-08-07,35.0,C,29.0,1.0000000000000003e-05,2.0,0,0.0,0.0
DBX,2026-08-07,35.0,C,30.0,1.0000000000000003e-05,4.0,0,0.0,0.0
DBX,2026-08-07,35.0,C,31.0,1.0000000000000003e-05,13.0,0,0.0,0.0
DBX,2026-08-07,35.0,C,32.0,1.0000000000000003e-05,8.0,0,0.0,0.0
DBX,2026-08-07,35.0,C,33.0,1.0000000000000003e-05,46.0,0,0.0,0.0
DBX,2026-08-07,35.0,C,34.0,1.0000000000000003e-05,52.0,0,0.0,0.0
DBX,2026-08-07,35.0,C,35.0,0.0004982763671875,20.0,0,0.0,0.0
DBX,2026-08-07,35.0,C,36.0,0.12500875,16.0,0,0.0,0.0
DBX,2026-08-07,35.0,C,37.0,0.2500075,21.0,0,0.0,0.0
DBX,2026-08-07,35.0,P,22.0,0.500005,,0,0.0,0.0
DBX,2026-08-07,35.0,P,23.0,0.500005,2.0,0,0.0,0.0
DBX,2026-08-07,35.0,P,24.0,0.500005,20.0,0,0.0,0.0
DBX,2026-08-07,35.0,P,25.0,0.500005,8.0,0,0.0,0.0
DBX,2026-08-07,35.0,P,25.5,0.500005,,0,0.0,0.0
DBX,2026-08-07,35.0,P,26.0,0.500005,2.0,0,0.0,0.0
DBX,2026-08-07,35.0,P,26.5,0.500005,,0,0.0,0.0
DBX,2026-08-07,35.0,P,27.0,0.500005,2.0,0,0.0,0.0
DBX,2026-08-07,35.0,P,27.5,0.500005,2.0,0,0.0,0.0
DBX,2026-08-07,35.0,P,28.0,0.500005,2.0,0,0.0,0.0
DBX,2026-08-07,35.0,P,29.0,0.500005,2.0,0,0.0,0.0
DBX,2026-08-07,35.0,P,30.0,0.500005,151.0,0,0.0,0.0
DBX,2026-08-07,35.0,P,31.0,0.500005,150.0,0,0.0,0.0
DBX,2026-08-07,35.0,P,32.0,0.2500075,2.0,0,0.0,0.0
DBX,2026-08-07,35.0,P,33.0,0.2500075,91.0,0,0.0,0.0
DBX,2026-08-07,35.0,P,34.0,0.12500875,62.0,0,0.0,0.0
DBX,2026-08-07,35.0,P,35.0,0.0004982763671875,7.0,0,0.0,0.0
DBX,2026-08-07,35.0,P,36.0,1.0000000000000003e-05,1.0,0,0.0,0.0
DBX,2026-08-07,35.0,P,40.0,1.0000000000000003e-05,,0,0.0,0.0
IOVA,2026-08-07,4.340000152587891,C,0.5,1.0000000000000003e-05,56,0,0.0,0.0
IOVA,2026-08-07,4.340000152587891,C,1.0,1.0000000000000003e-05,13,0,0.0,0.0
IOVA,2026-08-07,4.340000152587891,C,1.5,1.0000000000000003e-05,3,0,0.0,0.0
IOVA,2026-08-07,4.340000152587891,C,2.0,1.0000000000000003e-05,5,0,0.0,0.0
IOVA,2026-08-07,4.340000152587891,C,2.5,1.0000000000000003e-05,1,0,0.0,0.0
IOVA,2026-08-07,4.340000152587891,C,3.0,1.0000000000000003e-05,4,0,0.0,0.0
IOVA,2026-08-07,4.340000152587891,C,3.5,1.0000000000000003e-05,1,0,0.0,0.0
IOVA,2026-08-07,4.340000152587891,C,4.0,1.0000000000000003e-05,16,0,0.0,0.0
IOVA,2026-08-07,4.340000152587891,C,4.5,0.2500075,203,0,0.0,0.0
IOVA,2026-08-07,4.340000152587891,C,5.0,0.500005,193,0,0.0,0.0
IOVA,2026-08-07,4.340000152587891,C,5.5,0.500005,421,0,0.0,0.0
IOVA,2026-08-07,4.340000152587891,C,6.0,0.500005,7,0,0.0,0.0
IOVA,2026-08-07,4.340000152587891,C,6.5,0.500005,2,0,0.0,0.0
IOVA,2026-08-07,4.340000152587891,C,7.0,0.500005,3,0,0.0,0.0
IOVA,2026-08-07,4.340000152587891,P,1.0,0.500005,2,0,0.0,0.0
IOVA,2026-08-07,4.340000152587891,P,1.5,0.500005,3,0,0.0,0.0
IOVA,2026-08-07,4.340000152587891,P,2.0,0.500005,2,0,0.0,0.0
IOVA,2026-08-07,4.340000152587891,P,2.5,0.500005,2,0,0.0,0.0
IOVA,2026-08-07,4.340000152587891,P,3.0,0.500005,13,0,0.0,0.0
IOVA,2026-08-07,4.340000152587891,P,3.5,0.500005,6,0,0.0,0.0
IOVA,2026-08-07,4.340000152587891,P,4.0,0.500005,281,0,0.0,0.0
IOVA,2026-08-07,4.340000152587891,P,4.5,1.0000000000000003e-05,34,0,0.0,0.0
IOVA,2026-08-07,4.340000152587891,P,5.0,1.0000000000000003e-05,11,0,0.0,0.0
IOVA,2026-08-07,4.340000152587891,P,5.5,1.0000000000000003e-05,4,0,0.0,0.0
IOVA,2026-08-07,4.340000152587891,P,9.0,1.0000000000000003e-05,2,0,0.0,0.0
AMTX,2026-08-21,1.5499999523162842,C,0.5,1.0000000000000003e-05,1.0,0,0.0,0.0
AMTX,2026-08-21,1.5499999523162842,C,1.0,4.12500484375,,1,0.4,1.1
AMTX,2026-08-21,1.5499999523162842,C,1.5,1.0000000000000003e-05,3.0,0,0.0,0.0
AMTX,2026-08-21,1.5499999523162842,C,2.0,0.500005,4.0,0,0.0,0.0
AMTX,2026-08-21,1.5499999523162842,C,2.5,0.500005,2.0,0,0.0,0.0
AMTX,2026-08-21,1.5499999523162842,C,5.0,0.500005,,0,0.0,0.0
AMTX,2026-08-21,1.5499999523162842,P,1.5,0.062509375,4.0,0,0.0,0.0
AMTX,2026-08-21,1.5499999523162842,P,2.0,1.0000000000000003e-05,10.0,0,0.0,0.0
AMTX,2026-08-21,1.5499999523162842,P,2.5,1.0000000000000003e-05,1.0,0,0.0,0.0
AMTX,2026-08-21,1.5499999523162842,P,5.0,1.0000000000000003e-05,3.0,0,0.0,0.0
AMTX,2026-08-21,1.5499999523162842,P,7.5,1.0000000000000003e-05,2.0,0,0.0,0.0
COP,2026-08-07,115.04000091552734,C,85.0,1.0000000000000003e-05,4.0,0,0.0,0.0
COP,2026-08-07,115.04000091552734,C,90.0,1.0000000000000003e-05,20.0,0,0.0,0.0
COP,2026-08-07,115.04000091552734,C,95.0,1.0000000000000003e-05,4.0,0,0.0,0.0
COP,2026-08-07,115.04000091552734,C,96.0,1.0000000000000003e-05,2.0,0,0.0,0.0
COP,2026-08-07,115.04000091552734,C,99.0,1.0000000000000003e-05,8.0,0,0.0,0.0
COP,2026-08-07,115.04000091552734,C,100.0,1.0000000000000003e-05,7.0,0,0.0,0.0
COP,2026-08-07,115.04000091552734,C,101.0,1.0000000000000003e-05,,0,0.0,0.0
COP,2026-08-07,115.04000091552734,C,102.0,1.0000000000000003e-05,2.0,0,0.0,0.0
COP,2026-08-07,115.04000091552734,C,103.0,1.0000000000000003e-05,1.0,0,0.0,0.0
COP,2026-08-07,115.04000091552734,C,104.0,1.0000000000000003e-05,2.0,0,0.0,0.0
COP,2026-08-07,115.04000091552734,C,105.0,1.0000000000000003e-05,11.0,0,0.0,0.0
COP,2026-08-07,115.04000091552734,C,106.0,1.0000000000000003e-05,2.0,0,0.0,0.0
COP,2026-08-07,115.04000091552734,C,107.0,1.0000000000000003e-05,1.0,0,0.0,0.0
COP,2026-08-07,115.04000091552734,C,108.0,1.0000000000000003e-05,9.0,0,0.0,0.0
COP,2026-08-07,115.04000091552734,C,109.0,1.0000000000000003e-05,1.0,0,0.0,0.0
COP,2026-08-07,115.04000091552734,C,110.0,1.0000000000000003e-05,6.0,0,0.0,0.0
COP,2026-08-07,115.04000091552734,C,111.0,1.0000000000000003e-05,6.0,0,0.0,0.0
COP,2026-08-07,115.04000091552734,C,112.0,1.0000000000000003e-05,30.0,0,0.0,0.0
COP,2026-08-07,115.04000091552734,C,113.0,1.0000000000000003e-05,4.0,0,0.0,0.0
COP,2026-08-07,115.04000091552734,C,114.0,1.0000000000000003e-05,44.0,0,0.0,0.0
COP,2026-08-07,115.04000091552734,C,115.0,1.0000000000000003e-05,161.0,0,0.0,0.0
COP,2026-08-07,115.04000091552734,C,116.0,0.0312596875,281.0,0,0.0,0.0
COP,2026-08-07,115.04000091552734,C,117.0,0.062509375,129.0,0,0.0,0.0
COP,2026-08-07,115.04000091552734,C,118.0,0.12500875,111.0,0,0.0,0.0
COP,2026-08-07,115.04000091552734,C,119.0,0.12500875,122.0,0,0.0,0.0
COP,2026-08-07,115.04000091552734,C,120.0,0.12500875,332.0,0,0.0,0.0
COP,2026-08-07,115.04000091552734,C,121.0,0.12500875,80.0,0,0.0,0.0
COP,2026-08-07,115.04000091552734,C,122.0,0.2500075,351.0,0,0.0,0.0
COP,2026-08-07,115.04000091552734,C,123.0,0.2500075,32.0,0,0.0,0.0
COP,2026-08-07,115.04000091552734,C,124.0,0.2500075,21.0,0,0.0,0.0
COP,2026-08-07,115.04000091552734,C,125.0,0.2500075,144.0,0,0.0,0.0
COP,2026-08-07,115.04000091552734,C,126.0,0.2500075,37.0,0,0.0,0.0
COP,2026-08-07,115.04000091552734,C,127.0,0.2500075,28.0,0,0.0,0.0
COP,2026-08-07,115.04000091552734,C,128.0,0.2500075,31.0,0,0.0,0.0
COP,2026-08-07,115.04000091552734,C,129.0,0.2500075,2.0,0,0.0,0.0
COP,2026-08-07,115.04000091552734,C,130.0,0.500005,20.0,0,0.0,0.0
COP,2026-08-07,115.04000091552734,C,131.0,0.500005,19.0,0,0.0,0.0
COP,2026-08-07,115.04000091552734,C,132.0,0.500005,18.0,0,0.0,0.0
COP,2026-08-07,115.04000091552734,C,133.0,0.500005,5.0,0,0.0,0.0
COP,2026-08-07,115.04000091552734,C,135.0,0.500005,4.0,0,0.0,0.0
COP,2026-08-07,115.04000091552734,C,140.0,0.500005,18.0,0,0.0,0.0
COP,2026-08-07,115.04000091552734,C,145.0,0.500005,1.0,0,0.0,0.0
COP,2026-08-07,115.04000091552734,C,150.0,0.500005,,0,0.0,0.0
COP,2026-08-07,115.04000091552734,C,155.0,0.500005,,0,0.0,0.0
COP,2026-08-07,115.04000091552734,P,90.0,0.500005,1.0,0,0.0,0.0
COP,2026-08-07,115.04000091552734,P,92.0,0.500005,42.0,0,0.0,0.0
COP,2026-08-07,115.04000091552734,P,93.0,0.500005,1.0,0,0.0,0.0
COP,2026-08-07,115.04000091552734,P,94.0,0.500005,1.0,0,0.0,0.0
COP,2026-08-07,115.04000091552734,P,95.0,0.500005,4.0,0,0.0,0.0
COP,2026-08-07,115.04000091552734,P,96.0,0.500005,6.0,0,0.0,0.0
COP,2026-08-07,115.04000091552734,P,97.0,0.500005,24.0,0,0.0,0.0
COP,2026-08-07,115.04000091552734,P,98.0,0.500005,32.0,0,0.0,0.0
COP,2026-08-07,115.04000091552734,P,99.0,0.500005,2.0,0,0.0,0.0
COP,2026-08-07,115.04000091552734,P,100.0,0.500005,216.0,0,0.0,0.0
COP,2026-08-07,115.04000091552734,P,101.0,0.500005,29.0,0,0.0,0.0
COP,2026-08-07,115.04000091552734,P,102.0,0.500005,58.0,0,0.0,0.0
COP,2026-08-07,115.04000091552734,P,103.0,0.2500075,14.0,0,0.0,0.0
COP,2026-08-07,115.04000091552734,P,104.0,0.2500075,5.0,0,0.0,0.0
COP,2026-08-07,115.04000091552734,P,105.0,0.2500075,32.0,0,0.0,0.0
COP,2026-08-07,115.04000091552734,P,106.0,0.2500075,25.0,0,0.0,0.0
COP,2026-08-07,115.04000091552734,P,107.0,0.2500075,57.0,0,0.0,0.0
COP,2026-08-07,115.04000091552734,P,108.0,0.2500075,58.0,0,0.0,0.0
COP,2026-08-07,115.04000091552734,P,109.0,0.12500875,45.0,0,0.0,0.0
COP,2026-08-07,115.04000091552734,P,110.0,0.12500875,123.0,0,0.0,0.0
COP,2026-08-07,115.04000091552734,P,111.0,0.12500875,446.0,0,0.0,0.0
COP,2026-08-07,115.04000091552734,P,112.0,0.12500875,289.0,0,0.0,0.0
COP,2026-08-07,115.04000091552734,P,113.0,0.062509375,35.0,0,0.0,0.0
COP,2026-08-07,115.04000091552734,P,114.0,0.0312596875,130.0,0,0.0,0.0
COP,2026-08-07,115.04000091552734,P,115.0,0.00196310546875,166.0,0,0.0,0.0
COP,2026-08-07,115.04000091552734,P,116.0,1.0000000000000003e-05,76.0,0,0.0,0.0
COP,2026-08-07,115.04000091552734,P,117.0,1.0000000000000003e-05,30.0,0,0.0,0.0
COP,2026-08-07,115.04000091552734,P,118.0,1.0000000000000003e-05,26.0,0,0.0,0.0
COP,2026-08-07,115.04000091552734,P,119.0,1.0000000000000003e-05,17.0,0,0.0,0.0
COP,2026-08-07,115.04000091552734,P,120.0,1.0000000000000003e-05,3.0,0,0.0,0.0
COP,2026-08-07,115.04000091552734,P,121.0,1.0000000000000003e-05,5.0,0,0.0,0.0
COP,2026-08-07,115.04000091552734,P,122.0,1.0000000000000003e-05,1.0,0,0.0,0.0
COP,2026-08-07,115.04000091552734,P,125.0,1.0000000000000003e-05,5.0,0,0.0,0.0
COP,2026-08-07,115.04000091552734,P,126.0,1.0000000000000003e-05,11.0,0,0.0,0.0
COP,2026-08-07,115.04000091552734,P,135.0,1.0000000000000003e-05,,0,0.0,0.0
RHP,2026-08-21,127.62000274658203,C,125.0,1.0000000000000003e-05,2,0,0.0,0.0
RHP,2026-08-21,127.62000274658203,C,130.0,0.0312596875,1,0,0.0,0.0
RHP,2026-08-21,127.62000274658203,C,135.0,0.062509375,2,0,0.0,0.0
RHP,2026-08-21,127.62000274658203,C,140.0,0.12500875,1,0,0.0,0.0
RHP,2026-08-21,127.62000274658203,C,145.0,0.12500875,1,0,0.0,0.0
RHP,2026-08-21,127.62000274658203,P,100.0,1.1850626684570313,1,3,0.0,4.8
RHP,2026-08-21,127.62000274658203,P,105.0,0.2500075,1,0,0.0,0.0
RHP,2026-08-21,127.62000274658203,P,110.0,0.8532729516601563,1,1,0.0,4.8
RHP,2026-08-21,127.62000274658203,P,125.0,0.0312596875,1,0,0.0,0.0
RHP,2026-08-21,127.62000274658203,P,135.0,1.0000000000000003e-05,1,0,0.0,0.0
AORT,2026-08-21,26.170000076293945,C,12.5,1.0000000000000003e-05,,0,0.0,0.0
AORT,2026-08-21,26.170000076293945,C,22.5,1.0000000000000003e-05,11.0,0,0.0,0.0
AORT,2026-08-21,26.170000076293945,C,25.0,1.0000000000000003e-05,1.0,0,0.0,0.0
AORT,2026-08-21,26.170000076293945,C,30.0,0.12500875,4.0,0,0.0,0.0
AORT,2026-08-21,26.170000076293945,P,17.5,0.500005,,0,0.0,0.0
AORT,2026-08-21,26.170000076293945,P,20.0,0.2500075,,0,0.0,0.0
AORT,2026-08-21,26.170000076293945,P,22.5,0.2500075,1.0,0,0.0,0.0
AORT,2026-08-21,26.170000076293945,P,25.0,0.062509375,,0,0.0,0.0
NREF,2026-08-21,16.920000076293945,C,2.5,1.0000000000000003e-05,,0,9.0,12.8
NREF,2026-08-21,16.920000076293945,C,5.0,3.5156262109374996,11.0,0,10.5,13.6
NREF,2026-08-21,16.920000076293945,C,7.5,1.0000000000000003e-05,,0,4.0,7.8
NREF,2026-08-21,16.920000076293945,C,15.0,1.0000000000000003e-05,1.0,0,0.0,0.0
NREF,2026-08-21,16.920000076293945,C,17.5,0.062509375,5.0,0,0.0,0.0
NREF,2026-08-21,16.920000076293945,C,20.0,0.91992267578125,,3,0.0,0.75
NREF,2026-08-21,16.920000076293945,P,10.0,0.500005,,0,0.0,0.0
NREF,2026-08-21,16.920000076293945,P,12.5,2.988283779296875,,1,0.0,3.6
NREF,2026-08-21,16.920000076293945,P,15.0,0.12500875,10.0,0,0.0,0.0
NREF,2026-08-21,16.920000076293945,P,20.0,1.1367230664062502,6.0,19,2.5,4.9
BFS,2026-08-21,33.630001068115234,C,35.0,0.062509375,3.0,0.0,0.0,0.0
FDUS,2026-08-21,20.1299991607666,C,17.5,1.0000000000000003e-05,1,0,0.0,0.0
FDUS,2026-08-21,20.1299991607666,C,20.0,1.0000000000000003e-05,2,0,0.0,0.0
FDUS,2026-08-21,20.1299991607666,C,22.5,0.12500875,1,0,0.0,0.0
FDUS,2026-08-21,20.1299991607666,P,17.5,0.12500875,10,0,0.0,0.0
FDUS,2026-08-21,20.1299991607666,P,20.0,0.015634843750000002,1,0,0.0,0.0
TFX,2026-08-21,136.77999877929688,C,125.0,1.0000000000000003e-05,1.0,0,0.0,0.0
TFX,2026-08-21,136.77999877929688,C,130.0,1.0000000000000003e-05,1.0,0,0.0,0.0
TFX,2026-08-21,136.77999877929688,C,135.0,1.0000000000000003e-05,1.0,0,0.0,0.0
TFX,2026-08-21,136.77999877929688,C,140.0,0.0312596875,5.0,0,0.0,0.0
TFX,2026-08-21,136.77999877929688,C,145.0,0.062509375,10.0,0,0.0,0.0
TFX,2026-08-21,136.77999877929688,C,150.0,0.12500875,20.0,0,0.0,0.0
TFX,2026-08-21,136.77999877929688,P,115.0,0.2500075,2.0,0,0.0,0.0
TFX,2026-08-21,136.77999877929688,P,120.0,0.12500875,1.0,0,0.0,0.0
TFX,2026-08-21,136.77999877929688,P,125.0,0.12500875,1.0,0,0.0,0.0
TFX,2026-08-21,136.77999877929688,P,130.0,0.062509375,,0,0.0,0.0
TFX,2026-08-21,136.77999877929688,P,165.0,1.0000000000000003e-05,,0,0.0,0.0
BCIC,2026-08-21,7.340000152587891,C,2.5,1.0000000000000003e-05,,0,0.0,0.0
BCIC,2026-08-21,7.340000152587891,C,7.5,0.0312596875,11.0,0,0.0,0.0
BCIC,2026-08-21,7.340000152587891,C,10.0,0.500005,,0,0.0,0.0
BCIC,2026-08-21,7.340000152587891,P,7.5,1.0000000000000003e-05,1.0,0,0.0,0.0
VAC,2026-08-21,101.73999786376953,C,65.0,1.0000000000000003e-05,,0,0.0,0.0
VAC,2026-08-21,101.73999786376953,C,75.0,1.0000000000000003e-05,1.0,0,0.0,0.0
VAC,2026-08-21,101.73999786376953,C,80.0,1.0000000000000003e-05,1.0,0,0.0,0.0
VAC,2026-08-21,101.73999786376953,C,85.0,1.0000000000000003e-05,,0,0.0,0.0
VAC,2026-08-21,101.73999786376953,C,90.0,1.0000000000000003e-05,1.0,0,0.0,0.0
VAC,2026-08-21,101.73999786376953,C,95.0,1.0000000000000003e-05,,0,0.0,0.0
VAC,2026-08-21,101.73999786376953,C,100.0,1.0000000000000003e-05,5.0,0,0.0,0.0
VAC,2026-08-21,101.73999786376953,C,105.0,0.0312596875,22.0,0,0.0,0.0
VAC,2026-08-21,101.73999786376953,C,110.0,0.062509375,612.0,0,0.0,0.0
VAC,2026-08-21,101.73999786376953,C,115.0,0.12500875,13.0,0,0.0,0.0
VAC,2026-08-21,101.73999786376953,C,120.0,0.12500875,2.0,0,0.0,0.0
VAC,2026-08-21,101.73999786376953,C,125.0,0.2500075,100.0,0,0.0,0.0
VAC,2026-08-21,101.73999786376953,C,130.0,0.2500075,50.0,0,0.0,0.0
VAC,2026-08-21,101.73999786376953,C,135.0,0.2500075,29.0,0,0.0,0.0
VAC,2026-08-21,101.73999786376953,C,140.0,0.2500075,1.0,0,0.0,0.0
VAC,2026-08-21,101.73999786376953,P,65.0,0.500005,9.0,0,0.0,0.0
VAC,2026-08-21,101.73999786376953,P,75.0,0.2500075,,0,0.0,0.0
VAC,2026-08-21,101.73999786376953,P,80.0,0.2500075,1.0,0,0.0,0.0
VAC,2026-08-21,101.73999786376953,P,90.0,0.12500875,606.0,0,0.0,0.0
VAC,2026-08-21,101.73999786376953,P,95.0,0.062509375,1.0,0,0.0,0.0
VAC,2026-08-21,101.73999786376953,P,100.0,0.0312596875,7.0,0,0.0,0.0
VAC,2026-08-21,101.73999786376953,P,105.0,1.0000000000000003e-05,,0,0.0,0.0
VAC,2026-08-21,101.73999786376953,P,120.0,1.0000000000000003e-05,1.0,0,0.0,0.0
VAC,2026-08-21,101.73999786376953,P,130.0,1.0000000000000003e-05,,0,0.0,0.0
TTWO,2026-08-07,234.91000366210938,C,125.0,1.0000000000000003e-05,,0,0.0,0.0
TTWO,2026-08-07,234.91000366210938,C,135.0,1.0000000000000003e-05,,0,0.0,0.0
TTWO,2026-08-07,234.91000366210938,C,150.0,1.0000000000000003e-05,1.0,0,0.0,0.0
TTWO,2026-08-07,234.91000366210938,C,160.0,1.0000000000000003e-05,1.0,0,0.0,0.0
TTWO,2026-08-07,234.91000366210938,C,175.0,1.0000000000000003e-05,2.0,0,0.0,0.0
TTWO,2026-08-07,234.91000366210938,C,180.0,1.0000000000000003e-05,1.0,0,0.0,0.0
TTWO,2026-08-07,234.91000366210938,C,195.0,1.0000000000000003e-05,2.0,0,0.0,0.0
TTWO,2026-08-07,234.91000366210938,C,200.0,1.0000000000000003e-05,1.0,0,0.0,0.0
TTWO,2026-08-07,234.91000366210938,C,205.0,1.0000000000000003e-05,1.0,0,0.0,0.0
TTWO,2026-08-07,234.91000366210938,C,210.0,1.0000000000000003e-05,1.0,0,0.0,0.0
TTWO,2026-08-07,234.91000366210938,C,215.0,1.0000000000000003e-05,1.0,0,0.0,0.0
TTWO,2026-08-07,234.91000366210938,C,217.5,1.0000000000000003e-05,4.0,0,0.0,0.0
TTWO,2026-08-07,234.91000366210938,C,220.0,1.0000000000000003e-05,549.0,0,0.0,0.0
TTWO,2026-08-07,234.91000366210938,C,225.0,1.0000000000000003e-05,1.0,0,0.0,0.0
TTWO,2026-08-07,234.91000366210938,C,227.5,1.0000000000000003e-05,,0,0.0,0.0
TTWO,2026-08-07,234.91000366210938,C,230.0,1.0000000000000003e-05,1.0,0,0.0,0.0
TTWO,2026-08-07,234.91000366210938,C,232.5,1.0000000000000003e-05,34.0,0,0.0,0.0
TTWO,2026-08-07,234.91000366210938,C,235.0,0.00196310546875,302.0,0,0.0,0.0
TTWO,2026-08-07,234.91000366210938,C,237.5,0.0312596875,42.0,0,0.0,0.0
TTWO,2026-08-07,234.91000366210938,C,240.0,0.062509375,94.0,0,0.0,0.0
TTWO,2026-08-07,234.91000366210938,C,242.5,0.12500875,3.0,0,0.0,0.0
TTWO,2026-08-07,234.91000366210938,C,245.0,0.12500875,159.0,0,0.0,0.0
TTWO,2026-08-07,234.91000366210938,C,247.5,0.12500875,6.0,0,0.0,0.0
TTWO,2026-08-07,234.91000366210938,C,250.0,0.2500075,388.0,0,0.0,0.0
TTWO,2026-08-07,234.91000366210938,C,252.5,0.2500075,10.0,0,0.0,0.0
TTWO,2026-08-07,234.91000366210938,C,255.0,0.2500075,12.0,0,0.0,0.0
TTWO,2026-08-07,234.91000366210938,C,257.5,0.2500075,7.0,0,0.0,0.0
TTWO,2026-08-07,234.91000366210938,C,260.0,0.2500075,230.0,0,0.0,0.0
TTWO,2026-08-07,234.91000366210938,C,262.5,0.2500075,8.0,0,0.0,0.0
TTWO,2026-08-07,234.91000366210938,C,265.0,0.2500075,2.0,0,0.0,0.0
TTWO,2026-08-07,234.91000366210938,C,267.5,0.500005,1.0,0,0.0,0.0
TTWO,2026-08-07,234.91000366210938,C,270.0,0.500005,7.0,0,0.0,0.0
TTWO,2026-08-07,234.91000366210938,C,272.5,0.500005,2.0,0,0.0,0.0
TTWO,2026-08-07,234.91000366210938,C,275.0,0.500005,19.0,0,0.0,0.0
TTWO,2026-08-07,234.91000366210938,C,277.5,0.500005,2.0,0,0.0,0.0
TTWO,2026-08-07,234.91000366210938,C,280.0,0.500005,8.0,0,0.0,0.0
TTWO,2026-08-07,234.91000366210938,C,282.5,0.500005,1.0,0,0.0,0.0
TTWO,2026-08-07,234.91000366210938,C,285.0,0.500005,21.0,0,0.0,0.0
TTWO,2026-08-07,234.91000366210938,C,287.5,0.500005,36.0,0,0.0,0.0
TTWO,2026-08-07,234.91000366210938,C,290.0,0.500005,2.0,0,0.0,0.0
TTWO,2026-08-07,234.91000366210938,C,295.0,0.500005,1.0,0,0.0,0.0
TTWO,2026-08-07,234.91000366210938,C,297.5,0.500005,2.0,0,0.0,0.0
TTWO,2026-08-07,234.91000366210938,C,300.0,0.500005,1.0,0,0.0,0.0
TTWO,2026-08-07,234.91000366210938,C,305.0,0.500005,1.0,0,0.0,0.0
TTWO,2026-08-07,234.91000366210938,C,310.0,0.500005,5.0,0,0.0,0.0
TTWO,2026-08-07,234.91000366210938,C,320.0,0.500005,1.0,0,0.0,0.0
TTWO,2026-08-07,234.91000366210938,C,327.5,0.500005,10.0,0,0.0,0.0
TTWO,2026-08-07,234.91000366210938,C,330.0,0.500005,9.0,0,0.0,0.0
TTWO,2026-08-07,234.91000366210938,C,335.0,0.500005,1.0,0,0.0,0.0
TTWO,2026-08-07,234.91000366210938,P,150.0,0.500005,20.0,0,0.0,0.0
TTWO,2026-08-07,234.91000366210938,P,160.0,0.500005,46.0,0,0.0,0.0
TTWO,2026-08-07,234.91000366210938,P,165.0,0.500005,116.0,0,0.0,0.0
TTWO,2026-08-07,234.91000366210938,P,175.0,0.500005,200.0,0,0.0,0.0
TTWO,2026-08-07,234.91000366210938,P,180.0,0.500005,5.0,0,0.0,0.0
TTWO,2026-08-07,234.91000366210938,P,190.0,0.500005,3.0,0,0.0,0.0
TTWO,2026-08-07,234.91000366210938,P,195.0,0.500005,9.0,0,0.0,0.0
TTWO,2026-08-07,234.91000366210938,P,200.0,0.500005,18.0,0,0.0,0.0
TTWO,2026-08-07,234.91000366210938,P,202.5,0.500005,1.0,0,0.0,0.0
TTWO,2026-08-07,234.91000366210938,P,205.0,0.500005,43.0,0,0.0,0.0
TTWO,2026-08-07,234.91000366210938,P,207.5,0.500005,25.0,0,0.0,0.0
TTWO,2026-08-07,234.91000366210938,P,210.0,0.2500075,42.0,0,0.0,0.0
TTWO,2026-08-07,234.91000366210938,P,212.5,0.2500075,133.0,0,0.0,0.0
TTWO,2026-08-07,234.91000366210938,P,215.0,0.2500075,47.0,0,0.0,0.0
TTWO,2026-08-07,234.91000366210938,P,217.5,0.2500075,27.0,0,0.0,0.0
TTWO,2026-08-07,234.91000366210938,P,220.0,0.2500075,51.0,0,0.0,0.0
TTWO,2026-08-07,234.91000366210938,P,222.5,0.12500875,38.0,0,0.0,0.0
TTWO,2026-08-07,234.91000366210938,P,225.0,0.12500875,3.0,0,0.0,0.0
TTWO,2026-08-07,234.91000366210938,P,227.5,0.12500875,18.0,0,0.0,0.0
TTWO,2026-08-07,234.91000366210938,P,230.0,0.062509375,45.0,0,0.0,0.0
TTWO,2026-08-07,234.91000366210938,P,232.5,0.0312596875,3.0,0,0.0,0.0
TTWO,2026-08-07,234.91000366210938,P,235.0,1.0000000000000003e-05,107.0,0,0.0,0.0
TTWO,2026-08-07,234.91000366210938,P,237.5,1.0000000000000003e-05,1.0,0,0.0,0.0
TTWO,2026-08-07,234.91000366210938,P,240.0,1.0000000000000003e-05,4.0,0,0.0,0.0
TTWO,2026-08-07,234.91000366210938,P,242.5,1.0000000000000003e-05,26.0,0,0.0,0.0
TTWO,2026-08-07,234.91000366210938,P,245.0,1.0000000000000003e-05,5.0,0,0.0,0.0
TTWO,2026-08-07,234.91000366210938,P,247.5,1.0000000000000003e-05,23.0,0,0.0,0.0
TTWO,2026-08-07,234.91000366210938,P,250.0,1.0000000000000003e-05,6.0,0,0.0,0.0
TTWO,2026-08-07,234.91000366210938,P,252.5,1.0000000000000003e-05,,0,0.0,0.0
TTWO,2026-08-07,234.91000366210938,P,255.0,1.0000000000000003e-05,12.0,0,0.0,0.0
TTWO,2026-08-07,234.91000366210938,P,257.5,1.0000000000000003e-05,16.0,0,0.0,0.0
TTWO,2026-08-07,234.91000366210938,P,260.0,1.0000000000000003e-05,8.0,0,0.0,0.0
TTWO,2026-08-07,234.91000366210938,P,265.0,1.0000000000000003e-05,9.0,0,0.0,0.0
TTWO,2026-08-07,234.91000366210938,P,270.0,1.0000000000000003e-05,,0,0.0,0.0
TTWO,2026-08-07,234.91000366210938,P,285.0,1.0000000000000003e-05,1.0,0,0.0,0.0
TTWO,2026-08-07,234.91000366210938,P,290.0,1.0000000000000003e-05,1.0,0,0.0,0.0
TTWO,2026-08-07,234.91000366210938,P,300.0,1.0000000000000003e-05,,0,0.0,0.0
TTWO,2026-08-07,234.91000366210938,P,320.0,1.0000000000000003e-05,,0,0.0,0.0
TTWO,2026-08-07,234.91000366210938,P,330.0,1.0000000000000003e-05,,0,0.0,0.0
CRNC,2026-08-21,9.220000267028809,C,3.0,1.0000000000000003e-05,,0,0.0,0.0
CRNC,2026-08-21,9.220000267028809,C,4.0,1.0000000000000003e-05,3.0,0,0.0,0.0
CRNC,2026-08-21,9.220000267028809,C,5.0,1.0000000000000003e-05,5.0,0,0.0,0.0
CRNC,2026-08-21,9.220000267028809,C,6.0,1.0000000000000003e-05,1.0,0,0.0,0.0
CRNC,2026-08-21,9.220000267028809,C,7.0,1.0000000000000003e-05,1.0,0,0.0,0.0
CRNC,2026-08-21,9.220000267028809,C,8.0,1.0000000000000003e-05,3.0,0,0.0,0.0
CRNC,2026-08-21,9.220000267028809,C,9.0,1.0000000000000003e-05,20.0,0,0.0,0.0
CRNC,2026-08-21,9.220000267028809,C,10.0,0.12500875,15.0,0,0.0,0.0
CRNC,2026-08-21,9.220000267028809,C,11.0,0.2500075,24.0,0,0.0,0.0
CRNC,2026-08-21,9.220000267028809,C,12.0,0.2500075,59.0,0,0.0,0.0
CRNC,2026-08-21,9.220000267028809,C,13.0,0.500005,5.0,0,0.0,0.0
CRNC,2026-08-21,9.220000267028809,C,14.0,0.500005,2.0,0,0.0,0.0
CRNC,2026-08-21,9.220000267028809,C,15.0,0.500005,11.0,0,0.0,0.0
CRNC,2026-08-21,9.220000267028809,C,16.0,0.500005,1.0,0,0.0,0.0
CRNC,2026-08-21,9.220000267028809,C,17.0,0.500005,2.0,0,0.0,0.0
CRNC,2026-08-21,9.220000267028809,C,18.0,0.500005,1.0,0,0.0,0.0
CRNC,2026-08-21,9.220000267028809,C,19.0,0.500005,2.0,0,0.0,0.0
CRNC,2026-08-21,9.220000267028809,C,20.0,0.500005,1.0,0,0.0,0.0
CRNC,2026-08-21,9.220000267028809,C,21.0,0.500005,2.0,0,0.0,0.0
CRNC,2026-08-21,9.220000267028809,C,22.0,0.500005,2.0,0,0.0,0.0
CRNC,2026-08-21,9.220000267028809,C,23.0,0.500005,2.0,0,0.0,0.0
CRNC,2026-08-21,9.220000267028809,C,24.0,0.500005,4.0,0,0.0,0.0
CRNC,2026-08-21,9.220000267028809,C,25.0,0.500005,2.0,0,0.0,0.0
CRNC,2026-08-21,9.220000267028809,C,26.0,0.500005,2.0,0,0.0,0.0
CRNC,2026-08-21,9.220000267028809,P,3.0,0.500005,2.0,0,0.0,0.0
CRNC,2026-08-21,9.220000267028809,P,4.0,0.500005,90.0,0,0.0,0.0
CRNC,2026-08-21,9.220000267028809,P,5.0,0.500005,80.0,0,0.0,0.0
CRNC,2026-08-21,9.220000267028809,P,6.0,0.500005,6.0,0,0.0,0.0
CRNC,2026-08-21,9.220000267028809,P,7.0,0.2500075,1.0,0,0.0,0.0
CRNC,2026-08-21,9.220000267028809,P,8.0,0.2500075,1.0,0,0.0,0.0
CRNC,2026-08-21,9.220000267028809,P,9.0,0.0312596875,4.0,0,0.0,0.0
CRNC,2026-08-21,9.220000267028809,P,10.0,1.0000000000000003e-05,2.0,0,0.0,0.0
CRNC,2026-08-21,9.220000267028809,P,11.0,1.0000000000000003e-05,2.0,0,0.0,0.0
CRNC,2026-08-21,9.220000267028809,P,12.0,1.0000000000000003e-05,5.0,0,0.0,0.0
CRNC,2026-08-21,9.220000267028809,P,13.0,1.0000000000000003e-05,12.0,0,0.0,0.0
CRNC,2026-08-21,9.220000267028809,P,14.0,1.0000000000000003e-05,3.0,0,0.0,0.0
CRNC,2026-08-21,9.220000267028809,P,15.0,3.7148444628906248,1.0,7,6.7,7.7
CRNC,2026-08-21,9.220000267028809,P,16.0,1.0000000000000003e-05,5.0,19,5.3,6.7
CRNC,2026-08-21,9.220000267028809,P,19.0,4.406254492187499,,10,10.4,12.0
CRNC,2026-08-21,9.220000267028809,P,24.0,3.2929705175781248,,1,14.1,16.2
ASND,2026-08-21,244.1999969482422,C,100.0,1.0000000000000003e-05,1.0,0,0.0,0.0
ASND,2026-08-21,244.1999969482422,C,110.0,1.0000000000000003e-05,,0,0.0,0.0
ASND,2026-08-21,244.1999969482422,C,120.0,1.0000000000000003e-05,,0,0.0,0.0
ASND,2026-08-21,244.1999969482422,C,130.0,1.0000000000000003e-05,1.0,0,0.0,0.0
ASND,2026-08-21,244.1999969482422,C,135.0,2.851321231079101,1.0,1,115.9,120.3
ASND,2026-08-21,244.1999969482422,C,140.0,1.0000000000000003e-05,,0,0.0,0.0
ASND,2026-08-21,244.1999969482422,C,145.0,1.0000000000000003e-05,,0,0.0,0.0
ASND,2026-08-21,244.1999969482422,C,150.0,2.474857328491211,1.0,2,101.2,105.3
ASND,2026-08-21,244.1999969482422,C,160.0,2.237309094238281,2.0,2,91.2,95.4
ASND,2026-08-21,244.1999969482422,C,165.0,2.1209763772583003,,3,86.1,90.5
ASND,2026-08-21,244.1999969482422,C,170.0,1.0000000000000003e-05,2.0,0,0.0,0.0
ASND,2026-08-21,244.1999969482422,C,175.0,1.905151841430664,4.0,4,76.3,80.5
ASND,2026-08-21,244.1999969482422,C,180.0,1.8205575378417969,1.0,1,71.5,75.9
ASND,2026-08-21,244.1999969482422,C,185.0,1.7130141302490234,,3,66.4,71.0
ASND,2026-08-21,244.1999969482422,C,190.0,1.0000000000000003e-05,2.0,0,0.0,0.0
ASND,2026-08-21,244.1999969482422,C,195.0,1.0000000000000003e-05,4.0,0,0.0,0.0
ASND,2026-08-21,244.1999969482422,C,200.0,1.0000000000000003e-05,1.0,0,0.0,0.0
ASND,2026-08-21,244.1999969482422,C,210.0,1.0000000000000003e-05,10.0,0,0.0,0.0
ASND,2026-08-21,244.1999969482422,C,220.0,1.0000000000000003e-05,8.0,0,0.0,0.0
ASND,2026-08-21,244.1999969482422,C,230.0,1.0000000000000003e-05,8.0,0,0.0,0.0
ASND,2026-08-21,244.1999969482422,C,240.0,1.0000000000000003e-05,10.0,0,0.0,0.0
ASND,2026-08-21,244.1999969482422,C,250.0,0.0312596875,1.0,0,0.0,0.0
ASND,2026-08-21,244.1999969482422,C,260.0,0.062509375,3.0,0,0.0,0.0
ASND,2026-08-21,244.1999969482422,C,270.0,0.12500875,2.0,0,0.0,0.0
ASND,2026-08-21,244.1999969482422,C,280.0,0.12500875,110.0,0,0.0,0.0
ASND,2026-08-21,244.1999969482422,C,290.0,0.12500875,65.0,0,0.0,0.0
ASND,2026-08-21,244.1999969482422,C,300.0,0.2500075,10.0,0,0.0,0.0
ASND,2026-08-21,244.1999969482422,C,310.0,0.2500075,2.0,0,0.0,0.0
ASND,2026-08-21,244.1999969482422,C,320.0,0.2500075,10.0,0,0.0,0.0
ASND,2026-08-21,244.1999969482422,C,330.0,0.2500075,1.0,0,0.0,0.0
ASND,2026-08-21,244.1999969482422,C,340.0,0.2500075,1.0,0,0.0,0.0
ASND,2026-08-21,244.1999969482422,C,350.0,0.2500075,20.0,0,0.0,0.0
ASND,2026-08-21,244.1999969482422,C,360.0,0.500005,,0,0.0,0.0
ASND,2026-08-21,244.1999969482422,P,155.0,1.3100620434570311,,1,0.0,2.15
ASND,2026-08-21,244.1999969482422,P,165.0,1.1567424975585938,1.0,2,0.0,2.15
ASND,2026-08-21,244.1999969482422,P,170.0,1.0986373193359378,1.0,2,0.0,2.3
ASND,2026-08-21,244.1999969482422,P,180.0,0.9677737597656251,1.0,2,0.0,2.45
ASND,2026-08-21,244.1999969482422,P,185.0,0.2500075,,0,0.0,0.0
ASND,2026-08-21,244.1999969482422,P,190.0,0.850587431640625,8.0,12,0.0,2.75
ASND,2026-08-21,244.1999969482422,P,195.0,0.2500075,1.0,0,0.0,0.0
ASND,2026-08-21,244.1999969482422,P,200.0,0.2500075,15.0,0,0.0,0.0
ASND,2026-08-21,244.1999969482422,P,210.0,0.12500875,1.0,0,0.0,0.0
ASND,2026-08-21,244.1999969482422,P,220.0,0.12500875,28.0,0,0.0,0.0
ASND,2026-08-21,244.1999969482422,P,230.0,0.062509375,2.0,0,0.0,0.0
ASND,2026-08-21,244.1999969482422,P,240.0,0.015634843750000002,20.0,0,0.0,0.0
ASND,2026-08-21,244.1999969482422,P,250.0,1.0000000000000003e-05,10.0,0,0.0,0.0
ASND,2026-08-21,244.1999969482422,P,260.0,1.0000000000000003e-05,6.0,0,0.0,0.0
ASND,2026-08-21,244.1999969482422,P,270.0,1.0000000000000003e-05,1.0,0,0.0,0.0
ASND,2026-08-21,244.1999969482422,P,280.0,1.0000000000000003e-05,16.0,26,30.5,34.0
ASND,2026-08-21,244.1999969482422,P,290.0,1.0000000000000003e-05,19.0,0,0.0,0.0
ASND,2026-08-21,244.1999969482422,P,300.0,1.0000000000000003e-05,11.0,0,0.0,0.0
ASND,2026-08-21,244.1999969482422,P,310.0,1.0000000000000003e-05,1.0,0,0.0,0.0
ASND,2026-08-21,244.1999969482422,P,320.0,1.0000000000000003e-05,2.0,0,0.0,0.0
ASND,2026-08-21,244.1999969482422,P,330.0,1.0000000000000003e-05,2.0,0,0.0,0.0
ASND,2026-08-21,244.1999969482422,P,340.0,1.0000000000000003e-05,2.0,0,0.0,0.0
ACLS,2026-08-21,136.6699981689453,C,40.0,1.0000000000000003e-05,6.0,0,0.0,0.0
ACLS,2026-08-21,136.6699981689453,C,50.0,5.3476595654296855,,1,93.0,97.3
ACLS,2026-08-21,136.6699981689453,C,55.0,1.0000000000000003e-05,1.0,0,0.0,0.0
ACLS,2026-08-21,136.6699981689453,C,65.0,6.109377363281249,1.0,0,88.4,92.6
ACLS,2026-08-21,136.6699981689453,C,70.0,1.0000000000000003e-05,10.0,0,0.0,0.0
ACLS,2026-08-21,136.6699981689453,C,75.0,1.0000000000000003e-05,1.0,0,0.0,0.0
ACLS,2026-08-21,136.6699981689453,C,80.0,2.68603844116211,1.0,2,60.5,63.3
ACLS,2026-08-21,136.6699981689453,C,85.0,1.0000000000000003e-05,1.0,0,0.0,0.0
ACLS,2026-08-21,136.6699981689453,C,90.0,1.0000000000000003e-05,1.0,0,0.0,0.0
ACLS,2026-08-21,136.6699981689453,C,95.0,1.0000000000000003e-05,12.0,0,0.0,0.0
ACLS,2026-08-21,136.6699981689453,C,100.0,1.0000000000000003e-05,2.0,0,0.0,0.0
ACLS,2026-08-21,136.6699981689453,C,105.0,1.0000000000000003e-05,6.0,0,0.0,0.0
ACLS,2026-08-21,136.6699981689453,C,110.0,1.0000000000000003e-05,6.0,0,0.0,0.0
ACLS,2026-08-21,136.6699981689453,C,115.0,1.0000000000000003e-05,1.0,0,0.0,0.0
ACLS,2026-08-21,136.6699981689453,C,120.0,1.0000000000000003e-05,2.0,0,0.0,0.0
ACLS,2026-08-21,136.6699981689453,C,125.0,1.0000000000000003e-05,1.0,0,0.0,0.0
ACLS,2026-08-21,136.6699981689453,C,130.0,1.0000000000000003e-05,3.0,0,0.0,0.0
ACLS,2026-08-21,136.6699981689453,C,135.0,1.0000000000000003e-05,16.0,0,0.0,0.0
ACLS,2026-08-21,136.6699981689453,C,140.0,0.0312596875,3.0,0,0.0,0.0
ACLS,2026-08-21,136.6699981689453,C,145.0,0.062509375,13.0,0,0.0,0.0
ACLS,2026-08-21,136.6699981689453,C,150.0,0.12500875,8.0,0,0.0,0.0
ACLS,2026-08-21,136.6699981689453,C,155.0,0.12500875,1.0,0,0.0,0.0
ACLS,2026-08-21,136.6699981689453,C,160.0,0.12500875,26.0,0,0.0,0.0
ACLS,2026-08-21,136.6699981689453,C,165.0,0.2500075,93.0,0,0.0,0.0
ACLS,2026-08-21,136.6699981689453,C,170.0,0.2500075,1.0,0,0.0,0.0
ACLS,2026-08-21,136.6699981689453,C,175.0,0.2500075,10.0,0,0.0,0.0
ACLS,2026-08-21,136.6699981689453,C,180.0,0.2500075,4.0,0,0.0,0.0
ACLS,2026-08-21,136.6699981689453,C,185.0,0.2500075,10.0,0,0.0,0.0
ACLS,2026-08-21,136.6699981689453,C,190.0,0.2500075,3.0,0,0.0,0.0
ACLS,2026-08-21,136.6699981689453,C,195.0,0.2500075,1.0,0,0.0,0.0
ACLS,2026-08-21,136.6699981689453,C,200.0,0.500005,4.0,0,0.0,0.0
ACLS,2026-08-21,136.6699981689453,C,210.0,0.500005,3.0,0,0.0,0.0
ACLS,2026-08-21,136.6699981689453,C,220.0,0.500005,1.0,0,0.0,0.0
ACLS,2026-08-21,136.6699981689453,C,230.0,0.500005,2.0,0,0.0,0.0
ACLS,2026-08-21,136.6699981689453,C,240.0,0.500005,16.0,0,0.0,0.0
ACLS,2026-08-21,136.6699981689453,C,250.0,0.500005,79.0,0,0.0,0.0
ACLS,2026-08-21,136.6699981689453,C,260.0,0.500005,359.0,0,0.0,0.0
ACLS,2026-08-21,136.6699981689453,C,270.0,0.500005,2.0,0,0.0,0.0
ACLS,2026-08-21,136.6699981689453,C,280.0,0.500005,4.0,0,0.0,0.0
ACLS,2026-08-21,136.6699981689453,P,40.0,0.500005,2.0,0,0.0,0.0
ACLS,2026-08-21,136.6699981689453,P,45.0,0.500005,,0,0.0,0.0
ACLS,2026-08-21,136.6699981689453,P,50.0,0.500005,1.0,0,0.0,0.0
ACLS,2026-08-21,136.6699981689453,P,55.0,0.500005,1.0,0,0.0,0.0
ACLS,2026-08-21,136.6699981689453,P,60.0,0.500005,10.0,0,0.0,0.0
ACLS,2026-08-21,136.6699981689453,P,65.0,0.500005,10.0,0,0.0,0.0
ACLS,2026-08-21,136.6699981689453,P,70.0,0.500005,11.0,0,0.0,0.0
ACLS,2026-08-21,136.6699981689453,P,75.0,0.500005,1.0,0,0.0,0.0
ACLS,2026-08-21,136.6699981689453,P,80.0,0.500005,1.0,0,0.0,0.0
ACLS,2026-08-21,136.6699981689453,P,85.0,0.500005,10.0,0,0.0,0.0
ACLS,2026-08-21,136.6699981689453,P,90.0,0.500005,9.0,0,0.0,0.0
ACLS,2026-08-21,136.6699981689453,P,95.0,0.500005,10.0,0,0.0,0.0
ACLS,2026-08-21,136.6699981689453,P,100.0,0.2500075,2.0,0,0.0,0.0
ACLS,2026-08-21,136.6699981689453,P,105.0,0.2500075,4.0,0,0.0,0.0
ACLS,2026-08-21,136.6699981689453,P,110.0,0.2500075,10.0,0,0.0,0.0
ACLS,2026-08-21,136.6699981689453,P,115.0,0.2500075,6.0,0,0.0,0.0
ACLS,2026-08-21,136.6699981689453,P,120.0,0.12500875,1.0,0,0.0,0.0
ACLS,2026-08-21,136.6699981689453,P,125.0,0.12500875,68.0,0,0.0,0.0
ACLS,2026-08-21,136.6699981689453,P,130.0,0.062509375,15.0,0,0.0,0.0
ACLS,2026-08-21,136.6699981689453,P,135.0,0.015634843750000002,15.0,0,0.0,0.0
ACLS,2026-08-21,136.6699981689453,P,140.0,1.0000000000000003e-05,3.0,0,0.0,0.0
ACLS,2026-08-21,136.6699981689453,P,145.0,1.0000000000000003e-05,4.0,0,0.0,0.0
ACLS,2026-08-21,136.6699981689453,P,150.0,1.0000000000000003e-05,1.0,0,0.0,0.0
ACLS,2026-08-21,136.6699981689453,P,155.0,1.0000000000000003e-05,3.0,0,0.0,0.0
ACLS,2026-08-21,136.6699981689453,P,160.0,1.0000000000000003e-05,2.0,0,0.0,0.0
ACLS,2026-08-21,136.6699981689453,P,165.0,1.0000000000000003e-05,10.0,0,0.0,0.0
ACLS,2026-08-21,136.6699981689453,P,170.0,1.0000000000000003e-05,10.0,0,0.0,0.0
ACLS,2026-08-21,136.6699981689453,P,175.0,1.0000000000000003e-05,1.0,0,0.0,0.0
ACLS,2026-08-21,136.6699981689453,P,180.0,1.0000000000000003e-05,10.0,0,0.0,0.0
ACLS,2026-08-21,136.6699981689453,P,185.0,1.0000000000000003e-05,2.0,0,0.0,0.0
ACLS,2026-08-21,136.6699981689453,P,190.0,1.0000000000000003e-05,40.0,0,0.0,0.0
ACLS,2026-08-21,136.6699981689453,P,195.0,0.7148466015625,2.0,4,54.9,58.4
ACLS,2026-08-21,136.6699981689453,P,200.0,1.0000000000000003e-05,,1,51.0,54.1
ACLS,2026-08-21,136.6699981689453,P,210.0,1.0000000000000003e-05,1.0,0,0.0,0.0
ACLS,2026-08-21,136.6699981689453,P,230.0,1.0000000000000003e-05,51.0,0,0.0,0.0
ACLS,2026-08-21,136.6699981689453,P,280.0,1.0000000000000003e-05,,0,0.0,0.0
CVRX,2026-08-21,5.579999923706055,C,5.0,1.0000000000000003e-05,7.0,0,0.0,0.0
CVRX,2026-08-21,5.579999923706055,P,2.5,0.500005,,0,0.0,0.0
CVRX,2026-08-21,5.579999923706055,P,5.0,0.12500875,,0,0.0,0.0
ACRS,2026-08-21,6.360000133514404,C,1.0,1.0000000000000003e-05,,0,0.0,0.0
ACRS,2026-08-21,6.360000133514404,C,2.0,1.0000000000000003e-05,,0,0.0,0.0
ACRS,2026-08-21,6.360000133514404,C,3.0,1.0000000000000003e-05,1.0,0,0.0,0.0
ACRS,2026-08-21,6.360000133514404,C,4.0,1.0000000000000003e-05,2.0,0,0.0,0.0
ACRS,2026-08-21,6.360000133514404,C,5.0,1.0000000000000003e-05,18.0,0,0.0,0.0
ACRS,2026-08-21,6.360000133514404,C,6.0,1.0000000000000003e-05,4.0,0,0.0,0.0
ACRS,2026-08-21,6.360000133514404,C,7.0,0.12500875,32.0,0,0.0,0.0
ACRS,2026-08-21,6.360000133514404,C,8.0,0.2500075,37.0,0,0.0,0.0
ACRS,2026-08-21,6.360000133514404,C,9.0,0.500005,85.0,0,0.0,0.0
ACRS,2026-08-21,6.360000133514404,C,10.0,0.500005,2.0,0,0.0,0.0
ACRS,2026-08-21,6.360000133514404,P,2.0,0.500005,15.0,0,0.0,0.0
ACRS,2026-08-21,6.360000133514404,P,3.0,0.500005,14.0,0,0.0,0.0
ACRS,2026-08-21,6.360000133514404,P,4.0,0.500005,3.0,0,0.0,0.0
ACRS,2026-08-21,6.360000133514404,P,5.0,0.2500075,4.0,0,0.0,0.0
ACRS,2026-08-21,6.360000133514404,P,6.0,0.12500875,10.0,0,0.0,0.0
ACRS,2026-08-21,6.360000133514404,P,7.0,1.0000000000000003e-05,5.0,0,0.0,0.0
ACRS,2026-08-21,6.360000133514404,P,8.0,1.0000000000000003e-05,,0,0.0,0.0
CCLD,2026-08-21,2.5399999618530273,C,2.5,1.0000000000000003e-05,42,0,0.0,0.0
CCLD,2026-08-21,2.5399999618530273,P,2.5,0.0312596875,20,0,0.0,0.0
NTGR,2026-08-21,24.3799991607666,C,23.0,1.0000000000000003e-05,1.0,0,0.0,0.0
NTGR,2026-08-21,24.3799991607666,C,24.0,1.0000000000000003e-05,1.0,0,0.0,0.0
NTGR,2026-08-21,24.3799991607666,C,25.0,0.0312596875,6.0,0,0.0,0.0
NTGR,2026-08-21,24.3799991607666,C,26.0,0.062509375,19.0,0,0.0,0.0
NTGR,2026-08-21,24.3799991607666,C,27.0,0.12500875,,0,0.0,0.0
NTGR,2026-08-21,24.3799991607666,C,28.0,0.12500875,,0,0.0,0.0
NTGR,2026-08-21,24.3799991607666,C,29.0,0.2500075,,0,0.0,0.0
NTGR,2026-08-21,24.3799991607666,C,30.0,0.2500075,,0,0.0,0.0
NTGR,2026-08-21,24.3799991607666,C,32.0,1.46484642578125,,1,0.0,1.75
NTGR,2026-08-21,24.3799991607666,P,18.0,0.2500075,1.0,0,0.0,0.0
NTGR,2026-08-21,24.3799991607666,P,19.0,0.2500075,,0,0.0,0.0
NTGR,2026-08-21,24.3799991607666,P,20.0,0.2500075,2.0,0,0.0,0.0
NTGR,2026-08-21,24.3799991607666,P,21.0,1.2070352148437498,2.0,2,0.05,1.9
NTGR,2026-08-21,24.3799991607666,P,22.0,0.12500875,100.0,0,0.0,0.0
NTGR,2026-08-21,24.3799991607666,P,24.0,0.0312596875,1.0,0,0.0,0.0
NTGR,2026-08-21,24.3799991607666,P,25.0,1.0000000000000003e-05,2.0,0,0.0,0.0
NTGR,2026-08-21,24.3799991607666,P,26.0,1.0000000000000003e-05,,0,0.0,0.0
GPRE,2026-08-21,16.489999771118164,C,10.0,1.0000000000000003e-05,,0,0.0,0.0
GPRE,2026-08-21,16.489999771118164,C,15.0,1.0000000000000003e-05,1.0,0,0.0,0.0
GPRE,2026-08-21,16.489999771118164,C,16.0,1.0000000000000003e-05,1.0,0,0.0,0.0
GPRE,2026-08-21,16.489999771118164,C,17.0,0.062509375,24.0,0,0.0,0.0
GPRE,2026-08-21,16.489999771118164,C,18.0,0.12500875,82.0,0,0.0,0.0
GPRE,2026-08-21,16.489999771118164,C,19.0,0.2500075,202.0,0,0.0,0.0
GPRE,2026-08-21,16.489999771118164,C,20.0,0.2500075,360.0,0,0.0,0.0
GPRE,2026-08-21,16.489999771118164,C,21.0,0.2500075,1.0,0,0.0,0.0
GPRE,2026-08-21,16.489999771118164,C,22.0,0.2500075,2.0,0,0.0,0.0
GPRE,2026-08-21,16.489999771118164,C,23.0,0.500005,1.0,0,0.0,0.0
GPRE,2026-08-21,16.489999771118164,C,24.0,0.500005,,0,0.0,0.0
GPRE,2026-08-21,16.489999771118164,P,7.0,0.500005,,0,0.0,0.0
GPRE,2026-08-21,16.489999771118164,P,9.0,0.500005,,0,0.0,0.0
GPRE,2026-08-21,16.489999771118164,P,10.0,0.500005,,0,0.0,0.0
GPRE,2026-08-21,16.489999771118164,P,11.0,0.500005,2.0,0,0.0,0.0
GPRE,2026-08-21,16.489999771118164,P,13.0,0.2500075,3.0,0,0.0,0.0
GPRE,2026-08-21,16.489999771118164,P,14.0,0.2500075,2.0,0,0.0,0.0
GPRE,2026-08-21,16.489999771118164,P,15.0,0.12500875,5.0,0,0.0,0.0
GPRE,2026-08-21,16.489999771118164,P,16.0,0.062509375,20.0,0,0.0,0.0
GPRE,2026-08-21,16.489999771118164,P,17.0,1.0000000000000003e-05,7.0,0,0.0,0.0
GPRE,2026-08-21,16.489999771118164,P,18.0,1.0000000000000003e-05,,0,0.0,0.0
GPRE,2026-08-21,16.489999771118164,P,19.0,1.0000000000000003e-05,,0,0.0,0.0
GPRE,2026-08-21,16.489999771118164,P,20.0,1.0000000000000003e-05,6.0,0,0.0,0.0
NEWT,2026-08-21,15.130000114440918,C,2.5,8.859379462890626,,0,10.8,13.4
NEWT,2026-08-21,15.130000114440918,C,5.0,6.878907651367188,,0,7.4,11.5
NEWT,2026-08-21,15.130000114440918,C,15.0,1.0000000000000003e-05,1.0,0,0.0,0.0
NEWT,2026-08-21,15.130000114440918,C,17.5,0.2500075,4.0,0,0.0,0.0
NEWT,2026-08-21,15.130000114440918,P,5.0,0.500005,,0,0.0,0.0
NEWT,2026-08-21,15.130000114440918,P,12.5,0.2500075,1.0,0,0.0,0.0
NEWT,2026-08-21,15.130000114440918,P,15.0,0.015634843750000002,125.0,0,0.0,0.0
RCEL,2026-08-21,4.46999979019165,C,2.5,1.0000000000000003e-05,50.0,0,0.0,0.0
RCEL,2026-08-21,4.46999979019165,C,5.0,0.12500875,25.0,0,0.0,0.0
RCEL,2026-08-21,4.46999979019165,C,7.5,0.500005,9.0,0,0.0,0.0
RCEL,2026-08-21,4.46999979019165,C,10.0,0.500005,,0,0.0,0.0
RCEL,2026-08-21,4.46999979019165,P,2.5,0.500005,,0,0.0,0.0
RCEL,2026-08-21,4.46999979019165,P,5.0,1.0000000000000003e-05,10.0,0,0.0,0.0
PTON,2026-08-07,6.519999980926514,C,1.0,1.0000000000000003e-05,15.0,0,0.0,0.0
PTON,2026-08-07,6.519999980926514,C,1.5,1.0000000000000003e-05,20.0,0,0.0,0.0
PTON,2026-08-07,6.519999980926514,C,2.0,1.0000000000000003e-05,7.0,0,0.0,0.0
PTON,2026-08-07,6.519999980926514,C,2.5,1.0000000000000003e-05,7.0,0,0.0,0.0
PTON,2026-08-07,6.519999980926514,C,3.0,1.0000000000000003e-05,10.0,0,0.0,0.0
PTON,2026-08-07,6.519999980926514,C,3.5,1.0000000000000003e-05,5.0,0,0.0,0.0
PTON,2026-08-07,6.519999980926514,C,4.5,1.0000000000000003e-05,50.0,0,0.0,0.0
PTON,2026-08-07,6.519999980926514,C,5.0,1.0000000000000003e-05,66.0,0,0.0,0.0
PTON,2026-08-07,6.519999980926514,C,5.5,1.0000000000000003e-05,23.0,0,0.0,0.0
PTON,2026-08-07,6.519999980926514,C,6.0,1.0000000000000003e-05,4.0,0,0.0,0.0
PTON,2026-08-07,6.519999980926514,C,6.5,1.0000000000000003e-05,1112.0,0,0.0,0.0
PTON,2026-08-07,6.519999980926514,C,7.0,0.2500075,548.0,0,0.0,0.0
PTON,2026-08-07,6.519999980926514,C,7.5,0.500005,4332.0,0,0.0,0.0
PTON,2026-08-07,6.519999980926514,C,8.0,0.500005,23.0,0,0.0,0.0
PTON,2026-08-07,6.519999980926514,C,8.5,0.500005,11.0,0,0.0,0.0
PTON,2026-08-07,6.519999980926514,C,9.0,0.500005,2.0,0,0.0,0.0
PTON,2026-08-07,6.519999980926514,C,9.5,0.500005,9.0,0,0.0,0.0
PTON,2026-08-07,6.519999980926514,C,10.0,0.500005,1.0,0,0.0,0.0
PTON,2026-08-07,6.519999980926514,C,10.5,0.500005,1.0,0,0.0,0.0
PTON,2026-08-07,6.519999980926514,P,1.0,0.500005,,0,0.0,0.0
PTON,2026-08-07,6.519999980926514,P,1.5,0.500005,1.0,0,0.0,0.0
PTON,2026-08-07,6.519999980926514,P,2.0,0.500005,4.0,0,0.0,0.0
PTON,2026-08-07,6.519999980926514,P,2.5,0.500005,2.0,0,0.0,0.0
PTON,2026-08-07,6.519999980926514,P,3.0,0.500005,7.0,0,0.0,0.0
PTON,2026-08-07,6.519999980926514,P,3.5,0.500005,3.0,0,0.0,0.0
PTON,2026-08-07,6.519999980926514,P,4.0,0.500005,12.0,0,0.0,0.0
PTON,2026-08-07,6.519999980926514,P,4.5,0.500005,18.0,0,0.0,0.0
PTON,2026-08-07,6.519999980926514,P,5.0,0.500005,106.0,0,0.0,0.0
PTON,2026-08-07,6.519999980926514,P,5.5,0.500005,104.0,0,0.0,0.0
PTON,2026-08-07,6.519999980926514,P,6.0,0.500005,69.0,0,0.0,0.0
PTON,2026-08-07,6.519999980926514,P,6.5,0.0312596875,995.0,0,0.0,0.0
PTON,2026-08-07,6.519999980926514,P,7.0,1.0000000000000003e-05,10043.0,0,0.0,0.0
PTON,2026-08-07,6.519999980926514,P,7.5,1.0000000000000003e-05,2.0,0,0.0,0.0
PTON,2026-08-07,6.519999980926514,P,8.0,1.0000000000000003e-05,24.0,0,0.0,0.0
PTON,2026-08-07,6.519999980926514,P,8.5,1.0000000000000003e-05,24.0,0,0.0,0.0
PTON,2026-08-07,6.519999980926514,P,9.0,1.0000000000000003e-05,9.0,0,0.0,0.0
PTON,2026-08-07,6.519999980926514,P,9.5,1.0000000000000003e-05,32.0,0,0.0,0.0
PTON,2026-08-07,6.519999980926514,P,10.0,1.0000000000000003e-05,37.0,0,0.0,0.0
NB,2026-08-07,5.019999980926514,C,1.0,1.0000000000000003e-05,2.0,0,0.0,0.0
NB,2026-08-07,5.019999980926514,C,1.5,1.0000000000000003e-05,3.0,0,0.0,0.0
NB,2026-08-07,5.019999980926514,C,2.0,1.0000000000000003e-05,3.0,0,0.0,0.0
NB,2026-08-07,5.019999980926514,C,3.0,1.0000000000000003e-05,7.0,0,0.0,0.0
NB,2026-08-07,5.019999980926514,C,3.5,1.0000000000000003e-05,1.0,0,0.0,0.0
NB,2026-08-07,5.019999980926514,C,4.0,1.0000000000000003e-05,82.0,0,0.0,0.0
NB,2026-08-07,5.019999980926514,C,4.5,1.0000000000000003e-05,43.0,0,0.0,0.0
NB,2026-08-07,5.019999980926514,C,5.0,1.0000000000000003e-05,123.0,0,0.0,0.0
NB,2026-08-07,5.019999980926514,C,5.5,0.500005,59.0,0,0.0,0.0
NB,2026-08-07,5.019999980926514,C,6.0,0.500005,72.0,0,0.0,0.0
NB,2026-08-07,5.019999980926514,C,6.5,0.500005,1.0,0,0.0,0.0
NB,2026-08-07,5.019999980926514,C,7.0,0.500005,1.0,0,0.0,0.0
NB,2026-08-07,5.019999980926514,C,8.0,0.500005,2.0,0,0.0,0.0
NB,2026-08-07,5.019999980926514,C,9.0,0.500005,1.0,0,0.0,0.0
NB,2026-08-07,5.019999980926514,P,1.0,0.500005,4.0,0,0.0,0.0
NB,2026-08-07,5.019999980926514,P,2.0,0.500005,1.0,0,0.0,0.0
NB,2026-08-07,5.019999980926514,P,2.5,0.500005,1.0,0,0.0,0.0
NB,2026-08-07,5.019999980926514,P,3.0,0.500005,2.0,0,0.0,0.0
NB,2026-08-07,5.019999980926514,P,3.5,0.500005,,0,0.0,0.0
NB,2026-08-07,5.019999980926514,P,4.0,0.500005,1.0,0,0.0,0.0
NB,2026-08-07,5.019999980926514,P,5.0,0.0312596875,279.0,0,0.0,0.0
NB,2026-08-07,5.019999980926514,P,5.5,1.0000000000000003e-05,1.0,0,0.0,0.0
NB,2026-08-07,5.019999980926514,P,6.0,1.0000000000000003e-05,4.0,0,0.0,0.0
NB,2026-08-07,5.019999980926514,P,6.5,1.0000000000000003e-05,2.0,0,0.0,0.0
NB,2026-08-07,5.019999980926514,P,7.0,1.0000000000000003e-05,1.0,0,0.0,0.0
NB,2026-08-07,5.019999980926514,P,7.5,1.0000000000000003e-05,1.0,0,0.0,0.0
NB,2026-08-07,5.019999980926514,P,9.0,1.0000000000000003e-05,2.0,0,0.0,0.0
GRNT,2026-08-21,4.630000114440918,C,2.5,1.0000000000000003e-05,5,0,0.0,0.0
GRNT,2026-08-21,4.630000114440918,C,5.0,0.12500875,4,0,0.0,0.0
GRNT,2026-08-21,4.630000114440918,P,2.5,0.500005,5,0,0.0,0.0
GRNT,2026-08-21,4.630000114440918,P,5.0,1.0000000000000003e-05,1,0,0.0,0.0
GHRS,2026-08-21,29.1299991607666,C,25.0,1.0000000000000003e-05,39.0,0,0.0,0.0
GHRS,2026-08-21,29.1299991607666,C,30.0,0.0312596875,1.0,0,0.0,0.0
GHRS,2026-08-21,29.1299991607666,C,35.0,0.2500075,1.0,0,0.0,0.0
GHRS,2026-08-21,29.1299991607666,C,40.0,0.2500075,,0,0.0,0.0
GHRS,2026-08-21,29.1299991607666,P,2.5,0.500005,,0,0.0,0.0
GHRS,2026-08-21,29.1299991607666,P,5.0,0.500005,,0,0.0,0.0
GHRS,2026-08-21,29.1299991607666,P,7.5,0.500005,,0,0.0,0.0
GHRS,2026-08-21,29.1299991607666,P,25.0,0.2500075,25.0,0,0.0,0.0
GHRS,2026-08-21,29.1299991607666,P,30.0,1.0000000000000003e-05,,0,0.0,0.0
ARKO,2026-08-21,7.360000133514404,C,2.5,8.281254824218749,2.0,8,4.5,7.2
ARKO,2026-08-21,7.360000133514404,C,5.0,2.69531576171875,7.0,58,1.8,3.9
ARKO,2026-08-21,7.360000133514404,C,7.5,0.0312596875,5.0,0,0.0,0.0
ARKO,2026-08-21,7.360000133514404,C,10.0,0.500005,19.0,0,0.0,0.0
ARKO,2026-08-21,7.360000133514404,P,2.5,0.500005,1.0,0,0.0,0.0
ARKO,2026-08-21,7.360000133514404,P,5.0,0.500005,2.0,0,0.0,0.0
ARKO,2026-08-21,7.360000133514404,P,7.5,1.0000000000000003e-05,5.0,0,0.0,0.0
ARKO,2026-08-21,7.360000133514404,P,10.0,1.7695324023437498,,0,2.4,3.6
INMB,2026-08-21,1.899999976158142,C,2.0,0.12500875,46.0,0,0.0,0.0
INMB,2026-08-21,1.899999976158142,C,3.0,0.500005,1.0,0,0.0,0.0
INMB,2026-08-21,1.899999976158142,P,1.0,0.500005,,0,0.0,0.0
ALDX,2026-08-07,1.600000023841858,C,0.5,1.0000000000000003e-05,1.0,0,0.0,0.0
ALDX,2026-08-07,1.600000023841858,C,1.0,1.0000000000000003e-05,1.0,0,0.0,0.0
ALDX,2026-08-07,1.600000023841858,C,1.5,1.0000000000000003e-05,60.0,0,0.0,0.0
ALDX,2026-08-07,1.600000023841858,C,2.0,0.500005,1.0,0,0.0,0.0
ALDX,2026-08-07,1.600000023841858,C,2.5,0.500005,20.0,0,0.0,0.0
ALDX,2026-08-07,1.600000023841858,C,3.0,0.500005,1.0,0,0.0,0.0
ALDX,2026-08-07,1.600000023841858,P,0.5,0.500005,3.0,0,0.0,0.0
ALDX,2026-08-07,1.600000023841858,P,1.0,0.500005,10.0,0,0.0,0.0
ALDX,2026-08-07,1.600000023841858,P,2.0,1.0000000000000003e-05,,0,0.0,0.0
ALDX,2026-08-07,1.600000023841858,P,2.5,1.0000000000000003e-05,,0,0.0,0.0
ALDX,2026-08-07,1.600000023841858,P,3.5,1.0000000000000003e-05,1.0,0,0.0,0.0
ALDX,2026-08-07,1.600000023841858,P,4.0,1.0000000000000003e-05,2.0,0,0.0,0.0
ALDX,2026-08-07,1.600000023841858,P,5.0,1.0000000000000003e-05,1.0,0,0.0,0.0
CTMX,2026-08-21,3.3499999046325684,C,1.0,1.0000000000000003e-05,1.0,0,0.0,0.0
CTMX,2026-08-21,3.3499999046325684,C,2.0,15.843750097656251,,1,2.6,3.6
CTMX,2026-08-21,3.3499999046325684,C,3.0,1.0000000000000003e-05,2.0,0,0.0,0.0
CTMX,2026-08-21,3.3499999046325684,C,4.0,0.2500075,102.0,0,0.0,0.0
CTMX,2026-08-21,3.3499999046325684,C,5.0,0.500005,1.0,0,0.0,0.0
CTMX,2026-08-21,3.3499999046325684,C,6.0,0.500005,15.0,0,0.0,0.0
CTMX,2026-08-21,3.3499999046325684,C,7.0,0.500005,6.0,0,0.0,0.0
CTMX,2026-08-21,3.3499999046325684,C,8.0,0.500005,20.0,0,0.0,0.0
CTMX,2026-08-21,3.3499999046325684,C,9.0,0.500005,14.0,0,0.0,0.0
CTMX,2026-08-21,3.3499999046325684,C,10.0,0.500005,10.0,0,0.0,0.0
CTMX,2026-08-21,3.3499999046325684,C,11.0,5.01562873046875,10.0,1760,0.0,0.75
CTMX,2026-08-21,3.3499999046325684,C,14.0,0.500005,3.0,0,0.0,0.0
CTMX,2026-08-21,3.3499999046325684,C,15.0,0.500005,2.0,0,0.0,0.0
CTMX,2026-08-21,3.3499999046325684,C,16.0,0.500005,1.0,0,0.0,0.0
CTMX,2026-08-21,3.3499999046325684,P,1.0,9.921878798828125,2.0,2,0.0,1.0
CTMX,2026-08-21,3.3499999046325684,P,2.0,1.625001875,50.0,54,0.0,0.05
CTMX,2026-08-21,3.3499999046325684,P,3.0,0.12500875,1.0,0,0.0,0.0
CTMX,2026-08-21,3.3499999046325684,P,4.0,1.0000000000000003e-05,5.0,0,0.0,0.0
CTMX,2026-08-21,3.3499999046325684,P,5.0,1.0000000000000003e-05,1.0,0,0.0,0.0
CTMX,2026-08-21,3.3499999046325684,P,6.0,1.0000000000000003e-05,,1,1.15,2.15
CTMX,2026-08-21,3.3499999046325684,P,7.0,1.0000000000000003e-05,,9,1.9,2.9
CTMX,2026-08-21,3.3499999046325684,P,8.0,1.0000000000000003e-05,1.0,0,0.0,0.0
PBH,2026-08-21,52.97999954223633,C,65.0,0.2500075,,0,0.0,0.0
PBH,2026-08-21,52.97999954223633,P,45.0,0.2500075,3.0,0,0.0,0.0
LGND,2026-08-21,302.57000732421875,C,105.0,1.0000000000000003e-05,1.0,0,0.0,0.0
LGND,2026-08-21,302.57000732421875,C,120.0,1.0000000000000003e-05,,1,92.8,97.5
LGND,2026-08-21,302.57000732421875,C,125.0,1.0000000000000003e-05,1.0,2,108.4,111.5
LGND,2026-08-21,302.57000732421875,C,130.0,1.0000000000000003e-05,1.0,1,107.0,110.9
LGND,2026-08-21,302.57000732421875,C,135.0,1.0000000000000003e-05,1.0,0,0.0,0.0
LGND,2026-08-21,302.57000732421875,C,140.0,1.0000000000000003e-05,1.0,10,74.2,78.5
LGND,2026-08-21,302.57000732421875,C,145.0,1.0000000000000003e-05,1.0,2,92.5,96.0
LGND,2026-08-21,302.57000732421875,C,150.0,1.0000000000000003e-05,1.0,0,0.0,0.0
LGND,2026-08-21,302.57000732421875,C,165.0,1.8076181494140622,1.0,0,135.5,139.5
LGND,2026-08-21,302.57000732421875,C,170.0,1.0000000000000003e-05,,1,66.4,69.6
LGND,2026-08-21,302.57000732421875,C,175.0,1.0000000000000003e-05,1.0,6,63.5,67.2
LGND,2026-08-21,302.57000732421875,C,180.0,1.0000000000000003e-05,1.0,0,0.0,0.0
LGND,2026-08-21,302.57000732421875,C,185.0,1.0000000000000003e-05,,2,35.9,40.5
LGND,2026-08-21,302.57000732421875,C,190.0,1.0000000000000003e-05,1.0,1,63.0,67.5
LGND,2026-08-21,302.57000732421875,C,195.0,1.0000000000000003e-05,1.0,0,28.5,32.0
LGND,2026-08-21,302.57000732421875,C,200.0,1.0000000000000003e-05,15.0,0,0.0,0.0
LGND,2026-08-21,302.57000732421875,C,210.0,1.0000000000000003e-05,5.0,0,0.0,0.0
LGND,2026-08-21,302.57000732421875,C,220.0,1.0000000000000003e-05,2.0,0,0.0,0.0
LGND,2026-08-21,302.57000732421875,C,230.0,1.0000000000000003e-05,1.0,0,0.0,0.0
LGND,2026-08-21,302.57000732421875,C,240.0,1.0000000000000003e-05,1.0,0,0.0,0.0
LGND,2026-08-21,302.57000732421875,C,250.0,1.0000000000000003e-05,5.0,0,0.0,0.0
LGND,2026-08-21,302.57000732421875,C,260.0,1.0000000000000003e-05,6.0,0,0.0,0.0
LGND,2026-08-21,302.57000732421875,C,270.0,1.0000000000000003e-05,5.0,0,0.0,0.0
LGND,2026-08-21,302.57000732421875,C,280.0,1.0000000000000003e-05,1.0,0,0.0,0.0
LGND,2026-08-21,302.57000732421875,C,290.0,1.0000000000000003e-05,4.0,0,0.0,0.0
LGND,2026-08-21,302.57000732421875,C,300.0,1.0000000000000003e-05,1.0,0,0.0,0.0
LGND,2026-08-21,302.57000732421875,C,310.0,0.0312596875,2.0,0,0.0,0.0
LGND,2026-08-21,302.57000732421875,C,320.0,0.062509375,2.0,0,0.0,0.0
LGND,2026-08-21,302.57000732421875,C,330.0,0.12500875,1.0,0,0.0,0.0
LGND,2026-08-21,302.57000732421875,C,340.0,0.12500875,1.0,0,0.0,0.0
LGND,2026-08-21,302.57000732421875,C,350.0,0.12500875,1.0,0,0.0,0.0
LGND,2026-08-21,302.57000732421875,C,370.0,0.2500075,,0,0.0,0.0
LGND,2026-08-21,302.57000732421875,C,380.0,0.2500075,,0,0.0,0.0
LGND,2026-08-21,302.57000732421875,C,400.0,0.2500075,,0,0.0,0.0
LGND,2026-08-21,302.57000732421875,P,105.0,0.500005,1.0,0,0.0,0.0
LGND,2026-08-21,302.57000732421875,P,110.0,2.9736353784179688,1.0,3,0.0,4.8
LGND,2026-08-21,302.57000732421875,P,115.0,0.500005,1.0,0,0.0,0.0
LGND,2026-08-21,302.57000732421875,P,120.0,0.500005,1.0,0,0.0,0.0
LGND,2026-08-21,302.57000732421875,P,125.0,2.6665072399902345,1.0,8,0.1,5.0
LGND,2026-08-21,302.57000732421875,P,130.0,2.5278357116699213,1.0,2,0.0,4.8
LGND,2026-08-21,302.57000732421875,P,140.0,2.361820501708984,1.0,1,0.1,5.0
LGND,2026-08-21,302.57000732421875,P,150.0,0.500005,,0,0.0,0.0
LGND,2026-08-21,302.57000732421875,P,155.0,0.500005,1.0,0,0.0,0.0
LGND,2026-08-21,302.57000732421875,P,160.0,0.500005,2.0,0,0.0,0.0
LGND,2026-08-21,302.57000732421875,P,165.0,0.500005,1.0,0,0.0,0.0
LGND,2026-08-21,302.57000732421875,P,170.0,0.500005,1.0,0,0.0,0.0
LGND,2026-08-21,302.57000732421875,P,175.0,1.7382825585937498,1.0,2,0.0,4.8
LGND,2026-08-21,302.57000732421875,P,180.0,0.500005,3.0,0,0.0,0.0
LGND,2026-08-21,302.57000732421875,P,185.0,0.500005,2.0,0,0.0,0.0
LGND,2026-08-21,302.57000732421875,P,190.0,0.500005,1.0,0,0.0,0.0
LGND,2026-08-21,302.57000732421875,P,195.0,0.500005,5.0,0,0.0,0.0
LGND,2026-08-21,302.57000732421875,P,200.0,0.500005,1.0,0,0.0,0.0
LGND,2026-08-21,302.57000732421875,P,210.0,0.2500075,1.0,0,0.0,0.0
LGND,2026-08-21,302.57000732421875,P,220.0,0.2500075,1.0,0,0.0,0.0
LGND,2026-08-21,302.57000732421875,P,230.0,0.2500075,3.0,0,0.0,0.0
LGND,2026-08-21,302.57000732421875,P,240.0,0.8735364208984374,2.0,2,0.0,4.8
LGND,2026-08-21,302.57000732421875,P,250.0,0.2500075,5.0,0,0.0,0.0
LGND,2026-08-21,302.57000732421875,P,260.0,0.12500875,1.0,0,0.0,0.0
LGND,2026-08-21,302.57000732421875,P,270.0,0.12500875,11.0,0,0.0,0.0
LGND,2026-08-21,302.57000732421875,P,280.0,0.062509375,1.0,0,0.0,0.0
LGND,2026-08-21,302.57000732421875,P,290.0,0.062509375,26.0,0,0.0,0.0
LGND,2026-08-21,302.57000732421875,P,300.0,0.007822421875,1.0,0,0.0,0.0
LGND,2026-08-21,302.57000732421875,P,310.0,1.0000000000000003e-05,1.0,0,0.0,0.0
LGND,2026-08-21,302.57000732421875,P,320.0,1.0000000000000003e-05,,0,0.0,0.0
LGND,2026-08-21,302.57000732421875,P,330.0,0.6080361462402344,,13,31.2,35.5
LGND,2026-08-21,302.57000732421875,P,340.0,0.9343268286132812,,0,46.1,50.0
LGND,2026-08-21,302.57000732421875,P,420.0,1.0000000000000003e-05,2.0,0,0.0,0.0
TIC,2026-08-21,8.180000305175781,C,7.5,1.0000000000000003e-05,1.0,0,0.0,0.0
TIC,2026-08-21,8.180000305175781,C,10.0,0.2500075,55.0,0,0.0,0.0
TIC,2026-08-21,8.180000305175781,P,5.0,0.500005,,0,0.0,0.0
TIC,2026-08-21,8.180000305175781,P,7.5,0.12500875,1.0,0,0.0,0.0
TIC,2026-08-21,8.180000305175781,P,10.0,1.0000000000000003e-05,10.0,0,0.0,0.0
TMCI,2026-08-21,4.78000020980835,C,2.5,1.0000000000000003e-05,1.0,0.0,0.0,0.0
TMCI,2026-08-21,4.78000020980835,C,5.0,0.062509375,1.0,0.0,0.0,0.0
TMCI,2026-08-21,4.78000020980835,C,7.5,0.500005,1.0,0.0,0.0,0.0
MAGN,2026-08-21,13.539999961853027,C,12.5,1.0000000000000003e-05,2.0,0,0.0,0.0
MAGN,2026-08-21,13.539999961853027,C,15.0,0.12500875,2.0,0,0.0,0.0
MAGN,2026-08-21,13.539999961853027,C,17.5,0.2500075,2.0,0,0.0,0.0
MAGN,2026-08-21,13.539999961853027,C,20.0,0.500005,,0,0.0,0.0
MAGN,2026-08-21,13.539999961853027,P,10.0,0.500005,1.0,0,0.0,0.0
MAGN,2026-08-21,13.539999961853027,P,12.5,0.12500875,,0,0.0,0.0
DRVN,2026-08-21,14.609999656677246,C,2.5,1.0000000000000003e-05,,0,0.0,0.0
DRVN,2026-08-21,14.609999656677246,C,5.0,1.0000000000000003e-05,1.0,0,0.0,0.0
DRVN,2026-08-21,14.609999656677246,C,7.5,1.0000000000000003e-05,,0,0.0,0.0
DRVN,2026-08-21,14.609999656677246,C,15.0,0.0312596875,15.0,0,0.0,0.0
DRVN,2026-08-21,14.609999656677246,C,17.5,0.2500075,11.0,0,0.0,0.0
DRVN,2026-08-21,14.609999656677246,P,10.0,0.500005,2.0,0,0.0,0.0
DRVN,2026-08-21,14.609999656677246,P,12.5,0.2500075,10.0,0,0.0,0.0
DRVN,2026-08-21,14.609999656677246,P,15.0,1.0000000000000003e-05,2.0,0,0.0,0.0
PRTH,2026-08-21,6.659999847412109,C,5.0,1.0000000000000003e-05,2.0,0.0,0.0,0.0
PRTH,2026-08-21,6.659999847412109,C,7.5,0.12500875,8.0,0.0,0.0,0.0
PRTH,2026-08-21,6.659999847412109,C,10.0,0.500005,,0.0,0.0,0.0
LAMR,2026-08-21,158.17999267578125,C,135.0,1.0000000000000003e-05,1.0,0,0.0,0.0
LAMR,2026-08-21,158.17999267578125,C,145.0,1.0000000000000003e-05,1.0,0,0.0,0.0
LAMR,2026-08-21,158.17999267578125,C,150.0,1.0000000000000003e-05,2.0,0,0.0,0.0
LAMR,2026-08-21,158.17999267578125,C,155.0,1.0000000000000003e-05,2.0,0,0.0,0.0
LAMR,2026-08-21,158.17999267578125,C,160.0,0.015634843750000002,3.0,0,0.0,0.0
LAMR,2026-08-21,158.17999267578125,C,165.0,0.062509375,3.0,0,0.0,0.0
LAMR,2026-08-21,158.17999267578125,C,170.0,0.062509375,2.0,0,0.0,0.0
LAMR,2026-08-21,158.17999267578125,C,175.0,0.12500875,1.0,0,0.0,0.0
LAMR,2026-08-21,158.17999267578125,C,180.0,0.12500875,,0,0.0,0.0
LAMR,2026-08-21,158.17999267578125,P,100.0,1.4472683886718751,1.0,1,0.0,2.15
LAMR,2026-08-21,158.17999267578125,P,105.0,1.3261752441406247,1.0,1,0.0,2.2
LAMR,2026-08-21,158.17999267578125,P,135.0,0.12500875,7.0,0,0.0,0.0
LAMR,2026-08-21,158.17999267578125,P,140.0,0.12500875,1.0,0,0.0,0.0
LAMR,2026-08-21,158.17999267578125,P,145.0,0.12500875,1.0,0,0.0,0.0
LAMR,2026-08-21,158.17999267578125,P,150.0,0.062509375,31.0,0,0.0,0.0
LAMR,2026-08-21,158.17999267578125,P,155.0,0.0312596875,7.0,0,0.0,0.0
LAMR,2026-08-21,158.17999267578125,P,160.0,1.0000000000000003e-05,4.0,0,0.0,0.0
LAMR,2026-08-21,158.17999267578125,P,165.0,1.0000000000000003e-05,,0,0.0,0.0
PGNY,2026-08-21,31.3700008392334,C,5.0,1.0000000000000003e-05,,0,0.0,0.0
PGNY,2026-08-21,31.3700008392334,C,7.5,1.0000000000000003e-05,1.0,0,0.0,0.0
PGNY,2026-08-21,31.3700008392334,C,10.0,5.27148778564453,1.0,2,21.1,24.4
PGNY,2026-08-21,31.3700008392334,C,12.5,1.0000000000000003e-05,1.0,0,0.0,0.0
PGNY,2026-08-21,31.3700008392334,C,15.0,1.0000000000000003e-05,1.0,0,0.0,0.0
PGNY,2026-08-21,31.3700008392334,C,17.5,1.0000000000000003e-05,1.0,0,0.0,0.0
PGNY,2026-08-21,31.3700008392334,C,20.0,1.0000000000000003e-05,1.0,0,0.0,0.0
PGNY,2026-08-21,31.3700008392334,C,22.5,1.0000000000000003e-05,20.0,0,0.0,0.0
PGNY,2026-08-21,31.3700008392334,C,25.0,1.0000000000000003e-05,121.0,0,0.0,0.0
PGNY,2026-08-21,31.3700008392334,C,30.0,1.0000000000000003e-05,7.0,0,0.0,0.0
PGNY,2026-08-21,31.3700008392334,C,35.0,0.12500875,3.0,0,0.0,0.0
PGNY,2026-08-21,31.3700008392334,C,40.0,0.2500075,3.0,0,0.0,0.0
PGNY,2026-08-21,31.3700008392334,C,45.0,0.500005,1.0,0,0.0,0.0
PGNY,2026-08-21,31.3700008392334,P,5.0,0.500005,1.0,0,0.0,0.0
PGNY,2026-08-21,31.3700008392334,P,7.5,0.500005,1.0,0,0.0,0.0
PGNY,2026-08-21,31.3700008392334,P,10.0,4.847660190429686,85.0,88,0.0,2.15
PGNY,2026-08-21,31.3700008392334,P,12.5,0.500005,5.0,0,0.0,0.0
PGNY,2026-08-21,31.3700008392334,P,15.0,0.500005,9.0,0,0.0,0.0
PGNY,2026-08-21,31.3700008392334,P,17.5,0.500005,2.0,0,0.0,0.0
PGNY,2026-08-21,31.3700008392334,P,20.0,0.500005,30.0,0,0.0,0.0
PGNY,2026-08-21,31.3700008392334,P,22.5,1.8974614501953124,1.0,31,0.0,2.35
PGNY,2026-08-21,31.3700008392334,P,25.0,0.2500075,5.0,0,0.0,0.0
PGNY,2026-08-21,31.3700008392334,P,30.0,0.062509375,2.0,0,0.0,0.0
PGNY,2026-08-21,31.3700008392334,P,35.0,1.0000000000000003e-05,1.0,0,0.0,0.0
REAX,2026-08-21,1.7300000190734863,C,0.5,1.0000000000000003e-05,,0,0.0,0.0
REAX,2026-08-21,1.7300000190734863,C,1.0,1.0000000000000003e-05,,0,0.0,0.0
REAX,2026-08-21,1.7300000190734863,C,1.5,1.0000000000000003e-05,159.0,0,0.0,0.0
REAX,2026-08-21,1.7300000190734863,C,2.0,0.2500075,3.0,0,0.0,0.0
REAX,2026-08-21,1.7300000190734863,C,2.5,0.500005,1.0,0,0.0,0.0
REAX,2026-08-21,1.7300000190734863,C,5.0,0.500005,,0,0.0,0.0
REAX,2026-08-21,1.7300000190734863,C,7.5,0.500005,,0,0.0,0.0
REAX,2026-08-21,1.7300000190734863,P,1.5,0.2500075,1.0,0,0.0,0.0
REAX,2026-08-21,1.7300000190734863,P,2.0,1.0000000000000003e-05,2.0,0,0.0,0.0
REAX,2026-08-21,1.7300000190734863,P,2.5,1.0000000000000003e-05,1.0,0,0.0,0.0
LEG,2026-08-21,10.25,C,2.5,1.0000000000000003e-05,1,0,0.0,0.0
LEG,2026-08-21,10.25,C,10.0,1.0000000000000003e-05,62,0,0.0,0.0
LEG,2026-08-21,10.25,C,12.5,0.2500075,12,0,0.0,0.0
LEG,2026-08-21,10.25,C,15.0,0.500005,1,0,0.0,0.0
LEG,2026-08-21,10.25,P,10.0,0.0312596875,3,0,0.0,0.0
LEG,2026-08-21,10.25,P,15.0,1.0000000000000003e-05,1,0,0.0,0.0
GLUE,2026-08-21,15.609999656677246,C,10.0,1.0000000000000003e-05,1.0,0,0.0,0.0
GLUE,2026-08-21,15.609999656677246,C,12.5,1.0000000000000003e-05,11.0,0,0.0,0.0
GLUE,2026-08-21,15.609999656677246,C,15.0,1.0000000000000003e-05,1.0,0,0.0,0.0
GLUE,2026-08-21,15.609999656677246,C,17.5,0.12500875,507.0,0,0.0,0.0
GLUE,2026-08-21,15.609999656677246,C,20.0,0.2500075,8.0,0,0.0,0.0
GLUE,2026-08-21,15.609999656677246,C,22.5,0.500005,1.0,0,0.0,0.0
GLUE,2026-08-21,15.609999656677246,C,25.0,0.500005,2.0,0,0.0,0.0
GLUE,2026-08-21,15.609999656677246,C,30.0,0.500005,2.0,0,0.0,0.0
GLUE,2026-08-21,15.609999656677246,C,35.0,0.500005,1.0,0,0.0,0.0
GLUE,2026-08-21,15.609999656677246,P,2.5,0.500005,,0,0.0,0.0
GLUE,2026-08-21,15.609999656677246,P,7.5,0.500005,,0,0.0,0.0
GLUE,2026-08-21,15.609999656677246,P,12.5,0.2500075,100.0,0,0.0,0.0
GLUE,2026-08-21,15.609999656677246,P,15.0,0.062509375,461.0,0,0.0,0.0
GLUE,2026-08-21,15.609999656677246,P,17.5,1.0000000000000003e-05,1.0,0,0.0,0.0
GLUE,2026-08-21,15.609999656677246,P,20.0,1.0000000000000003e-05,2.0,0,0.0,0.0
GLUE,2026-08-21,15.609999656677246,P,22.5,1.0000000000000003e-05,2.0,0,0.0,0.0
GLUE,2026-08-21,15.609999656677246,P,25.0,1.0000000000000003e-05,5.0,0,0.0,0.0
PRQR,2026-08-21,1.9700000286102295,C,2.5,0.500005,255.0,0,0.0,0.0
PRQR,2026-08-21,1.9700000286102295,C,5.0,0.500005,,0,0.0,0.0
PRQR,2026-08-21,1.9700000286102295,C,7.5,0.500005,,0,0.0,0.0
PRQR,2026-08-21,1.9700000286102295,P,2.5,1.0000000000000003e-05,,0,0.0,0.0
REPL,2026-08-07,11.829999923706055,C,0.5,1.0000000000000003e-05,5,0,0.0,0.0
REPL,2026-08-07,11.829999923706055,C,1.0,1.0000000000000003e-05,5,0,0.0,0.0
REPL,2026-08-07,11.829999923706055,C,2.0,1.0000000000000003e-05,2,0,0.0,0.0
REPL,2026-08-07,11.829999923706055,C,3.0,1.0000000000000003e-05,1,0,0.0,0.0
REPL,2026-08-07,11.829999923706055,C,3.5,1.0000000000000003e-05,1,0,0.0,0.0
REPL,2026-08-07,11.829999923706055,C,4.0,1.0000000000000003e-05,1,0,0.0,0.0
REPL,2026-08-07,11.829999923706055,C,4.5,1.0000000000000003e-05,1,0,0.0,0.0
REPL,2026-08-07,11.829999923706055,C,5.0,1.0000000000000003e-05,1,0,0.0,0.0
REPL,2026-08-07,11.829999923706055,C,5.5,1.0000000000000003e-05,4,0,0.0,0.0
REPL,2026-08-07,11.829999923706055,C,6.0,1.0000000000000003e-05,2,0,0.0,0.0
REPL,2026-08-07,11.829999923706055,C,6.5,1.0000000000000003e-05,1,0,0.0,0.0
REPL,2026-08-07,11.829999923706055,C,7.0,1.0000000000000003e-05,2,0,0.0,0.0
REPL,2026-08-07,11.829999923706055,C,7.5,1.0000000000000003e-05,20,0,0.0,0.0
REPL,2026-08-07,11.829999923706055,C,8.0,1.0000000000000003e-05,1,0,0.0,0.0
REPL,2026-08-07,11.829999923706055,C,8.5,1.0000000000000003e-05,1,0,0.0,0.0
REPL,2026-08-07,11.829999923706055,C,9.0,1.0000000000000003e-05,150,0,0.0,0.0
REPL,2026-08-07,11.829999923706055,C,9.5,1.0000000000000003e-05,40,0,0.0,0.0
REPL,2026-08-07,11.829999923706055,C,10.0,1.0000000000000003e-05,61,0,0.0,0.0
REPL,2026-08-07,11.829999923706055,C,10.5,1.0000000000000003e-05,8,0,0.0,0.0
REPL,2026-08-07,11.829999923706055,C,11.0,1.0000000000000003e-05,25,0,0.0,0.0
REPL,2026-08-07,11.829999923706055,C,11.5,1.0000000000000003e-05,54,0,0.0,0.0
REPL,2026-08-07,11.829999923706055,C,12.0,0.062509375,1133,0,0.0,0.0
REPL,2026-08-07,11.829999923706055,C,12.5,0.2500075,14,0,0.0,0.0
REPL,2026-08-07,11.829999923706055,C,13.0,0.500005,48,0,0.0,0.0
REPL,2026-08-07,11.829999923706055,C,13.5,0.500005,14,0,0.0,0.0
REPL,2026-08-07,11.829999923706055,C,14.0,0.500005,16,0,0.0,0.0
REPL,2026-08-07,11.829999923706055,C,14.5,0.500005,57,0,0.0,0.0
REPL,2026-08-07,11.829999923706055,C,15.0,0.500005,376,0,0.0,0.0
REPL,2026-08-07,11.829999923706055,C,15.5,0.500005,4,0,0.0,0.0
REPL,2026-08-07,11.829999923706055,C,16.0,0.500005,219,0,0.0,0.0
REPL,2026-08-07,11.829999923706055,C,17.0,0.500005,2,0,0.0,0.0
REPL,2026-08-07,11.829999923706055,C,18.0,0.500005,1,0,0.0,0.0
REPL,2026-08-07,11.829999923706055,C,19.0,0.500005,2,0,0.0,0.0
REPL,2026-08-07,11.829999923706055,C,20.0,0.500005,1,0,0.0,0.0
REPL,2026-08-07,11.829999923706055,C,21.0,0.500005,1,0,0.0,0.0
REPL,2026-08-07,11.829999923706055,C,22.0,0.500005,2,0,0.0,0.0
REPL,2026-08-07,11.829999923706055,C,23.0,0.500005,1,0,0.0,0.0
REPL,2026-08-07,11.829999923706055,P,0.5,0.500005,8,0,0.0,0.0
REPL,2026-08-07,11.829999923706055,P,1.0,0.500005,2,0,0.0,0.0
REPL,2026-08-07,11.829999923706055,P,1.5,0.500005,8,0,0.0,0.0
REPL,2026-08-07,11.829999923706055,P,2.0,0.500005,81,0,0.0,0.0
REPL,2026-08-07,11.829999923706055,P,2.5,0.500005,259,0,0.0,0.0
REPL,2026-08-07,11.829999923706055,P,3.0,0.500005,170,0,0.0,0.0
REPL,2026-08-07,11.829999923706055,P,3.5,0.500005,14,0,0.0,0.0
REPL,2026-08-07,11.829999923706055,P,4.0,0.500005,11,0,0.0,0.0
REPL,2026-08-07,11.829999923706055,P,4.5,0.500005,70,0,0.0,0.0
REPL,2026-08-07,11.829999923706055,P,5.0,0.500005,683,0,0.0,0.0
REPL,2026-08-07,11.829999923706055,P,5.5,0.500005,1,0,0.0,0.0
REPL,2026-08-07,11.829999923706055,P,6.0,0.500005,79,0,0.0,0.0
REPL,2026-08-07,11.829999923706055,P,6.5,1.000005,220,0,0.0,0.0
REPL,2026-08-07,11.829999923706055,P,7.0,0.500005,2,0,0.0,0.0
REPL,2026-08-07,11.829999923706055,P,7.5,0.500005,12,0,0.0,0.0
REPL,2026-08-07,11.829999923706055,P,8.0,0.500005,936,0,0.0,0.0
REPL,2026-08-07,11.829999923706055,P,8.5,0.500005,3,0,0.0,0.0
REPL,2026-08-07,11.829999923706055,P,9.0,0.500005,223,0,0.0,0.0
REPL,2026-08-07,11.829999923706055,P,9.5,0.500005,5,0,0.0,0.0
REPL,2026-08-07,11.829999923706055,P,10.0,0.500005,104,0,0.0,0.0
REPL,2026-08-07,11.829999923706055,P,10.5,0.500005,37,0,0.0,0.0
REPL,2026-08-07,11.829999923706055,P,11.0,0.2500075,1025,0,0.0,0.0
REPL,2026-08-07,11.829999923706055,P,11.5,0.12500875,22,0,0.0,0.0
REPL,2026-08-07,11.829999923706055,P,12.0,1.0000000000000003e-05,19,0,0.0,0.0
REPL,2026-08-07,11.829999923706055,P,12.5,1.0000000000000003e-05,6,0,0.0,0.0
REPL,2026-08-07,11.829999923706055,P,13.0,1.0000000000000003e-05,3,0,0.0,0.0
REPL,2026-08-07,11.829999923706055,P,13.5,1.0000000000000003e-05,1,0,0.0,0.0
REPL,2026-08-07,11.829999923706055,P,14.0,1.0000000000000003e-05,8,0,0.0,0.0
REPL,2026-08-07,11.829999923706055,P,14.5,1.0000000000000003e-05,30,0,0.0,0.0
REPL,2026-08-07,11.829999923706055,P,15.0,1.0000000000000003e-05,1,0,0.0,0.0
REPL,2026-08-07,11.829999923706055,P,15.5,1.0000000000000003e-05,2,0,0.0,0.0
REPL,2026-08-07,11.829999923706055,P,16.0,1.0000000000000003e-05,1,0,0.0,0.0
REPL,2026-08-07,11.829999923706055,P,17.0,1.0000000000000003e-05,1,0,0.0,0.0
REPL,2026-08-07,11.829999923706055,P,18.0,1.0000000000000003e-05,2,0,0.0,0.0
REPL,2026-08-07,11.829999923706055,P,19.0,1.0000000000000003e-05,2,0,0.0,0.0
REPL,2026-08-07,11.829999923706055,P,20.0,1.0000000000000003e-05,1,0,0.0,0.0
REPL,2026-08-07,11.829999923706055,P,21.0,1.0000000000000003e-05,4,0,0.0,0.0
REPL,2026-08-07,11.829999923706055,P,22.0,1.0000000000000003e-05,1,0,0.0,0.0
REPL,2026-08-07,11.829999923706055,P,23.0,1.0000000000000003e-05,1,0,0.0,0.0
FROG,2026-08-21,84.5199966430664,C,50.0,1.0000000000000003e-05,,0,0.0,0.0
FROG,2026-08-21,84.5199966430664,C,60.0,1.0000000000000003e-05,9.0,0,0.0,0.0
FROG,2026-08-21,84.5199966430664,C,65.0,1.0000000000000003e-05,1.0,0,0.0,0.0
FROG,2026-08-21,84.5199966430664,C,70.0,1.0000000000000003e-05,1.0,0,0.0,0.0
FROG,2026-08-21,84.5199966430664,C,72.5,1.0000000000000003e-05,10.0,0,0.0,0.0
FROG,2026-08-21,84.5199966430664,C,75.0,1.0000000000000003e-05,2.0,0,0.0,0.0
FROG,2026-08-21,84.5199966430664,C,77.5,1.0000000000000003e-05,65.0,0,0.0,0.0
FROG,2026-08-21,84.5199966430664,C,80.0,1.0000000000000003e-05,11.0,0,0.0,0.0
FROG,2026-08-21,84.5199966430664,C,82.5,1.0000000000000003e-05,20.0,0,0.0,0.0
FROG,2026-08-21,84.5199966430664,C,85.0,0.007822421875,44.0,0,0.0,0.0
FROG,2026-08-21,84.5199966430664,C,87.5,0.0312596875,27.0,0,0.0,0.0
FROG,2026-08-21,84.5199966430664,C,90.0,0.062509375,121.0,0,0.0,0.0
FROG,2026-08-21,84.5199966430664,C,92.5,0.12500875,4.0,0,0.0,0.0
FROG,2026-08-21,84.5199966430664,C,95.0,0.12500875,8.0,0,0.0,0.0
FROG,2026-08-21,84.5199966430664,C,97.5,0.12500875,1.0,0,0.0,0.0
FROG,2026-08-21,84.5199966430664,C,100.0,0.2500075,129.0,0,0.0,0.0
FROG,2026-08-21,84.5199966430664,C,105.0,0.2500075,5.0,0,0.0,0.0
FROG,2026-08-21,84.5199966430664,C,110.0,0.2500075,2.0,0,0.0,0.0
FROG,2026-08-21,84.5199966430664,C,115.0,0.2500075,3.0,0,0.0,0.0
FROG,2026-08-21,84.5199966430664,C,120.0,0.2500075,2.0,0,0.0,0.0
FROG,2026-08-21,84.5199966430664,C,125.0,0.500005,15.0,0,0.0,0.0
FROG,2026-08-21,84.5199966430664,C,130.0,0.500005,1.0,0,0.0,0.0
FROG,2026-08-21,84.5199966430664,C,135.0,0.500005,3.0,0,0.0,0.0
FROG,2026-08-21,84.5199966430664,C,140.0,0.500005,1.0,0,0.0,0.0
FROG,2026-08-21,84.5199966430664,P,47.5,0.500005,,0,0.0,0.0
FROG,2026-08-21,84.5199966430664,P,50.0,0.500005,4.0,0,0.0,0.0
FROG,2026-08-21,84.5199966430664,P,55.0,0.500005,10.0,0,0.0,0.0
FROG,2026-08-21,84.5199966430664,P,60.0,0.2500075,1.0,0,0.0,0.0
FROG,2026-08-21,84.5199966430664,P,65.0,0.2500075,1.0,0,0.0,0.0
FROG,2026-08-21,84.5199966430664,P,70.0,0.2500075,2.0,0,0.0,0.0
FROG,2026-08-21,84.5199966430664,P,72.5,0.12500875,3.0,0,0.0,0.0
FROG,2026-08-21,84.5199966430664,P,75.0,0.12500875,1.0,0,0.0,0.0
FROG,2026-08-21,84.5199966430664,P,77.5,0.12500875,4.0,0,0.0,0.0
FROG,2026-08-21,84.5199966430664,P,80.0,0.062509375,2.0,0,0.0,0.0
FROG,2026-08-21,84.5199966430664,P,82.5,0.0312596875,2.0,0,0.0,0.0
FROG,2026-08-21,84.5199966430664,P,85.0,1.0000000000000003e-05,32.0,0,0.0,0.0
FROG,2026-08-21,84.5199966430664,P,87.5,1.0000000000000003e-05,1.0,0,0.0,0.0
FROG,2026-08-21,84.5199966430664,P,90.0,1.0000000000000003e-05,1.0,0,0.0,0.0
FROG,2026-08-21,84.5199966430664,P,92.5,1.0000000000000003e-05,10.0,0,0.0,0.0
FROG,2026-08-21,84.5199966430664,P,95.0,1.0000000000000003e-05,1.0,0,0.0,0.0
FROG,2026-08-21,84.5199966430664,P,100.0,1.0000000000000003e-05,1.0,0,0.0,0.0
GOLF,2026-08-21,103.1500015258789,C,100.0,1.0000000000000003e-05,,0,0.0,0.0
GOLF,2026-08-21,103.1500015258789,C,110.0,0.062509375,1.0,0,0.0,0.0
GOLF,2026-08-21,103.1500015258789,C,115.0,0.12500875,,0,0.0,0.0
GOLF,2026-08-21,103.1500015258789,C,120.0,0.12500875,,0,0.0,0.0
GOLF,2026-08-21,103.1500015258789,C,125.0,0.2500075,1.0,0,0.0,0.0
GOLF,2026-08-21,103.1500015258789,C,130.0,0.2500075,1.0,0,0.0,0.0
GOLF,2026-08-21,103.1500015258789,P,95.0,0.12500875,1.0,0,0.0,0.0
GOLF,2026-08-21,103.1500015258789,P,105.0,1.0000000000000003e-05,25.0,0,0.0,0.0
GOLF,2026-08-21,103.1500015258789,P,110.0,1.0000000000000003e-05,8.0,0,0.0,0.0
GOLF,2026-08-21,103.1500015258789,P,120.0,1.0000000000000003e-05,,0,0.0,0.0
BRLT,2026-08-21,1.0399999618530273,C,2.5,0.500005,1.0,0.0,0.0,0.0
NVMI,2026-08-21,402.3800048828125,C,140.0,13.783936931915283,,1,366.0,371.0
NVMI,2026-08-21,402.3800048828125,C,145.0,1.0000000000000003e-05,1.0,0,0.0,0.0
NVMI,2026-08-21,402.3800048828125,C,150.0,1.0000000000000003e-05,1.0,1,245.8,250.1
NVMI,2026-08-21,402.3800048828125,C,155.0,12.128054177780154,,1,351.0,356.0
NVMI,2026-08-21,402.3800048828125,C,165.0,1.0000000000000003e-05,,0,0.0,0.0
NVMI,2026-08-21,402.3800048828125,C,170.0,1.0000000000000003e-05,1.0,0,0.0,0.0
NVMI,2026-08-21,402.3800048828125,C,175.0,1.0000000000000003e-05,1.0,0,0.0,0.0
NVMI,2026-08-21,402.3800048828125,C,180.0,6.37732136428833,,1,273.5,278.5
NVMI,2026-08-21,402.3800048828125,C,185.0,1.0000000000000003e-05,1.0,0,0.0,0.0
NVMI,2026-08-21,402.3800048828125,C,250.0,1.0000000000000003e-05,2.0,2,0.0,0.0
NVMI,2026-08-21,402.3800048828125,C,260.0,1.0000000000000003e-05,1.0,0,0.0,0.0
NVMI,2026-08-21,402.3800048828125,C,270.0,1.0000000000000003e-05,1.0,0,0.0,0.0
NVMI,2026-08-21,402.3800048828125,C,280.0,1.9972534317016604,,1,135.2,139.1
NVMI,2026-08-21,402.3800048828125,C,290.0,1.9927978875732422,2.0,1,127.9,131.6
NVMI,2026-08-21,402.3800048828125,C,300.0,1.0000000000000003e-05,,0,0.0,0.0
NVMI,2026-08-21,402.3800048828125,C,310.0,1.0000000000000003e-05,2.0,0,0.0,0.0
NVMI,2026-08-21,402.3800048828125,C,320.0,1.0000000000000003e-05,3.0,0,0.0,0.0
NVMI,2026-08-21,402.3800048828125,C,330.0,1.0000000000000003e-05,2.0,0,0.0,0.0
NVMI,2026-08-21,402.3800048828125,C,340.0,4.797733495025634,31.0,27,173.5,178.0
NVMI,2026-08-21,402.3800048828125,C,350.0,1.0000000000000003e-05,38.0,0,0.0,0.0
NVMI,2026-08-21,402.3800048828125,C,360.0,1.0000000000000003e-05,1.0,0,0.0,0.0
NVMI,2026-08-21,402.3800048828125,C,370.0,1.0000000000000003e-05,5.0,0,0.0,0.0
NVMI,2026-08-21,402.3800048828125,C,380.0,1.0000000000000003e-05,8.0,0,0.0,0.0
NVMI,2026-08-21,402.3800048828125,C,390.0,1.0000000000000003e-05,8.0,0,0.0,0.0
NVMI,2026-08-21,402.3800048828125,C,400.0,1.0000000000000003e-05,1.0,0,0.0,0.0
NVMI,2026-08-21,402.3800048828125,C,410.0,0.015634843750000002,105.0,0,0.0,0.0
NVMI,2026-08-21,402.3800048828125,C,420.0,0.062509375,1.0,0,0.0,0.0
NVMI,2026-08-21,402.3800048828125,C,430.0,0.062509375,4.0,0,0.0,0.0
NVMI,2026-08-21,402.3800048828125,C,440.0,0.12500875,1.0,0,0.0,0.0
NVMI,2026-08-21,402.3800048828125,C,450.0,0.12500875,1.0,0,0.0,0.0
NVMI,2026-08-21,402.3800048828125,C,460.0,0.12500875,4.0,0,0.0,0.0
NVMI,2026-08-21,402.3800048828125,C,470.0,0.12500875,2.0,0,0.0,0.0
NVMI,2026-08-21,402.3800048828125,C,480.0,0.12500875,2.0,0,0.0,0.0
NVMI,2026-08-21,402.3800048828125,C,490.0,0.2500075,17.0,0,0.0,0.0
NVMI,2026-08-21,402.3800048828125,C,500.0,0.2500075,1.0,0,0.0,0.0
NVMI,2026-08-21,402.3800048828125,C,510.0,0.2500075,1.0,0,0.0,0.0
NVMI,2026-08-21,402.3800048828125,C,520.0,0.2500075,1.0,0,0.0,0.0
NVMI,2026-08-21,402.3800048828125,C,530.0,0.2500075,2.0,0,0.0,0.0
NVMI,2026-08-21,402.3800048828125,C,540.0,0.2500075,1.0,0,0.0,0.0
NVMI,2026-08-21,402.3800048828125,C,550.0,0.2500075,1.0,0,0.0,0.0
NVMI,2026-08-21,402.3800048828125,C,560.0,0.2500075,3.0,0,0.0,0.0
NVMI,2026-08-21,402.3800048828125,C,570.0,0.2500075,,0,0.0,0.0
NVMI,2026-08-21,402.3800048828125,C,580.0,0.2500075,1.0,0,0.0,0.0
NVMI,2026-08-21,402.3800048828125,C,590.0,0.2500075,,0,0.0,0.0
NVMI,2026-08-21,402.3800048828125,C,600.0,0.500005,1.0,0,0.0,0.0
NVMI,2026-08-21,402.3800048828125,C,610.0,0.500005,1.0,0,0.0,0.0
NVMI,2026-08-21,402.3800048828125,C,620.0,0.500005,4.0,0,0.0,0.0
NVMI,2026-08-21,402.3800048828125,C,630.0,0.500005,10.0,0,0.0,0.0
NVMI,2026-08-21,402.3800048828125,C,640.0,0.500005,1.0,0,0.0,0.0
NVMI,2026-08-21,402.3800048828125,C,650.0,0.500005,,0,0.0,0.0
NVMI,2026-08-21,402.3800048828125,C,660.0,0.500005,1.0,0,0.0,0.0
NVMI,2026-08-21,402.3800048828125,C,670.0,0.500005,1.0,0,0.0,0.0
NVMI,2026-08-21,402.3800048828125,C,680.0,0.500005,2.0,0,0.0,0.0
NVMI,2026-08-21,402.3800048828125,C,690.0,0.500005,,0,0.0,0.0
NVMI,2026-08-21,402.3800048828125,C,700.0,1.5903340795898435,3.0,18,1.0,6.0
NVMI,2026-08-21,402.3800048828125,C,710.0,0.500005,,0,0.0,0.0
NVMI,2026-08-21,402.3800048828125,C,720.0,0.500005,1.0,0,0.0,0.0
NVMI,2026-08-21,402.3800048828125,C,770.0,0.500005,10.0,0,0.0,0.0
NVMI,2026-08-21,402.3800048828125,C,780.0,0.500005,1.0,0,0.0,0.0
NVMI,2026-08-21,402.3800048828125,C,800.0,1.7509778076171876,1.0,3,0.05,4.8
NVMI,2026-08-21,402.3800048828125,P,140.0,3.052736743164062,1.0,2,1.3,4.7
NVMI,2026-08-21,402.3800048828125,P,145.0,3.0839866650390624,1.0,2,1.7,5.6
NVMI,2026-08-21,402.3800048828125,P,190.0,0.500005,,0,0.0,0.0
NVMI,2026-08-21,402.3800048828125,P,195.0,0.500005,,0,0.0,0.0
NVMI,2026-08-21,402.3800048828125,P,200.0,0.500005,,0,0.0,0.0
NVMI,2026-08-21,402.3800048828125,P,210.0,0.500005,1.0,0,0.0,0.0
NVMI,2026-08-21,402.3800048828125,P,220.0,0.500005,1.0,0,0.0,0.0
NVMI,2026-08-21,402.3800048828125,P,230.0,0.500005,1.0,0,0.0,0.0
NVMI,2026-08-21,402.3800048828125,P,240.0,1.5551780053710935,5.0,3,0.0,4.8
NVMI,2026-08-21,402.3800048828125,P,250.0,0.500005,1.0,0,0.0,0.0
NVMI,2026-08-21,402.3800048828125,P,260.0,0.500005,10.0,0,0.0,0.0
NVMI,2026-08-21,402.3800048828125,P,270.0,0.500005,10.0,0,0.0,0.0
NVMI,2026-08-21,402.3800048828125,P,280.0,0.2500075,7.0,0,0.0,0.0
NVMI,2026-08-21,402.3800048828125,P,290.0,0.2500075,10.0,0,0.0,0.0
NVMI,2026-08-21,402.3800048828125,P,300.0,0.2500075,39.0,0,0.0,0.0
NVMI,2026-08-21,402.3800048828125,P,310.0,0.2500075,1.0,0,0.0,0.0
NVMI,2026-08-21,402.3800048828125,P,320.0,0.2500075,85.0,0,0.0,0.0
NVMI,2026-08-21,402.3800048828125,P,330.0,0.2500075,1.0,0,0.0,0.0
NVMI,2026-08-21,402.3800048828125,P,340.0,0.12500875,25.0,0,0.0,0.0
NVMI,2026-08-21,402.3800048828125,P,350.0,0.12500875,1.0,0,0.0,0.0
NVMI,2026-08-21,402.3800048828125,P,360.0,0.12500875,2.0,0,0.0,0.0
NVMI,2026-08-21,402.3800048828125,P,370.0,0.062509375,25.0,0,0.0,0.0
NVMI,2026-08-21,402.3800048828125,P,380.0,0.062509375,1.0,0,0.0,0.0
NVMI,2026-08-21,402.3800048828125,P,390.0,0.0312596875,13.0,0,0.0,0.0
NVMI,2026-08-21,402.3800048828125,P,400.0,0.007822421875,2.0,0,0.0,0.0
NVMI,2026-08-21,402.3800048828125,P,410.0,1.0000000000000003e-05,1.0,0,0.0,0.0
NVMI,2026-08-21,402.3800048828125,P,420.0,1.0000000000000003e-05,4.0,0,0.0,0.0
NVMI,2026-08-21,402.3800048828125,P,430.0,1.0000000000000003e-05,1.0,0,0.0,0.0
NVMI,2026-08-21,402.3800048828125,P,440.0,1.0000000000000003e-05,2.0,0,0.0,0.0
NVMI,2026-08-21,402.3800048828125,P,450.0,1.0000000000000003e-05,1.0,0,0.0,0.0
NVMI,2026-08-21,402.3800048828125,P,460.0,1.0000000000000003e-05,1.0,0,0.0,0.0
NVMI,2026-08-21,402.3800048828125,P,470.0,1.0000000000000003e-05,80.0,0,0.0,0.0
NVMI,2026-08-21,402.3800048828125,P,480.0,1.0000000000000003e-05,1.0,0,0.0,0.0
NVMI,2026-08-21,402.3800048828125,P,490.0,1.0000000000000003e-05,1.0,0,0.0,0.0
NVMI,2026-08-21,402.3800048828125,P,500.0,1.0000000000000003e-05,1.0,0,0.0,0.0
NVMI,2026-08-21,402.3800048828125,P,510.0,1.0000000000000003e-05,,0,0.0,0.0
NVMI,2026-08-21,402.3800048828125,P,520.0,1.0000000000000003e-05,1.0,0,0.0,0.0
NVMI,2026-08-21,402.3800048828125,P,530.0,1.0000000000000003e-05,,0,0.0,0.0
NVMI,2026-08-21,402.3800048828125,P,540.0,1.0000000000000003e-05,2.0,3,101.5,105.5
NVMI,2026-08-21,402.3800048828125,P,550.0,1.0000000000000003e-05,,0,0.0,0.0
NVMI,2026-08-21,402.3800048828125,P,560.0,1.0000000000000003e-05,1.0,0,0.0,0.0
NVMI,2026-08-21,402.3800048828125,P,600.0,1.0000000000000003e-05,,3,151.0,156.0
NVMI,2026-08-21,402.3800048828125,P,640.0,1.0000000000000003e-05,,0,0.0,0.0
NVMI,2026-08-21,402.3800048828125,P,680.0,1.0000000000000003e-05,,0,0.0,0.0
NVMI,2026-08-21,402.3800048828125,P,700.0,1.0000000000000003e-05,,2,273.0,277.5
NVMI,2026-08-21,402.3800048828125,P,710.0,1.0000000000000003e-05,,0,0.0,0.0
NVMI,2026-08-21,402.3800048828125,P,720.0,1.0000000000000003e-05,1.0,0,0.0,0.0
NVMI,2026-08-21,402.3800048828125,P,780.0,1.0000000000000003e-05,,0,0.0,0.0
NVMI,2026-08-21,402.3800048828125,P,900.0,1.0000000000000003e-05,1.0,0,0.0,0.0
IMKTA,2026-08-21,87.8499984741211,C,70.0,1.4980493847656249,,3,20.0,22.4
IMKTA,2026-08-21,87.8499984741211,C,75.0,1.0000000000000003e-05,1.0,0,0.0,0.0
IMKTA,2026-08-21,87.8499984741211,C,80.0,1.0305224255371095,1.0,1,9.7,13.9
IMKTA,2026-08-21,87.8499984741211,C,85.0,1.0000000000000003e-05,52.0,0,0.0,0.0
IMKTA,2026-08-21,87.8499984741211,C,90.0,0.0312596875,2.0,0,0.0,0.0
IMKTA,2026-08-21,87.8499984741211,C,95.0,0.12500875,1.0,0,0.0,0.0
IMKTA,2026-08-21,87.8499984741211,C,100.0,0.12500875,,0,0.0,0.0
IMKTA,2026-08-21,87.8499984741211,C,105.0,0.2500075,,0,0.0,0.0
IMKTA,2026-08-21,87.8499984741211,P,65.0,0.2500075,1.0,0,0.0,0.0
IMKTA,2026-08-21,87.8499984741211,P,70.0,0.2500075,1.0,0,0.0,0.0
IMKTA,2026-08-21,87.8499984741211,P,90.0,0.7014190014648438,,1,4.8,7.9
PRAX,2026-08-21,319.2300109863281,C,85.0,4.150883717651368,1.0,2,233.0,242.9
PRAX,2026-08-21,319.2300109863281,C,90.0,1.0000000000000003e-05,2.0,0,0.0,0.0
PRAX,2026-08-21,319.2300109863281,C,95.0,1.0000000000000003e-05,1.0,1,214.0,218.9
PRAX,2026-08-21,319.2300109863281,C,100.0,2.728518803710937,1.0,1,215.5,220.0
PRAX,2026-08-21,319.2300109863281,C,105.0,1.0000000000000003e-05,,0,0.0,0.0
PRAX,2026-08-21,319.2300109863281,C,110.0,1.0000000000000003e-05,,4,148.0,157.9
PRAX,2026-08-21,319.2300109863281,C,115.0,2.9316432958984375,,1,201.6,206.5
PRAX,2026-08-21,319.2300109863281,C,120.0,1.0000000000000003e-05,,0,0.0,0.0
PRAX,2026-08-21,319.2300109863281,C,130.0,2.102543806152343,,3,185.0,189.9
PRAX,2026-08-21,319.2300109863281,C,135.0,1.0000000000000003e-05,1.0,0,0.0,0.0
PRAX,2026-08-21,319.2300109863281,C,140.0,1.0000000000000003e-05,1.0,0,0.0,0.0
PRAX,2026-08-21,319.2300109863281,C,145.0,2.691653661499023,1.0,1,176.1,181.0
PRAX,2026-08-21,319.2300109863281,C,150.0,2.774661266479492,3.0,6,172.5,177.2
PRAX,2026-08-21,319.2300109863281,C,155.0,2.7846710070800786,1.0,1,168.1,173.4
PRAX,2026-08-21,319.2300109863281,C,160.0,2.314701478881835,1.0,1,158.0,167.9
PRAX,2026-08-21,319.2300109863281,C,165.0,2.778567506713867,1.0,1,160.1,165.0
PRAX,2026-08-21,319.2300109863281,C,170.0,1.0000000000000003e-05,1.0,0,0.0,0.0
PRAX,2026-08-21,319.2300109863281,C,175.0,2.810793988647461,1.0,1,152.6,157.5
PRAX,2026-08-21,319.2300109863281,C,180.0,2.8144560888671872,1.0,2,149.1,153.5
PRAX,2026-08-21,319.2300109863281,C,190.0,2.8115264086914067,1.0,1,141.5,146.3
PRAX,2026-08-21,319.2300109863281,C,200.0,1.0000000000000003e-05,1.0,0,0.0,0.0
PRAX,2026-08-21,319.2300109863281,C,210.0,1.0000000000000003e-05,1.0,0,0.0,0.0
PRAX,2026-08-21,319.2300109863281,C,240.0,1.0000000000000003e-05,2.0,0,0.0,0.0
PRAX,2026-08-21,319.2300109863281,C,250.0,1.0000000000000003e-05,1.0,0,0.0,0.0
PRAX,2026-08-21,319.2300109863281,C,260.0,1.1473431304931638,1.0,3,62.0,71.5
PRAX,2026-08-21,319.2300109863281,C,270.0,1.0000000000000003e-05,1.0,0,0.0,0.0
PRAX,2026-08-21,319.2300109863281,C,280.0,1.0000000000000003e-05,1.0,1,15.1,25.0
PRAX,2026-08-21,319.2300109863281,C,290.0,0.97460962890625,6.0,6,37.1,47.0
PRAX,2026-08-21,319.2300109863281,C,300.0,1.0000000000000003e-05,10.0,0,0.0,0.0
PRAX,2026-08-21,319.2300109863281,C,310.0,1.0000000000000003e-05,1.0,0,0.0,0.0
PRAX,2026-08-21,319.2300109863281,C,320.0,0.0039162109375,1.0,0,0.0,0.0
PRAX,2026-08-21,319.2300109863281,C,330.0,0.0312596875,1.0,0,0.0,0.0
PRAX,2026-08-21,319.2300109863281,C,340.0,0.062509375,12.0,0,0.0,0.0
PRAX,2026-08-21,319.2300109863281,C,350.0,0.12500875,19.0,0,0.0,0.0
PRAX,2026-08-21,319.2300109863281,C,360.0,0.12500875,8.0,0,0.0,0.0
PRAX,2026-08-21,319.2300109863281,C,370.0,0.12500875,1.0,0,0.0,0.0
PRAX,2026-08-21,319.2300109863281,C,380.0,0.12500875,1.0,0,0.0,0.0
PRAX,2026-08-21,319.2300109863281,C,390.0,0.2500075,2.0,0,0.0,0.0
PRAX,2026-08-21,319.2300109863281,C,400.0,0.2500075,12.0,0,0.0,0.0
PRAX,2026-08-21,319.2300109863281,C,410.0,0.2500075,1.0,0,0.0,0.0
PRAX,2026-08-21,319.2300109863281,C,420.0,0.2500075,2.0,0,0.0,0.0
PRAX,2026-08-21,319.2300109863281,C,430.0,0.2500075,1.0,0,0.0,0.0
PRAX,2026-08-21,319.2300109863281,C,440.0,0.2500075,1.0,0,0.0,0.0
PRAX,2026-08-21,319.2300109863281,C,460.0,0.2500075,1.0,0,0.0,0.0
PRAX,2026-08-21,319.2300109863281,C,470.0,1.1804240197753906,2.0,38,0.0,4.8
PRAX,2026-08-21,319.2300109863281,C,500.0,0.500005,1.0,0,0.0,0.0
PRAX,2026-08-21,319.2300109863281,C,520.0,0.500005,1.0,0,0.0,0.0
PRAX,2026-08-21,319.2300109863281,P,100.0,3.6132822167968754,1.0,1,1.05,5.9
PRAX,2026-08-21,319.2300109863281,P,140.0,3.097170225830078,1.0,2,4.0,8.8
PRAX,2026-08-21,319.2300109863281,P,150.0,3.4831555889892583,1.0,1,9.5,14.3
PRAX,2026-08-21,319.2300109863281,P,175.0,2.2285200537109366,3.0,4,0.1,10.0
PRAX,2026-08-21,319.2300109863281,P,180.0,2.1425827685546874,,3,0.1,10.0
PRAX,2026-08-21,319.2300109863281,P,195.0,1.5725119030761716,,1,0.0,4.8
PRAX,2026-08-21,319.2300109863281,P,200.0,0.500005,1.0,0,0.0,0.0
PRAX,2026-08-21,319.2300109863281,P,210.0,0.500005,,0,0.0,0.0
PRAX,2026-08-21,319.2300109863281,P,220.0,0.2500075,1.0,0,0.0,0.0
PRAX,2026-08-21,319.2300109863281,P,230.0,0.2500075,,0,0.0,0.0
PRAX,2026-08-21,319.2300109863281,P,240.0,1.2487830529785153,1.0,1,0.05,10.0
PRAX,2026-08-21,319.2300109863281,P,250.0,0.2500075,1.0,0,0.0,0.0
PRAX,2026-08-21,319.2300109863281,P,260.0,0.2500075,1.0,0,0.0,0.0
PRAX,2026-08-21,319.2300109863281,P,270.0,0.12500875,5.0,0,0.0,0.0
PRAX,2026-08-21,319.2300109863281,P,280.0,0.12500875,3.0,0,0.0,0.0
PRAX,2026-08-21,319.2300109863281,P,290.0,0.12500875,3.0,0,0.0,0.0
PRAX,2026-08-21,319.2300109863281,P,300.0,0.062509375,1.0,0,0.0,0.0
PRAX,2026-08-21,319.2300109863281,P,310.0,0.0312596875,1.0,0,0.0,0.0
PRAX,2026-08-21,319.2300109863281,P,320.0,1.0000000000000003e-05,48.0,0,0.0,0.0
PRAX,2026-08-21,319.2300109863281,P,330.0,1.0000000000000003e-05,1.0,0,0.0,0.0
PRAX,2026-08-21,319.2300109863281,P,340.0,2.658755794525147,,1,78.2,88.0
PRAX,2026-08-21,319.2300109863281,P,350.0,1.0000000000000003e-05,2.0,0,0.0,0.0
PRAX,2026-08-21,319.2300109863281,P,390.0,1.0000000000000003e-05,,0,0.0,0.0
PRAX,2026-08-21,319.2300109863281,P,400.0,1.0000000000000003e-05,,0,0.0,0.0
PRAX,2026-08-21,319.2300109863281,P,410.0,1.0000000000000003e-05,,0,0.0,0.0
PRAX,2026-08-21,319.2300109863281,P,450.0,1.0000000000000003e-05,,0,0.0,0.0
PRAX,2026-08-21,319.2300109863281,P,460.0,1.0000000000000003e-05,,0,0.0,0.0
PRAX,2026-08-21,319.2300109863281,P,470.0,2.690432961425781,,1,179.5,184.4
PRAX,2026-08-21,319.2300109863281,P,490.0,1.0000000000000003e-05,3.0,0,0.0,0.0
PRAX,2026-08-21,319.2300109863281,P,520.0,1.0000000000000003e-05,,0,0.0,0.0
GNLX,2026-08-21,2.509999990463257,C,2.5,1.0000000000000003e-05,7.0,0,0.0,0.0
GNLX,2026-08-21,2.509999990463257,C,5.0,0.500005,,0,0.0,0.0
GNLX,2026-08-21,2.509999990463257,C,7.5,0.500005,,0,0.0,0.0
GNLX,2026-08-21,2.509999990463257,P,2.5,0.015634843750000002,1.0,0,0.0,0.0
HASI,2026-08-21,38.16999816894531,C,17.5,1.0000000000000003e-05,,0,0.0,0.0
HASI,2026-08-21,38.16999816894531,C,20.0,1.0000000000000003e-05,,0,0.0,0.0
HASI,2026-08-21,38.16999816894531,C,22.5,1.0000000000000003e-05,4.0,0,12.0,14.4
HASI,2026-08-21,38.16999816894531,C,25.0,1.0000000000000003e-05,10.0,0,0.0,0.0
HASI,2026-08-21,38.16999816894531,C,30.0,1.0000000000000003e-05,15.0,0,0.0,0.0
HASI,2026-08-21,38.16999816894531,C,35.0,1.0000000000000003e-05,8.0,0,0.0,0.0
HASI,2026-08-21,38.16999816894531,C,40.0,0.062509375,6.0,0,0.0,0.0
HASI,2026-08-21,38.16999816894531,C,45.0,0.2500075,2.0,0,0.0,0.0
HASI,2026-08-21,38.16999816894531,C,50.0,0.2500075,2.0,0,0.0,0.0
HASI,2026-08-21,38.16999816894531,C,55.0,1.0976607617187502,1.0,10,0.0,0.5
HASI,2026-08-21,38.16999816894531,P,17.5,0.500005,1.0,0,0.0,0.0
HASI,2026-08-21,38.16999816894531,P,20.0,2.1015672460937496,1.0,9,0.0,0.75
HASI,2026-08-21,38.16999816894531,P,22.5,0.500005,1.0,0,0.0,0.0
HASI,2026-08-21,38.16999816894531,P,25.0,0.500005,1.0,0,0.0,0.0
HASI,2026-08-21,38.16999816894531,P,30.0,0.2500075,1.0,0,0.0,0.0
HASI,2026-08-21,38.16999816894531,P,35.0,0.12500875,1.0,0,0.0,0.0
HASI,2026-08-21,38.16999816894531,P,40.0,1.0000000000000003e-05,2.0,0,0.0,0.0
AKAM,2026-08-07,122.2699966430664,C,77.0,1.0000000000000003e-05,84.0,0,0.0,0.0
AKAM,2026-08-07,122.2699966430664,C,78.0,1.0000000000000003e-05,27.0,0,0.0,0.0
AKAM,2026-08-07,122.2699966430664,C,79.0,1.0000000000000003e-05,27.0,0,0.0,0.0
AKAM,2026-08-07,122.2699966430664,C,80.0,1.0000000000000003e-05,28.0,0,0.0,0.0
AKAM,2026-08-07,122.2699966430664,C,81.0,1.0000000000000003e-05,28.0,0,0.0,0.0
AKAM,2026-08-07,122.2699966430664,C,82.0,1.0000000000000003e-05,,0,0.0,0.0
AKAM,2026-08-07,122.2699966430664,C,88.0,1.0000000000000003e-05,5.0,0,0.0,0.0
AKAM,2026-08-07,122.2699966430664,C,100.0,1.0000000000000003e-05,1.0,0,0.0,0.0
AKAM,2026-08-07,122.2699966430664,C,101.0,1.0000000000000003e-05,,0,0.0,0.0
AKAM,2026-08-07,122.2699966430664,C,108.0,1.0000000000000003e-05,,0,0.0,0.0
AKAM,2026-08-07,122.2699966430664,C,109.0,1.0000000000000003e-05,1.0,0,0.0,0.0
AKAM,2026-08-07,122.2699966430664,C,110.0,1.0000000000000003e-05,1.0,0,0.0,0.0
AKAM,2026-08-07,122.2699966430664,C,111.0,1.0000000000000003e-05,3.0,0,0.0,0.0
AKAM,2026-08-07,122.2699966430664,C,112.0,1.0000000000000003e-05,1.0,0,0.0,0.0
AKAM,2026-08-07,122.2699966430664,C,113.0,1.0000000000000003e-05,5.0,0,0.0,0.0
AKAM,2026-08-07,122.2699966430664,C,114.0,1.0000000000000003e-05,2.0,0,0.0,0.0
AKAM,2026-08-07,122.2699966430664,C,115.0,1.0000000000000003e-05,4.0,0,0.0,0.0
AKAM,2026-08-07,122.2699966430664,C,116.0,1.0000000000000003e-05,13.0,0,0.0,0.0
AKAM,2026-08-07,122.2699966430664,C,117.0,1.0000000000000003e-05,14.0,0,0.0,0.0
AKAM,2026-08-07,122.2699966430664,C,118.0,1.0000000000000003e-05,3.0,0,0.0,0.0
AKAM,2026-08-07,122.2699966430664,C,119.0,1.0000000000000003e-05,2.0,0,0.0,0.0
AKAM,2026-08-07,122.2699966430664,C,120.0,1.0000000000000003e-05,5.0,0,0.0,0.0
AKAM,2026-08-07,122.2699966430664,C,121.0,1.0000000000000003e-05,12.0,0,0.0,0.0
AKAM,2026-08-07,122.2699966430664,C,122.0,1.0000000000000003e-05,80.0,0,0.0,0.0
AKAM,2026-08-07,122.2699966430664,C,123.0,0.0312596875,32.0,0,0.0,0.0
AKAM,2026-08-07,122.2699966430664,C,124.0,0.062509375,2.0,0,0.0,0.0
AKAM,2026-08-07,122.2699966430664,C,125.0,0.062509375,267.0,0,0.0,0.0
AKAM,2026-08-07,122.2699966430664,C,126.0,0.12500875,10.0,0,0.0,0.0
AKAM,2026-08-07,122.2699966430664,C,127.0,0.12500875,10.0,0,0.0,0.0
AKAM,2026-08-07,122.2699966430664,C,128.0,0.12500875,1.0,0,0.0,0.0
AKAM,2026-08-07,122.2699966430664,C,129.0,0.12500875,13.0,0,0.0,0.0
AKAM,2026-08-07,122.2699966430664,C,130.0,0.2500075,9.0,0,0.0,0.0
AKAM,2026-08-07,122.2699966430664,C,131.0,0.2500075,22.0,0,0.0,0.0
AKAM,2026-08-07,122.2699966430664,C,132.0,0.2500075,5.0,0,0.0,0.0
AKAM,2026-08-07,122.2699966430664,C,133.0,0.2500075,4.0,0,0.0,0.0
AKAM,2026-08-07,122.2699966430664,C,134.0,0.2500075,5.0,0,0.0,0.0
AKAM,2026-08-07,122.2699966430664,C,135.0,0.2500075,2090.0,0,0.0,0.0
AKAM,2026-08-07,122.2699966430664,C,136.0,0.2500075,1.0,0,0.0,0.0
AKAM,2026-08-07,122.2699966430664,C,137.0,0.2500075,4.0,0,0.0,0.0
AKAM,2026-08-07,122.2699966430664,C,138.0,0.500005,1.0,0,0.0,0.0
AKAM,2026-08-07,122.2699966430664,C,140.0,0.500005,31.0,0,0.0,0.0
AKAM,2026-08-07,122.2699966430664,C,141.0,0.500005,1.0,0,0.0,0.0
AKAM,2026-08-07,122.2699966430664,C,143.0,0.500005,1.0,0,0.0,0.0
AKAM,2026-08-07,122.2699966430664,C,145.0,0.500005,1572.0,0,0.0,0.0
AKAM,2026-08-07,122.2699966430664,C,150.0,0.500005,19.0,0,0.0,0.0
AKAM,2026-08-07,122.2699966430664,C,155.0,0.500005,2.0,0,0.0,0.0
AKAM,2026-08-07,122.2699966430664,C,160.0,0.500005,10.0,0,0.0,0.0
AKAM,2026-08-07,122.2699966430664,C,165.0,0.500005,2.0,0,0.0,0.0
AKAM,2026-08-07,122.2699966430664,C,170.0,0.500005,31.0,0,0.0,0.0
AKAM,2026-08-07,122.2699966430664,C,175.0,0.500005,,0,0.0,0.0
AKAM,2026-08-07,122.2699966430664,C,180.0,0.500005,1079.0,0,0.0,0.0
AKAM,2026-08-07,122.2699966430664,P,70.0,0.500005,,0,0.0,0.0
AKAM,2026-08-07,122.2699966430664,P,73.0,0.500005,2.0,0,0.0,0.0
AKAM,2026-08-07,122.2699966430664,P,74.0,0.500005,2.0,0,0.0,0.0
AKAM,2026-08-07,122.2699966430664,P,75.0,0.500005,2.0,0,0.0,0.0
AKAM,2026-08-07,122.2699966430664,P,76.0,0.500005,2.0,0,0.0,0.0
AKAM,2026-08-07,122.2699966430664,P,77.0,0.500005,1.0,0,0.0,0.0
AKAM,2026-08-07,122.2699966430664,P,78.0,0.500005,,0,0.0,0.0
AKAM,2026-08-07,122.2699966430664,P,79.0,0.500005,6.0,0,0.0,0.0
AKAM,2026-08-07,122.2699966430664,P,80.0,0.500005,25.0,0,0.0,0.0
AKAM,2026-08-07,122.2699966430664,P,81.0,0.500005,,0,0.0,0.0
AKAM,2026-08-07,122.2699966430664,P,82.0,0.500005,1.0,0,0.0,0.0
AKAM,2026-08-07,122.2699966430664,P,83.0,0.500005,1.0,0,0.0,0.0
AKAM,2026-08-07,122.2699966430664,P,84.0,0.500005,2.0,0,0.0,0.0
AKAM,2026-08-07,122.2699966430664,P,85.0,0.500005,24.0,0,0.0,0.0
AKAM,2026-08-07,122.2699966430664,P,86.0,0.500005,1.0,0,0.0,0.0
AKAM,2026-08-07,122.2699966430664,P,87.0,0.500005,6.0,0,0.0,0.0
AKAM,2026-08-07,122.2699966430664,P,88.0,0.500005,1.0,0,0.0,0.0
AKAM,2026-08-07,122.2699966430664,P,89.0,0.500005,2.0,0,0.0,0.0
AKAM,2026-08-07,122.2699966430664,P,90.0,0.500005,6.0,0,0.0,0.0
AKAM,2026-08-07,122.2699966430664,P,91.0,0.500005,6.0,0,0.0,0.0
AKAM,2026-08-07,122.2699966430664,P,92.0,0.500005,32.0,0,0.0,0.0
AKAM,2026-08-07,122.2699966430664,P,93.0,0.500005,4.0,0,0.0,0.0
AKAM,2026-08-07,122.2699966430664,P,94.0,0.500005,8.0,0,0.0,0.0
AKAM,2026-08-07,122.2699966430664,P,95.0,0.500005,26.0,0,0.0,0.0
AKAM,2026-08-07,122.2699966430664,P,96.0,0.500005,24.0,0,0.0,0.0
AKAM,2026-08-07,122.2699966430664,P,97.0,0.500005,17.0,0,0.0,0.0
AKAM,2026-08-07,122.2699966430664,P,98.0,0.500005,10.0,0,0.0,0.0
AKAM,2026-08-07,122.2699966430664,P,99.0,0.500005,4.0,0,0.0,0.0
AKAM,2026-08-07,122.2699966430664,P,100.0,0.500005,78.0,0,0.0,0.0
AKAM,2026-08-07,122.2699966430664,P,101.0,0.500005,18.0,0,0.0,0.0
AKAM,2026-08-07,122.2699966430664,P,102.0,0.500005,25.0,0,0.0,0.0
AKAM,2026-08-07,122.2699966430664,P,103.0,0.500005,12.0,0,0.0,0.0
AKAM,2026-08-07,122.2699966430664,P,104.0,0.500005,1.0,0,0.0,0.0
AKAM,2026-08-07,122.2699966430664,P,105.0,0.500005,6.0,0,0.0,0.0
AKAM,2026-08-07,122.2699966430664,P,106.0,0.500005,8.0,0,0.0,0.0
AKAM,2026-08-07,122.2699966430664,P,107.0,0.500005,24.0,0,0.0,0.0
AKAM,2026-08-07,122.2699966430664,P,108.0,0.500005,28.0,0,0.0,0.0
AKAM,2026-08-07,122.2699966430664,P,109.0,0.2500075,11.0,0,0.0,0.0
AKAM,2026-08-07,122.2699966430664,P,110.0,0.2500075,30.0,0,0.0,0.0
AKAM,2026-08-07,122.2699966430664,P,111.0,0.2500075,3.0,0,0.0,0.0
AKAM,2026-08-07,122.2699966430664,P,112.0,0.2500075,14.0,0,0.0,0.0
AKAM,2026-08-07,122.2699966430664,P,113.0,0.2500075,20.0,0,0.0,0.0
AKAM,2026-08-07,122.2699966430664,P,114.0,0.2500075,6.0,0,0.0,0.0
AKAM,2026-08-07,122.2699966430664,P,115.0,0.2500075,247.0,0,0.0,0.0
AKAM,2026-08-07,122.2699966430664,P,116.0,0.12500875,1.0,0,0.0,0.0
AKAM,2026-08-07,122.2699966430664,P,117.0,0.12500875,27.0,0,0.0,0.0
AKAM,2026-08-07,122.2699966430664,P,118.0,0.12500875,1.0,0,0.0,0.0
AKAM,2026-08-07,122.2699966430664,P,119.0,0.12500875,1.0,0,0.0,0.0
AKAM,2026-08-07,122.2699966430664,P,120.0,0.062509375,1.0,0,0.0,0.0
AKAM,2026-08-07,122.2699966430664,P,121.0,0.0312596875,2.0,0,0.0,0.0
AKAM,2026-08-07,122.2699966430664,P,122.0,0.007822421875,9.0,0,0.0,0.0
AKAM,2026-08-07,122.2699966430664,P,123.0,1.0000000000000003e-05,226.0,0,0.0,0.0
AKAM,2026-08-07,122.2699966430664,P,124.0,1.0000000000000003e-05,1.0,0,0.0,0.0
AKAM,2026-08-07,122.2699966430664,P,125.0,1.0000000000000003e-05,4.0,0,0.0,0.0
AKAM,2026-08-07,122.2699966430664,P,126.0,1.0000000000000003e-05,1.0,0,0.0,0.0
AKAM,2026-08-07,122.2699966430664,P,128.0,1.0000000000000003e-05,4.0,0,0.0,0.0
AKAM,2026-08-07,122.2699966430664,P,130.0,1.0000000000000003e-05,1.0,0,0.0,0.0
AKAM,2026-08-07,122.2699966430664,P,131.0,1.0000000000000003e-05,,0,0.0,0.0
AKAM,2026-08-07,122.2699966430664,P,132.0,1.0000000000000003e-05,5.0,0,0.0,0.0
AKAM,2026-08-07,122.2699966430664,P,135.0,1.0000000000000003e-05,,0,0.0,0.0
SKIN,2026-08-21,0.7049999833106995,C,0.5,1.0000000000000003e-05,10,0,0.0,0.0
SKIN,2026-08-21,0.7049999833106995,C,1.0,0.500005,207,0,0.0,0.0
SKIN,2026-08-21,0.7049999833106995,C,1.5,0.500005,2,0,0.0,0.0
SKIN,2026-08-21,0.7049999833106995,C,2.0,0.500005,5,0,0.0,0.0
SKIN,2026-08-21,0.7049999833106995,C,3.0,0.500005,2,0,0.0,0.0
SKIN,2026-08-21,0.7049999833106995,C,4.0,0.500005,1,0,0.0,0.0
SKIN,2026-08-21,0.7049999833106995,C,5.0,9.312504179687501,1,1,0.0,0.45
SKIN,2026-08-21,0.7049999833106995,P,0.5,0.500005,6,0,0.0,0.0
SKIN,2026-08-21,0.7049999833106995,P,1.0,1.0000000000000003e-05,207,0,0.0,0.0
SKIN,2026-08-21,0.7049999833106995,P,1.5,1.0000000000000003e-05,1,0,0.0,0.0
ATMU,2026-08-21,54.150001525878906,C,50.0,1.0000000000000003e-05,,0,0.0,0.0
ATMU,2026-08-21,54.150001525878906,C,52.5,1.0000000000000003e-05,3.0,0,0.0,0.0
ATMU,2026-08-21,54.150001525878906,C,55.0,0.015634843750000002,2.0,0,0.0,0.0
ATMU,2026-08-21,54.150001525878906,C,57.5,0.062509375,10.0,0,0.0,0.0
ATMU,2026-08-21,54.150001525878906,C,60.0,0.6044961425781252,,1,0.05,1.65
ATMU,2026-08-21,54.150001525878906,P,40.0,0.2500075,,0,0.0,0.0
ATMU,2026-08-21,54.150001525878906,P,42.5,0.2500075,,0,0.0,0.0
ATMU,2026-08-21,54.150001525878906,P,45.0,0.2500075,1.0,0,0.0,0.0
ATMU,2026-08-21,54.150001525878906,P,47.5,0.12500875,,0,0.0,0.0
ATMU,2026-08-21,54.150001525878906,P,50.0,0.12500875,,0,0.0,0.0
ATMU,2026-08-21,54.150001525878906,P,52.5,0.0312596875,5.0,0,0.0,0.0
LYFT,2026-08-07,16.479999542236328,C,5.0,1.0000000000000003e-05,13.0,0,0.0,0.0
LYFT,2026-08-07,16.479999542236328,C,6.0,1.0000000000000003e-05,3.0,0,0.0,0.0
LYFT,2026-08-07,16.479999542236328,C,7.0,1.0000000000000003e-05,3.0,0,0.0,0.0
LYFT,2026-08-07,16.479999542236328,C,8.0,1.0000000000000003e-05,3.0,0,0.0,0.0
LYFT,2026-08-07,16.479999542236328,C,9.0,1.0000000000000003e-05,3.0,0,0.0,0.0
LYFT,2026-08-07,16.479999542236328,C,9.5,1.0000000000000003e-05,1.0,0,0.0,0.0
LYFT,2026-08-07,16.479999542236328,C,10.0,11.929690043945312,4.0,19,4.4,8.4
LYFT,2026-08-07,16.479999542236328,C,11.0,1.0000000000000003e-05,4.0,0,0.0,0.0
LYFT,2026-08-07,16.479999542236328,C,12.5,1.0000000000000003e-05,4.0,0,0.0,0.0
LYFT,2026-08-07,16.479999542236328,C,13.0,1.0000000000000003e-05,3.0,0,0.0,0.0
LYFT,2026-08-07,16.479999542236328,C,13.5,1.0000000000000003e-05,17.0,0,0.0,0.0
LYFT,2026-08-07,16.479999542236328,C,14.0,1.0000000000000003e-05,3.0,0,0.0,0.0
LYFT,2026-08-07,16.479999542236328,C,14.5,1.0000000000000003e-05,3.0,0,0.0,0.0
LYFT,2026-08-07,16.479999542236328,C,15.0,1.0000000000000003e-05,41.0,0,0.0,0.0
LYFT,2026-08-07,16.479999542236328,C,15.5,1.0000000000000003e-05,214.0,0,0.0,0.0
LYFT,2026-08-07,16.479999542236328,C,16.0,1.0000000000000003e-05,154.0,0,0.0,0.0
LYFT,2026-08-07,16.479999542236328,C,16.5,0.007822421875,544.0,0,0.0,0.0
LYFT,2026-08-07,16.479999542236328,C,17.0,0.12500875,642.0,0,0.0,0.0
LYFT,2026-08-07,16.479999542236328,C,17.5,0.2500075,119.0,0,0.0,0.0
LYFT,2026-08-07,16.479999542236328,C,18.0,0.2500075,85.0,0,0.0,0.0
LYFT,2026-08-07,16.479999542236328,C,18.5,0.500005,16.0,0,0.0,0.0
LYFT,2026-08-07,16.479999542236328,C,19.0,0.500005,93.0,0,0.0,0.0
LYFT,2026-08-07,16.479999542236328,C,19.5,1.6796891015625,224.0,1096,0.0,0.18
LYFT,2026-08-07,16.479999542236328,C,20.0,0.500005,114.0,0,0.0,0.0
LYFT,2026-08-07,16.479999542236328,C,21.0,0.500005,84.0,0,0.0,0.0
LYFT,2026-08-07,16.479999542236328,C,22.0,0.500005,13.0,0,0.0,0.0
LYFT,2026-08-07,16.479999542236328,C,25.0,0.500005,,0,0.0,0.0
LYFT,2026-08-07,16.479999542236328,P,9.0,0.500005,,0,0.0,0.0
LYFT,2026-08-07,16.479999542236328,P,9.5,0.500005,10.0,0,0.0,0.0
LYFT,2026-08-07,16.479999542236328,P,10.0,0.500005,10.0,0,0.0,0.0
LYFT,2026-08-07,16.479999542236328,P,10.5,0.500005,10.0,0,0.0,0.0
LYFT,2026-08-07,16.479999542236328,P,11.0,0.500005,1.0,0,0.0,0.0
LYFT,2026-08-07,16.479999542236328,P,11.5,0.500005,90.0,0,0.0,0.0
LYFT,2026-08-07,16.479999542236328,P,12.0,0.500005,1.0,0,0.0,0.0
LYFT,2026-08-07,16.479999542236328,P,12.5,0.500005,30.0,0,0.0,0.0
LYFT,2026-08-07,16.479999542236328,P,13.0,0.500005,38.0,0,0.0,0.0
LYFT,2026-08-07,16.479999542236328,P,13.5,0.500005,245.0,0,0.0,0.0
LYFT,2026-08-07,16.479999542236328,P,14.0,0.500005,219.0,0,0.0,0.0
LYFT,2026-08-07,16.479999542236328,P,14.5,0.500005,624.0,0,0.0,0.0
LYFT,2026-08-07,16.479999542236328,P,15.0,0.2500075,351.0,0,0.0,0.0
LYFT,2026-08-07,16.479999542236328,P,15.5,0.2500075,95.0,0,0.0,0.0
LYFT,2026-08-07,16.479999542236328,P,16.0,0.12500875,490.0,0,0.0,0.0
LYFT,2026-08-07,16.479999542236328,P,16.5,1.0000000000000003e-05,515.0,0,0.0,0.0
LYFT,2026-08-07,16.479999542236328,P,17.0,1.0000000000000003e-05,74.0,0,0.0,0.0
LYFT,2026-08-07,16.479999542236328,P,17.5,1.0000000000000003e-05,16.0,0,0.0,0.0
LYFT,2026-08-07,16.479999542236328,P,18.0,1.0000000000000003e-05,14.0,0,0.0,0.0
LYFT,2026-08-07,16.479999542236328,P,18.5,1.0000000000000003e-05,2.0,0,0.0,0.0
LYFT,2026-08-07,16.479999542236328,P,19.5,1.0000000000000003e-05,1.0,0,0.0,0.0
LYFT,2026-08-07,16.479999542236328,P,20.0,1.0000000000000003e-05,2.0,0,0.0,0.0
LYFT,2026-08-07,16.479999542236328,P,20.5,1.0000000000000003e-05,1.0,0,0.0,0.0
LYFT,2026-08-07,16.479999542236328,P,21.0,1.0000000000000003e-05,1.0,0,0.0,0.0
LYFT,2026-08-07,16.479999542236328,P,22.0,1.0000000000000003e-05,1.0,0,0.0,0.0
LYFT,2026-08-07,16.479999542236328,P,22.5,1.0000000000000003e-05,3.0,0,0.0,0.0
LYFT,2026-08-07,16.479999542236328,P,23.0,1.0000000000000003e-05,1.0,0,0.0,0.0
LYFT,2026-08-07,16.479999542236328,P,24.0,1.0000000000000003e-05,4.0,0,0.0,0.0
LYFT,2026-08-07,16.479999542236328,P,24.5,1.0000000000000003e-05,1.0,0,0.0,0.0
LYFT,2026-08-07,16.479999542236328,P,25.0,1.0000000000000003e-05,3.0,0,0.0,0.0
SLN,2026-08-21,11.239999771118164,C,2.5,1.0000000000000003e-05,2.0,0,0.0,0.0
SLN,2026-08-21,11.239999771118164,C,5.0,1.0000000000000003e-05,,0,0.0,0.0
SLN,2026-08-21,11.239999771118164,C,7.5,4.824222719726562,,7,3.5,8.0
SLN,2026-08-21,11.239999771118164,C,10.0,1.0000000000000003e-05,5.0,0,0.0,0.0
SLN,2026-08-21,11.239999771118164,C,12.5,0.12500875,3.0,0,0.0,0.0
SLN,2026-08-21,11.239999771118164,C,15.0,0.2500075,21.0,0,0.0,0.0
SLN,2026-08-21,11.239999771118164,C,20.0,0.500005,34.0,0,0.0,0.0
SLN,2026-08-21,11.239999771118164,P,2.5,0.500005,,0,0.0,0.0
SLN,2026-08-21,11.239999771118164,P,5.0,0.500005,7.0,0,0.0,0.0
SLN,2026-08-21,11.239999771118164,P,7.5,0.500005,6.0,0,0.0,0.0
SLN,2026-08-21,11.239999771118164,P,10.0,0.12500875,8.0,0,0.0,0.0
TEAM,2026-08-07,113.31999969482422,C,65.0,1.0000000000000003e-05,1.0,0,0.0,0.0
TEAM,2026-08-07,113.31999969482422,C,70.0,1.0000000000000003e-05,3.0,0,0.0,0.0
TEAM,2026-08-07,113.31999969482422,C,71.0,1.0000000000000003e-05,3.0,0,0.0,0.0
TEAM,2026-08-07,113.31999969482422,C,75.0,1.0000000000000003e-05,1.0,0,0.0,0.0
TEAM,2026-08-07,113.31999969482422,C,76.0,1.0000000000000003e-05,,0,0.0,0.0
TEAM,2026-08-07,113.31999969482422,C,77.0,1.0000000000000003e-05,4.0,0,0.0,0.0
TEAM,2026-08-07,113.31999969482422,C,79.0,1.0000000000000003e-05,3.0,0,0.0,0.0
TEAM,2026-08-07,113.31999969482422,C,80.0,1.0000000000000003e-05,2.0,0,0.0,0.0
TEAM,2026-08-07,113.31999969482422,C,81.0,1.0000000000000003e-05,2.0,0,0.0,0.0
TEAM,2026-08-07,113.31999969482422,C,82.0,1.0000000000000003e-05,2.0,0,0.0,0.0
TEAM,2026-08-07,113.31999969482422,C,83.0,1.0000000000000003e-05,2.0,0,0.0,0.0
TEAM,2026-08-07,113.31999969482422,C,84.0,1.0000000000000003e-05,4.0,0,0.0,0.0
TEAM,2026-08-07,113.31999969482422,C,85.0,1.0000000000000003e-05,33.0,0,0.0,0.0
TEAM,2026-08-07,113.31999969482422,C,86.0,1.0000000000000003e-05,33.0,0,0.0,0.0
TEAM,2026-08-07,113.31999969482422,C,87.0,1.0000000000000003e-05,2.0,0,0.0,0.0
TEAM,2026-08-07,113.31999969482422,C,88.0,1.0000000000000003e-05,42.0,0,0.0,0.0
TEAM,2026-08-07,113.31999969482422,C,89.0,1.0000000000000003e-05,42.0,0,0.0,0.0
TEAM,2026-08-07,113.31999969482422,C,90.0,1.0000000000000003e-05,2.0,0,0.0,0.0
TEAM,2026-08-07,113.31999969482422,C,91.0,1.0000000000000003e-05,1.0,0,0.0,0.0
TEAM,2026-08-07,113.31999969482422,C,92.0,1.0000000000000003e-05,12.0,0,0.0,0.0
TEAM,2026-08-07,113.31999969482422,C,93.0,1.0000000000000003e-05,3.0,0,0.0,0.0
TEAM,2026-08-07,113.31999969482422,C,94.0,1.0000000000000003e-05,5.0,0,0.0,0.0
TEAM,2026-08-07,113.31999969482422,C,95.0,1.0000000000000003e-05,1.0,0,0.0,0.0
TEAM,2026-08-07,113.31999969482422,C,96.0,1.0000000000000003e-05,1.0,0,0.0,0.0
TEAM,2026-08-07,113.31999969482422,C,97.0,1.0000000000000003e-05,1.0,0,0.0,0.0
TEAM,2026-08-07,113.31999969482422,C,98.0,1.0000000000000003e-05,2.0,0,0.0,0.0
TEAM,2026-08-07,113.31999969482422,C,99.0,1.0000000000000003e-05,6.0,0,0.0,0.0
TEAM,2026-08-07,113.31999969482422,C,100.0,1.0000000000000003e-05,23.0,0,0.0,0.0
TEAM,2026-08-07,113.31999969482422,C,101.0,1.0000000000000003e-05,12.0,0,0.0,0.0
TEAM,2026-08-07,113.31999969482422,C,102.0,1.0000000000000003e-05,2.0,0,0.0,0.0
TEAM,2026-08-07,113.31999969482422,C,103.0,1.0000000000000003e-05,1.0,0,0.0,0.0
TEAM,2026-08-07,113.31999969482422,C,104.0,1.0000000000000003e-05,4.0,0,0.0,0.0
TEAM,2026-08-07,113.31999969482422,C,105.0,1.0000000000000003e-05,19.0,0,0.0,0.0
TEAM,2026-08-07,113.31999969482422,C,106.0,1.0000000000000003e-05,7.0,0,0.0,0.0
TEAM,2026-08-07,113.31999969482422,C,107.0,1.0000000000000003e-05,1.0,0,0.0,0.0
TEAM,2026-08-07,113.31999969482422,C,108.0,1.0000000000000003e-05,13.0,0,0.0,0.0
TEAM,2026-08-07,113.31999969482422,C,109.0,1.0000000000000003e-05,12.0,0,0.0,0.0
TEAM,2026-08-07,113.31999969482422,C,110.0,1.0000000000000003e-05,27.0,0,0.0,0.0
TEAM,2026-08-07,113.31999969482422,C,111.0,1.0000000000000003e-05,199.0,0,0.0,0.0
TEAM,2026-08-07,113.31999969482422,C,112.0,1.0000000000000003e-05,22.0,0,0.0,0.0
TEAM,2026-08-07,113.31999969482422,C,113.0,1.0000000000000003e-05,12.0,0,0.0,0.0
TEAM,2026-08-07,113.31999969482422,C,114.0,0.0312596875,240.0,0,0.0,0.0
TEAM,2026-08-07,113.31999969482422,C,115.0,0.062509375,98.0,0,0.0,0.0
TEAM,2026-08-07,113.31999969482422,C,116.0,0.062509375,23.0,0,0.0,0.0
TEAM,2026-08-07,113.31999969482422,C,117.0,0.12500875,2.0,0,0.0,0.0
TEAM,2026-08-07,113.31999969482422,C,118.0,0.12500875,2.0,0,0.0,0.0
TEAM,2026-08-07,113.31999969482422,C,119.0,0.12500875,8.0,0,0.0,0.0
TEAM,2026-08-07,113.31999969482422,C,120.0,0.2500075,105.0,0,0.0,0.0
TEAM,2026-08-07,113.31999969482422,C,121.0,0.2500075,2.0,0,0.0,0.0
TEAM,2026-08-07,113.31999969482422,C,122.0,0.2500075,3.0,0,0.0,0.0
TEAM,2026-08-07,113.31999969482422,C,123.0,0.2500075,8.0,0,0.0,0.0
TEAM,2026-08-07,113.31999969482422,C,124.0,0.2500075,21.0,0,0.0,0.0
TEAM,2026-08-07,113.31999969482422,C,125.0,0.2500075,212.0,0,0.0,0.0
TEAM,2026-08-07,113.31999969482422,C,126.0,0.2500075,1.0,0,0.0,0.0
TEAM,2026-08-07,113.31999969482422,C,127.0,0.2500075,1.0,0,0.0,0.0
TEAM,2026-08-07,113.31999969482422,C,130.0,0.500005,137.0,0,0.0,0.0
TEAM,2026-08-07,113.31999969482422,C,132.0,0.500005,1.0,0,0.0,0.0
TEAM,2026-08-07,113.31999969482422,C,135.0,0.500005,11.0,0,0.0,0.0
TEAM,2026-08-07,113.31999969482422,C,138.0,0.500005,31.0,0,0.0,0.0
TEAM,2026-08-07,113.31999969482422,C,140.0,0.500005,170.0,0,0.0,0.0
TEAM,2026-08-07,113.31999969482422,C,145.0,0.500005,60.0,0,0.0,0.0
TEAM,2026-08-07,113.31999969482422,P,55.0,0.500005,,0,0.0,0.0
TEAM,2026-08-07,113.31999969482422,P,60.0,0.500005,1.0,0,0.0,0.0
TEAM,2026-08-07,113.31999969482422,P,65.0,0.500005,2.0,0,0.0,0.0
TEAM,2026-08-07,113.31999969482422,P,66.0,0.500005,1.0,0,0.0,0.0
TEAM,2026-08-07,113.31999969482422,P,68.0,0.500005,3.0,0,0.0,0.0
TEAM,2026-08-07,113.31999969482422,P,70.0,0.500005,20.0,0,0.0,0.0
TEAM,2026-08-07,113.31999969482422,P,71.0,0.500005,30.0,0,0.0,0.0
TEAM,2026-08-07,113.31999969482422,P,72.0,0.500005,18.0,0,0.0,0.0
TEAM,2026-08-07,113.31999969482422,P,73.0,0.500005,2.0,0,0.0,0.0
TEAM,2026-08-07,113.31999969482422,P,74.0,0.500005,2.0,0,0.0,0.0
TEAM,2026-08-07,113.31999969482422,P,75.0,0.500005,28.0,0,0.0,0.0
TEAM,2026-08-07,113.31999969482422,P,76.0,0.500005,10.0,0,0.0,0.0
TEAM,2026-08-07,113.31999969482422,P,77.0,0.500005,18.0,0,0.0,0.0
TEAM,2026-08-07,113.31999969482422,P,78.0,0.500005,3.0,0,0.0,0.0
TEAM,2026-08-07,113.31999969482422,P,79.0,0.500005,22.0,0,0.0,0.0
TEAM,2026-08-07,113.31999969482422,P,80.0,0.500005,102.0,0,0.0,0.0
TEAM,2026-08-07,113.31999969482422,P,81.0,0.500005,6.0,0,0.0,0.0
TEAM,2026-08-07,113.31999969482422,P,82.0,0.500005,2.0,0,0.0,0.0
TEAM,2026-08-07,113.31999969482422,P,83.0,0.500005,4.0,0,0.0,0.0
TEAM,2026-08-07,113.31999969482422,P,84.0,0.500005,48.0,0,0.0,0.0
TEAM,2026-08-07,113.31999969482422,P,85.0,0.500005,19.0,0,0.0,0.0
TEAM,2026-08-07,113.31999969482422,P,86.0,0.500005,20.0,0,0.0,0.0
TEAM,2026-08-07,113.31999969482422,P,87.0,0.500005,1.0,0,0.0,0.0
TEAM,2026-08-07,113.31999969482422,P,88.0,0.500005,47.0,0,0.0,0.0
TEAM,2026-08-07,113.31999969482422,P,89.0,0.500005,2.0,0,0.0,0.0
TEAM,2026-08-07,113.31999969482422,P,90.0,0.500005,114.0,0,0.0,0.0
TEAM,2026-08-07,113.31999969482422,P,91.0,0.500005,42.0,0,0.0,0.0
TEAM,2026-08-07,113.31999969482422,P,92.0,0.500005,19.0,0,0.0,0.0
TEAM,2026-08-07,113.31999969482422,P,93.0,0.500005,6.0,0,0.0,0.0
TEAM,2026-08-07,113.31999969482422,P,94.0,0.500005,6.0,0,0.0,0.0
TEAM,2026-08-07,113.31999969482422,P,95.0,0.500005,58.0,0,0.0,0.0
TEAM,2026-08-07,113.31999969482422,P,96.0,0.500005,38.0,0,0.0,0.0
TEAM,2026-08-07,113.31999969482422,P,97.0,0.500005,5.0,0,0.0,0.0
TEAM,2026-08-07,113.31999969482422,P,98.0,0.500005,3.0,0,0.0,0.0
TEAM,2026-08-07,113.31999969482422,P,99.0,0.500005,2.0,0,0.0,0.0
TEAM,2026-08-07,113.31999969482422,P,100.0,0.500005,29.0,0,0.0,0.0
TEAM,2026-08-07,113.31999969482422,P,101.0,0.2500075,1.0,0,0.0,0.0
TEAM,2026-08-07,113.31999969482422,P,103.0,0.2500075,5.0,0,0.0,0.0
TEAM,2026-08-07,113.31999969482422,P,105.0,0.2500075,3597.0,0,0.0,0.0
TEAM,2026-08-07,113.31999969482422,P,109.0,0.12500875,21.0,0,0.0,0.0
TEAM,2026-08-07,113.31999969482422,P,110.0,0.12500875,248.0,0,0.0,0.0
TEAM,2026-08-07,113.31999969482422,P,140.0,1.0000000000000003e-05,1.0,0,0.0,0.0
AMRZ,2026-08-21,52.880001068115234,C,45.0,1.0000000000000003e-05,3.0,0,0.0,0.0
AMRZ,2026-08-21,52.880001068115234,C,47.5,1.0000000000000003e-05,3.0,0,0.0,0.0
AMRZ,2026-08-21,52.880001068115234,C,50.0,1.0000000000000003e-05,1.0,0,0.0,0.0
AMRZ,2026-08-21,52.880001068115234,C,52.5,1.0000000000000003e-05,13.0,0,0.0,0.0
AMRZ,2026-08-21,52.880001068115234,C,55.0,0.062509375,19.0,0,0.0,0.0
AMRZ,2026-08-21,52.880001068115234,C,57.5,0.12500875,18.0,0,0.0,0.0
AMRZ,2026-08-21,52.880001068115234,C,60.0,0.12500875,25.0,0,0.0,0.0
AMRZ,2026-08-21,52.880001068115234,C,62.5,0.2500075,1.0,0,0.0,0.0
AMRZ,2026-08-21,52.880001068115234,C,65.0,0.2500075,1.0,0,0.0,0.0
AMRZ,2026-08-21,52.880001068115234,C,75.0,0.500005,,0,0.0,0.0
AMRZ,2026-08-21,52.880001068115234,P,32.5,0.500005,1.0,0,0.0,0.0
AMRZ,2026-08-21,52.880001068115234,P,37.5,0.500005,,0,0.0,0.0
AMRZ,2026-08-21,52.880001068115234,P,40.0,0.2500075,2.0,0,0.0,0.0
AMRZ,2026-08-21,52.880001068115234,P,42.5,0.2500075,5.0,0,0.0,0.0
AMRZ,2026-08-21,52.880001068115234,P,45.0,0.2500075,1.0,0,0.0,0.0
AMRZ,2026-08-21,52.880001068115234,P,47.5,0.12500875,2.0,0,0.0,0.0
AMRZ,2026-08-21,52.880001068115234,P,50.0,0.062509375,7.0,0,0.0,0.0
AMRZ,2026-08-21,52.880001068115234,P,52.5,0.015634843750000002,1.0,0,0.0,0.0
AMRZ,2026-08-21,52.880001068115234,P,55.0,1.0000000000000003e-05,2.0,0,0.0,0.0
AMRZ,2026-08-21,52.880001068115234,P,57.5,1.0000000000000003e-05,1.0,0,0.0,0.0
CLPR,2026-08-21,2.7300000190734863,C,5.0,1.9921875390625,,247,0.0,0.1
CLPR,2026-08-21,2.7300000190734863,P,2.5,0.12500875,2.0,0,0.0,0.0
CLPR,2026-08-21,2.7300000190734863,P,5.0,1.0000000000000003e-05,1.0,0,0.0,0.0
NSIT,2026-08-21,140.27999877929688,C,45.0,1.0000000000000003e-05,5.0,5,63.5,67.2
NSIT,2026-08-21,140.27999877929688,C,55.0,1.0000000000000003e-05,1.0,1,53.8,57.4
NSIT,2026-08-21,140.27999877929688,C,60.0,1.0000000000000003e-05,1.0,0,0.0,0.0
NSIT,2026-08-21,140.27999877929688,C,65.0,1.0000000000000003e-05,1.0,0,0.0,0.0
NSIT,2026-08-21,140.27999877929688,C,70.0,1.0000000000000003e-05,1.0,0,0.0,0.0
NSIT,2026-08-21,140.27999877929688,C,75.0,1.0000000000000003e-05,1.0,0,0.0,0.0
NSIT,2026-08-21,140.27999877929688,C,80.0,1.0000000000000003e-05,3.0,0,0.0,0.0
NSIT,2026-08-21,140.27999877929688,C,85.0,1.0000000000000003e-05,1.0,0,0.0,0.0
NSIT,2026-08-21,140.27999877929688,C,90.0,1.0000000000000003e-05,1.0,0,0.0,0.0
NSIT,2026-08-21,140.27999877929688,C,95.0,1.0000000000000003e-05,1.0,24,20.7,24.5
NSIT,2026-08-21,140.27999877929688,C,100.0,1.0000000000000003e-05,1.0,0,0.0,0.0
NSIT,2026-08-21,140.27999877929688,C,105.0,1.0000000000000003e-05,1.0,0,0.0,0.0
NSIT,2026-08-21,140.27999877929688,C,110.0,1.0000000000000003e-05,5.0,0,0.0,0.0
NSIT,2026-08-21,140.27999877929688,C,115.0,1.0000000000000003e-05,1.0,0,0.0,0.0
NSIT,2026-08-21,140.27999877929688,C,120.0,1.0000000000000003e-05,2.0,0,0.0,0.0
NSIT,2026-08-21,140.27999877929688,C,125.0,1.0000000000000003e-05,2.0,0,0.0,0.0
NSIT,2026-08-21,140.27999877929688,C,130.0,1.0000000000000003e-05,97.0,0,0.0,0.0
NSIT,2026-08-21,140.27999877929688,C,135.0,1.0000000000000003e-05,2.0,0,0.0,0.0
NSIT,2026-08-21,140.27999877929688,C,140.0,1.0000000000000003e-05,99.0,0,0.0,0.0
NSIT,2026-08-21,140.27999877929688,C,150.0,0.062509375,2.0,0,0.0,0.0
NSIT,2026-08-21,140.27999877929688,P,45.0,3.4072280444335936,2.0,10,0.0,2.55
NSIT,2026-08-21,140.27999877929688,P,55.0,0.500005,41.0,0,0.0,0.0
NSIT,2026-08-21,140.27999877929688,P,60.0,0.500005,2.0,0,0.0,0.0
NSIT,2026-08-21,140.27999877929688,P,65.0,2.4184609851074215,1.0,23,0.0,2.65
NSIT,2026-08-21,140.27999877929688,P,70.0,0.500005,11.0,0,0.0,0.0
NSIT,2026-08-21,140.27999877929688,P,75.0,0.500005,1.0,0,0.0,0.0
NSIT,2026-08-21,140.27999877929688,P,80.0,0.500005,3.0,0,0.0,0.0
NSIT,2026-08-21,140.27999877929688,P,85.0,0.500005,1.0,0,0.0,0.0
NSIT,2026-08-21,140.27999877929688,P,90.0,0.500005,5.0,0,0.0,0.0
NSIT,2026-08-21,140.27999877929688,P,95.0,0.500005,,0,0.0,0.0
NSIT,2026-08-21,140.27999877929688,P,100.0,0.2500075,,0,0.0,0.0
NSIT,2026-08-21,140.27999877929688,P,105.0,0.2500075,,0,0.0,0.0
NSIT,2026-08-21,140.27999877929688,P,110.0,0.2500075,,0,0.0,0.0
PDFS,2026-08-21,49.459999084472656,C,15.0,1.0000000000000003e-05,,1,16.0,20.5
PDFS,2026-08-21,49.459999084472656,C,17.5,1.0000000000000003e-05,,1,13.5,17.5
PDFS,2026-08-21,49.459999084472656,C,22.5,1.0000000000000003e-05,,0,9.5,14.0
PDFS,2026-08-21,49.459999084472656,C,25.0,1.0000000000000003e-05,1.0,0,0.0,0.0
PDFS,2026-08-21,49.459999084472656,C,30.0,8.19434081604004,2.0,6,32.7,36.7
PDFS,2026-08-21,49.459999084472656,C,35.0,1.0000000000000003e-05,5.0,0,0.0,0.0
PDFS,2026-08-21,49.459999084472656,C,40.0,1.0000000000000003e-05,4.0,0,0.0,0.0
PDFS,2026-08-21,49.459999084472656,C,45.0,1.0000000000000003e-05,2.0,0,0.0,0.0
PDFS,2026-08-21,49.459999084472656,C,50.0,0.015634843750000002,10.0,0,0.0,0.0
PDFS,2026-08-21,49.459999084472656,C,55.0,0.12500875,1.0,0,0.0,0.0
PDFS,2026-08-21,49.459999084472656,C,60.0,0.2500075,11.0,0,0.0,0.0
PDFS,2026-08-21,49.459999084472656,C,65.0,0.2500075,14.0,0,0.0,0.0
PDFS,2026-08-21,49.459999084472656,C,70.0,0.500005,8.0,0,0.0,0.0
PDFS,2026-08-21,49.459999084472656,C,75.0,0.500005,3.0,0,0.0,0.0
PDFS,2026-08-21,49.459999084472656,C,80.0,0.500005,1.0,0,0.0,0.0
PDFS,2026-08-21,49.459999084472656,C,90.0,0.500005,6.0,0,0.0,0.0
PDFS,2026-08-21,49.459999084472656,C,95.0,0.500005,1.0,0,0.0,0.0
PDFS,2026-08-21,49.459999084472656,P,22.5,0.500005,,0,0.0,0.0
PDFS,2026-08-21,49.459999084472656,P,25.0,0.500005,,0,0.0,0.0
PDFS,2026-08-21,49.459999084472656,P,30.0,0.500005,1.0,0,0.0,0.0
PDFS,2026-08-21,49.459999084472656,P,35.0,0.500005,6.0,0,0.0,0.0
PDFS,2026-08-21,49.459999084472656,P,40.0,0.2500075,1.0,0,0.0,0.0
PDFS,2026-08-21,49.459999084472656,P,45.0,0.12500875,2.0,0,0.0,0.0
PDFS,2026-08-21,49.459999084472656,P,50.0,1.0000000000000003e-05,4.0,0,0.0,0.0
PDFS,2026-08-21,49.459999084472656,P,55.0,1.0000000000000003e-05,5.0,0,0.0,0.0
PDFS,2026-08-21,49.459999084472656,P,60.0,1.0000000000000003e-05,5.0,0,0.0,0.0
PDFS,2026-08-21,49.459999084472656,P,65.0,1.0000000000000003e-05,,1,12.6,15.4
PDFS,2026-08-21,49.459999084472656,P,70.0,1.0000000000000003e-05,10.0,0,0.0,0.0
PDFS,2026-08-21,49.459999084472656,P,75.0,1.0000000000000003e-05,,0,0.0,0.0
KRMN,2026-08-21,55.119998931884766,C,40.0,1.0000000000000003e-05,14.0,0,0.0,0.0
KRMN,2026-08-21,55.119998931884766,C,45.0,1.0000000000000003e-05,3.0,0,0.0,0.0
KRMN,2026-08-21,55.119998931884766,C,50.0,1.0000000000000003e-05,1176.0,0,0.0,0.0
KRMN,2026-08-21,55.119998931884766,C,55.0,1.0000000000000003e-05,4.0,0,0.0,0.0
KRMN,2026-08-21,55.119998931884766,C,60.0,0.12500875,26.0,0,0.0,0.0
KRMN,2026-08-21,55.119998931884766,C,65.0,0.2500075,11.0,0,0.0,0.0
KRMN,2026-08-21,55.119998931884766,C,70.0,0.2500075,3.0,0,0.0,0.0
KRMN,2026-08-21,55.119998931884766,C,75.0,0.2500075,1.0,0,0.0,0.0
KRMN,2026-08-21,55.119998931884766,P,30.0,0.500005,1.0,0,0.0,0.0
KRMN,2026-08-21,55.119998931884766,P,35.0,0.500005,4.0,0,0.0,0.0
KRMN,2026-08-21,55.119998931884766,P,40.0,0.2500075,11.0,0,0.0,0.0
KRMN,2026-08-21,55.119998931884766,P,45.0,0.2500075,9.0,0,0.0,0.0
KRMN,2026-08-21,55.119998931884766,P,50.0,0.12500875,15.0,0,0.0,0.0
KRMN,2026-08-21,55.119998931884766,P,55.0,0.0039162109375,5.0,0,0.0,0.0
KRMN,2026-08-21,55.119998931884766,P,60.0,1.0000000000000003e-05,10.0,0,0.0,0.0
KRMN,2026-08-21,55.119998931884766,P,65.0,1.0000000000000003e-05,1.0,0,0.0,0.0
KRMN,2026-08-21,55.119998931884766,P,70.0,1.0000000000000003e-05,5.0,0,0.0,0.0
KRMN,2026-08-21,55.119998931884766,P,75.0,2.47510146850586,,0,23.5,27.4
MTSI,2026-08-21,263.4599914550781,C,90.0,7.519287710266115,4.0,4,201.5,205.6
MTSI,2026-08-21,263.4599914550781,C,95.0,1.0000000000000003e-05,1.0,0,0.0,0.0
MTSI,2026-08-21,263.4599914550781,C,100.0,1.0000000000000003e-05,1.0,0,0.0,0.0
MTSI,2026-08-21,263.4599914550781,C,105.0,1.0000000000000003e-05,1.0,0,0.0,0.0
MTSI,2026-08-21,263.4599914550781,C,110.0,1.0000000000000003e-05,1.0,0,0.0,0.0
MTSI,2026-08-21,263.4599914550781,C,115.0,1.0000000000000003e-05,1.0,0,0.0,0.0
MTSI,2026-08-21,263.4599914550781,C,120.0,5.78296175567627,,1,171.8,175.7
MTSI,2026-08-21,263.4599914550781,C,125.0,1.0000000000000003e-05,1.0,0,0.0,0.0
MTSI,2026-08-21,263.4599914550781,C,130.0,1.0000000000000003e-05,5.0,0,0.0,0.0
MTSI,2026-08-21,263.4599914550781,C,135.0,4.19385241394043,1.0,3,146.8,150.4
MTSI,2026-08-21,263.4599914550781,C,140.0,4.009282332153321,1.0,1,141.9,145.0
MTSI,2026-08-21,263.4599914550781,C,145.0,1.0000000000000003e-05,1.0,0,0.0,0.0
MTSI,2026-08-21,263.4599914550781,C,150.0,4.581303101501465,3.0,2,142.4,146.3
MTSI,2026-08-21,263.4599914550781,C,155.0,1.0000000000000003e-05,1.0,0,0.0,0.0
MTSI,2026-08-21,263.4599914550781,C,160.0,1.0000000000000003e-05,1.0,0,0.0,0.0
MTSI,2026-08-21,263.4599914550781,C,165.0,4.097050777130127,4.0,2,127.9,131.8
MTSI,2026-08-21,263.4599914550781,C,170.0,1.0000000000000003e-05,17.0,0,0.0,0.0
MTSI,2026-08-21,263.4599914550781,C,175.0,1.0000000000000003e-05,1.0,0,0.0,0.0
MTSI,2026-08-21,263.4599914550781,C,180.0,1.0000000000000003e-05,2.0,0,0.0,0.0
MTSI,2026-08-21,263.4599914550781,C,185.0,1.0000000000000003e-05,2.0,0,0.0,0.0
MTSI,2026-08-21,263.4599914550781,C,190.0,1.0000000000000003e-05,1.0,0,0.0,0.0
MTSI,2026-08-21,263.4599914550781,C,195.0,1.0000000000000003e-05,19.0,0,0.0,0.0
MTSI,2026-08-21,263.4599914550781,C,200.0,1.0000000000000003e-05,1.0,0,0.0,0.0
MTSI,2026-08-21,263.4599914550781,C,210.0,1.0000000000000003e-05,1.0,0,0.0,0.0
MTSI,2026-08-21,263.4599914550781,C,220.0,1.0000000000000003e-05,1.0,0,0.0,0.0
MTSI,2026-08-21,263.4599914550781,C,230.0,1.0000000000000003e-05,21.0,0,0.0,0.0
MTSI,2026-08-21,263.4599914550781,C,240.0,1.0000000000000003e-05,4.0,0,0.0,0.0
MTSI,2026-08-21,263.4599914550781,C,250.0,1.0000000000000003e-05,4.0,0,0.0,0.0
MTSI,2026-08-21,263.4599914550781,C,260.0,1.0000000000000003e-05,25.0,0,0.0,0.0
MTSI,2026-08-21,263.4599914550781,C,270.0,0.0312596875,16.0,0,0.0,0.0
MTSI,2026-08-21,263.4599914550781,C,280.0,0.062509375,173.0,0,0.0,0.0
MTSI,2026-08-21,263.4599914550781,C,290.0,0.12500875,14.0,0,0.0,0.0
MTSI,2026-08-21,263.4599914550781,C,300.0,0.12500875,59.0,0,0.0,0.0
MTSI,2026-08-21,263.4599914550781,C,310.0,0.12500875,24.0,0,0.0,0.0
MTSI,2026-08-21,263.4599914550781,C,320.0,0.2500075,228.0,0,0.0,0.0
MTSI,2026-08-21,263.4599914550781,C,330.0,0.2500075,1.0,0,0.0,0.0
MTSI,2026-08-21,263.4599914550781,C,340.0,0.2500075,7.0,0,0.0,0.0
MTSI,2026-08-21,263.4599914550781,C,350.0,0.2500075,2.0,0,0.0,0.0
MTSI,2026-08-21,263.4599914550781,C,360.0,0.2500075,15.0,0,0.0,0.0
MTSI,2026-08-21,263.4599914550781,C,370.0,0.2500075,2.0,0,0.0,0.0
MTSI,2026-08-21,263.4599914550781,C,380.0,0.2500075,11.0,0,0.0,0.0
MTSI,2026-08-21,263.4599914550781,C,390.0,0.500005,3.0,0,0.0,0.0
MTSI,2026-08-21,263.4599914550781,C,400.0,0.500005,5.0,0,0.0,0.0
MTSI,2026-08-21,263.4599914550781,C,410.0,0.500005,1.0,0,0.0,0.0
MTSI,2026-08-21,263.4599914550781,C,420.0,0.500005,7.0,0,0.0,0.0
MTSI,2026-08-21,263.4599914550781,C,430.0,0.500005,2.0,0,0.0,0.0
MTSI,2026-08-21,263.4599914550781,C,440.0,0.500005,823.0,0,0.0,0.0
MTSI,2026-08-21,263.4599914550781,C,450.0,0.500005,9.0,0,0.0,0.0
MTSI,2026-08-21,263.4599914550781,C,460.0,0.500005,9.0,0,0.0,0.0
MTSI,2026-08-21,263.4599914550781,C,470.0,0.500005,1.0,0,0.0,0.0
MTSI,2026-08-21,263.4599914550781,C,480.0,0.500005,11.0,0,0.0,0.0
MTSI,2026-08-21,263.4599914550781,C,490.0,0.500005,1.0,0,0.0,0.0
MTSI,2026-08-21,263.4599914550781,C,500.0,0.500005,1.0,0,0.0,0.0
MTSI,2026-08-21,263.4599914550781,C,510.0,0.500005,1.0,0,0.0,0.0
MTSI,2026-08-21,263.4599914550781,C,520.0,0.500005,2.0,0,0.0,0.0
MTSI,2026-08-21,263.4599914550781,C,540.0,0.500005,1.0,0,0.0,0.0
MTSI,2026-08-21,263.4599914550781,C,550.0,0.500005,2.0,0,0.0,0.0
MTSI,2026-08-21,263.4599914550781,C,560.0,1.7856456030273438,1.0,2,0.0,2.3
MTSI,2026-08-21,263.4599914550781,C,580.0,1.8447273388671874,2.0,1,0.0,2.25
MTSI,2026-08-21,263.4599914550781,C,600.0,0.500005,1.0,0,0.0,0.0
MTSI,2026-08-21,263.4599914550781,P,90.0,0.500005,,0,0.0,0.0
MTSI,2026-08-21,263.4599914550781,P,95.0,2.7099641625976565,,1,0.0,2.5
MTSI,2026-08-21,263.4599914550781,P,105.0,0.500005,,0,0.0,0.0
MTSI,2026-08-21,263.4599914550781,P,110.0,2.593753515625,,1,0.3,3.8
MTSI,2026-08-21,263.4599914550781,P,115.0,2.3535197412109365,,1,0.0,3.2
MTSI,2026-08-21,263.4599914550781,P,130.0,0.500005,,0,0.0,0.0
MTSI,2026-08-21,263.4599914550781,P,135.0,0.500005,,0,0.0,0.0
MTSI,2026-08-21,263.4599914550781,P,140.0,1.812012658691406,1.0,3,0.0,2.85
MTSI,2026-08-21,263.4599914550781,P,145.0,0.500005,10.0,0,0.0,0.0
MTSI,2026-08-21,263.4599914550781,P,150.0,1.6455095849609376,1.0,1,0.0,2.9
MTSI,2026-08-21,263.4599914550781,P,155.0,0.500005,6.0,0,0.0,0.0
MTSI,2026-08-21,263.4599914550781,P,160.0,0.500005,3.0,0,0.0,0.0
MTSI,2026-08-21,263.4599914550781,P,165.0,0.500005,9.0,0,0.0,0.0
MTSI,2026-08-21,263.4599914550781,P,170.0,0.500005,10.0,0,0.0,0.0
MTSI,2026-08-21,263.4599914550781,P,175.0,0.500005,9.0,0,0.0,0.0
MTSI,2026-08-21,263.4599914550781,P,180.0,0.500005,2.0,0,0.0,0.0
MTSI,2026-08-21,263.4599914550781,P,185.0,0.2500075,12.0,0,0.0,0.0
MTSI,2026-08-21,263.4599914550781,P,190.0,0.2500075,1.0,0,0.0,0.0
MTSI,2026-08-21,263.4599914550781,P,195.0,0.2500075,3.0,0,0.0,0.0
MTSI,2026-08-21,263.4599914550781,P,200.0,0.2500075,26.0,0,0.0,0.0
MTSI,2026-08-21,263.4599914550781,P,210.0,0.2500075,13.0,0,0.0,0.0
MTSI,2026-08-21,263.4599914550781,P,220.0,0.2500075,38.0,0,0.0,0.0
MTSI,2026-08-21,263.4599914550781,P,230.0,0.12500875,8.0,0,0.0,0.0
MTSI,2026-08-21,263.4599914550781,P,240.0,0.12500875,7.0,0,0.0,0.0
MTSI,2026-08-21,263.4599914550781,P,250.0,0.062509375,7.0,0,0.0,0.0
MTSI,2026-08-21,263.4599914550781,P,260.0,0.015634843750000002,13.0,0,0.0,0.0
MTSI,2026-08-21,263.4599914550781,P,270.0,1.0000000000000003e-05,1.0,0,0.0,0.0
MTSI,2026-08-21,263.4599914550781,P,280.0,1.0000000000000003e-05,89.0,0,0.0,0.0
MTSI,2026-08-21,263.4599914550781,P,290.0,1.0000000000000003e-05,2.0,0,0.0,0.0
MTSI,2026-08-21,263.4599914550781,P,300.0,1.0000000000000003e-05,11.0,0,0.0,0.0
MTSI,2026-08-21,263.4599914550781,P,310.0,1.0000000000000003e-05,1.0,0,0.0,0.0
MTSI,2026-08-21,263.4599914550781,P,320.0,1.0000000000000003e-05,6.0,0,0.0,0.0
MTSI,2026-08-21,263.4599914550781,P,330.0,1.0000000000000003e-05,3.0,0,0.0,0.0
MTSI,2026-08-21,263.4599914550781,P,340.0,1.0000000000000003e-05,2.0,0,0.0,0.0
MTSI,2026-08-21,263.4599914550781,P,350.0,1.0000000000000003e-05,11.0,0,0.0,0.0
MTSI,2026-08-21,263.4599914550781,P,360.0,1.0000000000000003e-05,1.0,0,0.0,0.0
MTSI,2026-08-21,263.4599914550781,P,370.0,1.0000000000000003e-05,2.0,0,0.0,0.0
MTSI,2026-08-21,263.4599914550781,P,380.0,1.0000000000000003e-05,1.0,0,0.0,0.0
MTSI,2026-08-21,263.4599914550781,P,390.0,1.0000000000000003e-05,1.0,0,0.0,0.0
MTSI,2026-08-21,263.4599914550781,P,400.0,1.0000000000000003e-05,1.0,0,0.0,0.0
MTSI,2026-08-21,263.4599914550781,P,410.0,1.0000000000000003e-05,1.0,0,0.0,0.0
MTSI,2026-08-21,263.4599914550781,P,420.0,1.0000000000000003e-05,1.0,0,0.0,0.0
MTSI,2026-08-21,263.4599914550781,P,430.0,1.0000000000000003e-05,2.0,0,0.0,0.0
MTSI,2026-08-21,263.4599914550781,P,440.0,1.0000000000000003e-05,1.0,0,0.0,0.0
MTSI,2026-08-21,263.4599914550781,P,450.0,1.0000000000000003e-05,1.0,0,0.0,0.0
MTSI,2026-08-21,263.4599914550781,P,460.0,1.0000000000000003e-05,1.0,0,0.0,0.0
MTSI,2026-08-21,263.4599914550781,P,470.0,1.0000000000000003e-05,1.0,0,0.0,0.0
MTSI,2026-08-21,263.4599914550781,P,480.0,1.0000000000000003e-05,,0,0.0,0.0
MTSI,2026-08-21,263.4599914550781,P,490.0,1.0000000000000003e-05,1.0,0,0.0,0.0
MTSI,2026-08-21,263.4599914550781,P,500.0,1.0000000000000003e-05,1.0,0,0.0,0.0
MTSI,2026-08-21,263.4599914550781,P,510.0,1.0000000000000003e-05,1.0,0,0.0,0.0
MTSI,2026-08-21,263.4599914550781,P,520.0,1.0000000000000003e-05,1.0,0,0.0,0.0
MTSI,2026-08-21,263.4599914550781,P,530.0,1.0000000000000003e-05,1.0,0,0.0,0.0
MTSI,2026-08-21,263.4599914550781,P,540.0,1.0000000000000003e-05,1.0,0,0.0,0.0
MTSI,2026-08-21,263.4599914550781,P,550.0,1.0000000000000003e-05,1.0,0,0.0,0.0
MTSI,2026-08-21,263.4599914550781,P,560.0,1.0000000000000003e-05,1.0,0,265.1,269.0
MTSI,2026-08-21,263.4599914550781,P,570.0,1.0000000000000003e-05,1.0,0,0.0,0.0
MTSI,2026-08-21,263.4599914550781,P,580.0,1.0000000000000003e-05,6.0,0,0.0,0.0
MTSI,2026-08-21,263.4599914550781,P,600.0,1.0000000000000003e-05,1.0,0,305.0,308.9
CARS,2026-08-21,11.84000015258789,C,10.0,1.0000000000000003e-05,1,0,0.0,0.0
CARS,2026-08-21,11.84000015258789,C,12.5,0.062509375,2,0,0.0,0.0
CARS,2026-08-21,11.84000015258789,C,15.0,0.2500075,3,0,0.0,0.0
CARS,2026-08-21,11.84000015258789,P,2.5,0.500005,1,0,0.0,0.0
CARS,2026-08-21,11.84000015258789,P,10.0,0.2500075,1,0,0.0,0.0
CARS,2026-08-21,11.84000015258789,P,12.5,1.0000000000000003e-05,1,0,0.0,0.0
STWD,2026-08-21,16.209999084472656,C,9.0,1.0000000000000003e-05,2.0,0,0.0,0.0
STWD,2026-08-21,16.209999084472656,C,12.0,1.0000000000000003e-05,,0,0.0,0.0
STWD,2026-08-21,16.209999084472656,C,14.0,1.0000000000000003e-05,1.0,0,0.0,0.0
STWD,2026-08-21,16.209999084472656,C,15.0,1.0000000000000003e-05,11.0,0,0.0,0.0
STWD,2026-08-21,16.209999084472656,C,16.0,1.0000000000000003e-05,3.0,0,0.0,0.0
STWD,2026-08-21,16.209999084472656,C,17.0,0.062509375,22.0,0,0.0,0.0
STWD,2026-08-21,16.209999084472656,C,18.0,0.12500875,64.0,0,0.0,0.0
STWD,2026-08-21,16.209999084472656,C,19.0,0.2500075,7.0,0,0.0,0.0
STWD,2026-08-21,16.209999084472656,C,23.0,0.500005,,0,0.0,0.0
STWD,2026-08-21,16.209999084472656,C,24.0,0.500005,,0,0.0,0.0
STWD,2026-08-21,16.209999084472656,C,25.0,0.500005,1.0,0,0.0,0.0
STWD,2026-08-21,16.209999084472656,P,14.0,0.2500075,16.0,0,0.0,0.0
STWD,2026-08-21,16.209999084472656,P,15.0,0.12500875,100.0,0,0.0,0.0
STWD,2026-08-21,16.209999084472656,P,16.0,0.0312596875,195.0,0,0.0,0.0
STWD,2026-08-21,16.209999084472656,P,17.0,1.0000000000000003e-05,8.0,0,0.0,0.0
SKYE,2026-08-21,0.5619999766349792,C,2.5,0.500005,2,0,0.0,0.0
SKYE,2026-08-21,0.5619999766349792,C,5.0,0.500005,3,0,0.0,0.0
SKYE,2026-08-21,0.5619999766349792,C,7.5,0.500005,2,0,0.0,0.0
SKYE,2026-08-21,0.5619999766349792,P,2.5,1.0000000000000003e-05,18,0,0.0,0.0
OTEX,2026-08-21,25.649999618530273,C,12.5,1.0000000000000003e-05,1.0,0,0.0,0.0
OTEX,2026-08-21,25.649999618530273,C,20.0,1.0000000000000003e-05,20.0,0,0.0,0.0
OTEX,2026-08-21,25.649999618530273,C,22.5,1.0000000000000003e-05,2.0,0,0.0,0.0
OTEX,2026-08-21,25.649999618530273,C,25.0,1.0000000000000003e-05,1.0,0,0.0,0.0
OTEX,2026-08-21,25.649999618530273,C,27.5,0.12500875,51.0,0,0.0,0.0
OTEX,2026-08-21,25.649999618530273,C,30.0,0.2500075,10.0,0,0.0,0.0
OTEX,2026-08-21,25.649999618530273,C,32.5,0.2500075,1.0,0,0.0,0.0
OTEX,2026-08-21,25.649999618530273,C,35.0,0.2500075,48.0,0,0.0,0.0
OTEX,2026-08-21,25.649999618530273,C,37.5,0.500005,6.0,0,0.0,0.0
OTEX,2026-08-21,25.649999618530273,C,40.0,0.500005,1.0,0,0.0,0.0
OTEX,2026-08-21,25.649999618530273,C,42.5,2.0156299609375,2.0,3,0.0,1.55
OTEX,2026-08-21,25.649999618530273,C,45.0,1.994140654296875,1.0,2,0.0,1.15
OTEX,2026-08-21,25.649999618530273,C,47.5,2.2109419726562494,,1,0.0,1.35
OTEX,2026-08-21,25.649999618530273,C,50.0,2.4169961450195308,,1,0.0,1.55
OTEX,2026-08-21,25.649999618530273,P,15.0,0.500005,1.0,0,0.0,0.0
OTEX,2026-08-21,25.649999618530273,P,17.5,0.500005,1.0,0,0.0,0.0
OTEX,2026-08-21,25.649999618530273,P,20.0,0.2500075,6.0,0,0.0,0.0
OTEX,2026-08-21,25.649999618530273,P,22.5,0.12500875,3.0,0,0.0,0.0
OTEX,2026-08-21,25.649999618530273,P,25.0,0.0312596875,1.0,0,0.0,0.0
OTEX,2026-08-21,25.649999618530273,P,27.5,1.0000000000000003e-05,1.0,0,0.0,0.0
OTEX,2026-08-21,25.649999618530273,P,30.0,1.0000000000000003e-05,32.0,0,0.0,0.0
OTEX,2026-08-21,25.649999618530273,P,32.5,1.0000000000000003e-05,2.0,0,0.0,0.0
OTEX,2026-08-21,25.649999618530273,P,35.0,2.756839045410157,1.0,2,10.4,14.6
EFXT,2026-08-21,21.989999771118164,C,2.5,1.0000000000000003e-05,,0,0.0,0.0
EFXT,2026-08-21,21.989999771118164,C,5.0,10.046878720703127,2.0,3,17.6,21.0
EFXT,2026-08-21,21.989999771118164,C,12.5,3.5332042919921873,5.0,0,7.0,11.0
EFXT,2026-08-21,21.989999771118164,C,15.0,5.514651544189453,5.0,5,10.0,13.9
EFXT,2026-08-21,21.989999771118164,C,17.5,1.0000000000000003e-05,1.0,0,0.0,0.0
EFXT,2026-08-21,21.989999771118164,C,20.0,1.0000000000000003e-05,4.0,0,0.0,0.0
EFXT,2026-08-21,21.989999771118164,C,22.5,1.5390648046875,2.0,46,0.3,4.9
EFXT,2026-08-21,21.989999771118164,C,25.0,0.12500875,9.0,0,0.0,0.0
EFXT,2026-08-21,21.989999771118164,C,30.0,0.2500075,6.0,0,0.0,0.0
EFXT,2026-08-21,21.989999771118164,C,35.0,1.78515732421875,3.0,22,0.0,1.05
EFXT,2026-08-21,21.989999771118164,P,17.5,1.6308612207031248,2.0,5,0.0,2.0
CION,2026-08-21,6.230000019073486,C,2.5,1.0000000000000003e-05,4.0,0,0.0,0.0
CION,2026-08-21,6.230000019073486,C,5.0,1.0000000000000003e-05,60.0,0,0.0,0.0
CION,2026-08-21,6.230000019073486,C,7.5,0.2500075,163.0,0,0.0,0.0
CION,2026-08-21,6.230000019073486,C,12.5,0.500005,,0,0.0,0.0
CION,2026-08-21,6.230000019073486,P,5.0,0.2500075,1.0,0,0.0,0.0
CION,2026-08-21,6.230000019073486,P,7.5,1.0000000000000003e-05,10.0,0,0.0,0.0
ESAB,2026-08-21,92.47000122070312,C,85.0,1.0000000000000003e-05,,0,0.0,0.0
ESAB,2026-08-21,92.47000122070312,C,95.0,0.0312596875,1.0,0,0.0,0.0
ESAB,2026-08-21,92.47000122070312,C,100.0,0.12500875,12.0,0,0.0,0.0
ESAB,2026-08-21,92.47000122070312,C,105.0,0.12500875,1.0,0,0.0,0.0
ESAB,2026-08-21,92.47000122070312,C,120.0,0.9877930908203125,,3500,0.0,2.15
ESAB,2026-08-21,92.47000122070312,P,65.0,0.500005,17.0,0,0.0,0.0
ESAB,2026-08-21,92.47000122070312,P,70.0,0.2500075,,0,0.0,0.0
ESAB,2026-08-21,92.47000122070312,P,75.0,0.2500075,1.0,0,0.0,0.0
ESAB,2026-08-21,92.47000122070312,P,80.0,0.12500875,1.0,0,0.0,0.0
ESAB,2026-08-21,92.47000122070312,P,85.0,0.12500875,2.0,0,0.0,0.0
ESAB,2026-08-21,92.47000122070312,P,95.0,1.1367230664062502,,3500,7.9,12.5
EVMN,2026-08-21,13.020000457763672,C,5.0,1.0000000000000003e-05,,0,0.0,0.0
EVMN,2026-08-21,13.020000457763672,C,10.0,1.0000000000000003e-05,1.0,0,0.0,0.0
EVMN,2026-08-21,13.020000457763672,C,12.5,1.0000000000000003e-05,3.0,0,0.0,0.0
EVMN,2026-08-21,13.020000457763672,C,15.0,0.2500075,20.0,0,0.0,0.0
EVMN,2026-08-21,13.020000457763672,C,17.5,0.2500075,34.0,0,0.0,0.0
EVMN,2026-08-21,13.020000457763672,C,20.0,0.500005,,0,0.0,0.0
EVMN,2026-08-21,13.020000457763672,C,22.5,0.500005,7.0,0,0.0,0.0
EVMN,2026-08-21,13.020000457763672,C,25.0,0.500005,5.0,0,0.0,0.0
EVMN,2026-08-21,13.020000457763672,C,35.0,0.500005,1.0,0,0.0,0.0
EVMN,2026-08-21,13.020000457763672,C,40.0,0.500005,1.0,0,0.0,0.0
EVMN,2026-08-21,13.020000457763672,P,10.0,0.2500075,150.0,0,0.0,0.0
EVMN,2026-08-21,13.020000457763672,P,12.5,0.062509375,4.0,0,0.0,0.0
EVMN,2026-08-21,13.020000457763672,P,15.0,1.0000000000000003e-05,1.0,0,0.0,0.0
EVMN,2026-08-21,13.020000457763672,P,22.5,1.0000000000000003e-05,,0,3.6,8.4
EVMN,2026-08-21,13.020000457763672,P,25.0,1.0000000000000003e-05,,0,0.0,0.0
EVMN,2026-08-21,13.020000457763672,P,30.0,1.0000000000000003e-05,,0,0.0,0.0
ARDX,2026-08-21,4.909999847412109,C,1.0,1.0000000000000003e-05,2,0,0.0,0.0
ARDX,2026-08-21,4.909999847412109,C,2.0,1.0000000000000003e-05,14,0,0.0,0.0
ARDX,2026-08-21,4.909999847412109,C,4.0,1.0000000000000003e-05,2,0,0.0,0.0
ARDX,2026-08-21,4.909999847412109,C,5.0,0.0312596875,22,0,0.0,0.0
ARDX,2026-08-21,4.909999847412109,C,6.0,0.2500075,474,0,0.0,0.0
ARDX,2026-08-21,4.909999847412109,C,7.0,0.500005,3,0,0.0,0.0
ARDX,2026-08-21,4.909999847412109,C,8.0,0.500005,3,0,0.0,0.0
ARDX,2026-08-21,4.909999847412109,C,9.0,0.500005,2,0,0.0,0.0
ARDX,2026-08-21,4.909999847412109,C,10.0,0.500005,1,0,0.0,0.0
ARDX,2026-08-21,4.909999847412109,C,11.0,0.500005,4,0,0.0,0.0
ARDX,2026-08-21,4.909999847412109,P,1.0,0.500005,1,0,0.0,0.0
ARDX,2026-08-21,4.909999847412109,P,4.0,0.2500075,11,0,0.0,0.0
ARDX,2026-08-21,4.909999847412109,P,5.0,1.0000000000000003e-05,140,0,0.0,0.0
ARDX,2026-08-21,4.909999847412109,P,6.0,1.0000000000000003e-05,20,0,0.0,0.0
ARDX,2026-08-21,4.909999847412109,P,7.0,1.0000000000000003e-05,1,0,0.0,0.0
LNG,2026-08-07,254.75999450683594,C,175.0,1.0000000000000003e-05,2,0,0.0,0.0
LNG,2026-08-07,254.75999450683594,C,205.0,1.0000000000000003e-05,1,0,0.0,0.0
LNG,2026-08-07,254.75999450683594,C,235.0,1.0000000000000003e-05,1,0,0.0,0.0
LNG,2026-08-07,254.75999450683594,C,240.0,1.0000000000000003e-05,310,0,0.0,0.0
LNG,2026-08-07,254.75999450683594,C,242.5,1.0000000000000003e-05,2,0,0.0,0.0
LNG,2026-08-07,254.75999450683594,C,245.0,1.0000000000000003e-05,300,0,0.0,0.0
LNG,2026-08-07,254.75999450683594,C,250.0,1.0000000000000003e-05,2,0,0.0,0.0
LNG,2026-08-07,254.75999450683594,C,252.5,1.0000000000000003e-05,1,0,0.0,0.0
LNG,2026-08-07,254.75999450683594,C,255.0,0.0039162109375,23,0,0.0,0.0
LNG,2026-08-07,254.75999450683594,C,257.5,0.0312596875,114,0,0.0,0.0
LNG,2026-08-07,254.75999450683594,C,260.0,0.062509375,74,0,0.0,0.0
LNG,2026-08-07,254.75999450683594,C,262.5,0.12500875,6,0,0.0,0.0
LNG,2026-08-07,254.75999450683594,C,265.0,0.12500875,19,0,0.0,0.0
LNG,2026-08-07,254.75999450683594,C,267.5,0.12500875,2,0,0.0,0.0
LNG,2026-08-07,254.75999450683594,C,270.0,0.12500875,139,0,0.0,0.0
LNG,2026-08-07,254.75999450683594,C,272.5,0.2500075,8,0,0.0,0.0
LNG,2026-08-07,254.75999450683594,C,275.0,0.2500075,12,0,0.0,0.0
LNG,2026-08-07,254.75999450683594,C,277.5,0.2500075,1,0,0.0,0.0
LNG,2026-08-07,254.75999450683594,C,280.0,0.2500075,9,0,0.0,0.0
LNG,2026-08-07,254.75999450683594,C,282.5,0.2500075,8,0,0.0,0.0
LNG,2026-08-07,254.75999450683594,C,285.0,0.2500075,11,0,0.0,0.0
LNG,2026-08-07,254.75999450683594,C,287.5,0.2500075,14,0,0.0,0.0
LNG,2026-08-07,254.75999450683594,C,290.0,0.500005,8,0,0.0,0.0
LNG,2026-08-07,254.75999450683594,C,292.5,0.500005,3,0,0.0,0.0
LNG,2026-08-07,254.75999450683594,C,295.0,0.500005,10,0,0.0,0.0
LNG,2026-08-07,254.75999450683594,C,300.0,0.500005,1,0,0.0,0.0
LNG,2026-08-07,254.75999450683594,P,220.0,0.500005,1,0,0.0,0.0
LNG,2026-08-07,254.75999450683594,P,225.0,0.500005,1,0,0.0,0.0
LNG,2026-08-07,254.75999450683594,P,230.0,0.2500075,1,0,0.0,0.0
LNG,2026-08-07,254.75999450683594,P,235.0,0.2500075,2,0,0.0,0.0
LNG,2026-08-07,254.75999450683594,P,240.0,0.2500075,26,0,0.0,0.0
LNG,2026-08-07,254.75999450683594,P,242.5,0.12500875,103,0,0.0,0.0
LNG,2026-08-07,254.75999450683594,P,245.0,0.12500875,57,0,0.0,0.0
LNG,2026-08-07,254.75999450683594,P,247.5,0.12500875,30,0,0.0,0.0
LNG,2026-08-07,254.75999450683594,P,250.0,0.062509375,25,0,0.0,0.0
LNG,2026-08-07,254.75999450683594,P,252.5,0.0312596875,23,0,0.0,0.0
LNG,2026-08-07,254.75999450683594,P,255.0,1.0000000000000003e-05,19,0,0.0,0.0
LNG,2026-08-07,254.75999450683594,P,260.0,1.0000000000000003e-05,1,0,0.0,0.0
LNG,2026-08-07,254.75999450683594,P,262.5,1.0000000000000003e-05,1,0,0.0,0.0
LNG,2026-08-07,254.75999450683594,P,265.0,1.0000000000000003e-05,10,0,0.0,0.0
LNG,2026-08-07,254.75999450683594,P,267.5,1.0000000000000003e-05,2,0,0.0,0.0
LNG,2026-08-07,254.75999450683594,P,270.0,1.0000000000000003e-05,10,0,0.0,0.0
LNG,2026-08-07,254.75999450683594,P,272.5,1.0000000000000003e-05,1,0,0.0,0.0
LNG,2026-08-07,254.75999450683594,P,335.0,1.0000000000000003e-05,1,0,0.0,0.0
LNG,2026-08-07,254.75999450683594,P,340.0,1.0000000000000003e-05,1,0,0.0,0.0
MNR,2026-08-21,13.220000267028809,C,2.5,15.78125013671875,2,0,8.6,12.7
MNR,2026-08-21,13.220000267028809,C,5.0,1.0000000000000003e-05,7,0,0.0,0.0
MNR,2026-08-21,13.220000267028809,C,7.5,1.0000000000000003e-05,1,0,0.0,0.0
MNR,2026-08-21,13.220000267028809,C,10.0,1.0000000000000003e-05,1,0,0.0,0.0
MNR,2026-08-21,13.220000267028809,C,12.5,1.0000000000000003e-05,3,0,0.0,0.0
MNR,2026-08-21,13.220000267028809,C,15.0,0.12500875,7,0,0.0,0.0
MNR,2026-08-21,13.220000267028809,C,17.5,0.2500075,2,0,0.0,0.0
MNR,2026-08-21,13.220000267028809,C,20.0,1.171879140625,5,12,0.0,0.15
MNR,2026-08-21,13.220000267028809,P,7.5,3.86718783203125,25,62,0.0,2.2
MNR,2026-08-21,13.220000267028809,P,10.0,0.2500075,50,0,0.0,0.0
MNR,2026-08-21,13.220000267028809,P,12.5,0.062509375,1,0,0.0,0.0
MNR,2026-08-21,13.220000267028809,P,15.0,1.0000000000000003e-05,1,0,0.0,0.0
MNR,2026-08-21,13.220000267028809,P,17.5,2.02344244140625,1,5,3.3,7.2
MNR,2026-08-21,13.220000267028809,P,20.0,3.3769546826171872,1,9,4.6,8.7
MNR,2026-08-21,13.220000267028809,P,22.5,1.78125109375,380,170,7.8,11.2
MNR,2026-08-21,13.220000267028809,P,25.0,4.054692431640625,14,11,9.7,13.7
CRVS,2026-08-21,13.930000305175781,C,4.0,1.0000000000000003e-05,2.0,0,0.0,0.0
CRVS,2026-08-21,13.930000305175781,C,5.0,1.0000000000000003e-05,2.0,0,0.0,0.0
CRVS,2026-08-21,13.930000305175781,C,6.0,1.0000000000000003e-05,,0,0.0,0.0
CRVS,2026-08-21,13.930000305175781,C,8.0,5.187503515625,,1,3.5,8.0
CRVS,2026-08-21,13.930000305175781,C,10.0,1.0000000000000003e-05,1.0,0,0.0,0.0
CRVS,2026-08-21,13.930000305175781,C,11.0,1.0000000000000003e-05,,0,0.0,0.0
CRVS,2026-08-21,13.930000305175781,C,12.0,1.0000000000000003e-05,1.0,0,0.0,0.0
CRVS,2026-08-21,13.930000305175781,C,13.0,1.0000000000000003e-05,1.0,0,0.0,0.0
CRVS,2026-08-21,13.930000305175781,C,14.0,0.007822421875,108.0,0,0.0,0.0
CRVS,2026-08-21,13.930000305175781,C,15.0,0.12500875,1.0,0,0.0,0.0
CRVS,2026-08-21,13.930000305175781,C,16.0,0.2500075,1.0,0,0.0,0.0
CRVS,2026-08-21,13.930000305175781,C,17.0,0.2500075,10.0,0,0.0,0.0
CRVS,2026-08-21,13.930000305175781,C,18.0,0.2500075,1.0,0,0.0,0.0
CRVS,2026-08-21,13.930000305175781,C,19.0,0.500005,20.0,0,0.0,0.0
CRVS,2026-08-21,13.930000305175781,C,20.0,0.500005,50.0,0,0.0,0.0
CRVS,2026-08-21,13.930000305175781,C,21.0,0.500005,1.0,0,0.0,0.0
CRVS,2026-08-21,13.930000305175781,P,5.0,0.500005,20.0,0,0.0,0.0
CRVS,2026-08-21,13.930000305175781,P,6.0,0.500005,,0,0.0,0.0
CRVS,2026-08-21,13.930000305175781,P,9.0,0.500005,,0,0.0,0.0
CRVS,2026-08-21,13.930000305175781,P,10.0,0.500005,18.0,0,0.0,0.0
CRVS,2026-08-21,13.930000305175781,P,11.0,0.2500075,4.0,0,0.0,0.0
CRVS,2026-08-21,13.930000305175781,P,12.0,0.2500075,10.0,0,0.0,0.0
CRVS,2026-08-21,13.930000305175781,P,13.0,0.12500875,12.0,0,0.0,0.0
CRVS,2026-08-21,13.930000305175781,P,14.0,1.0000000000000003e-05,4.0,0,0.0,0.0
CRVS,2026-08-21,13.930000305175781,P,15.0,1.0000000000000003e-05,1.0,0,0.0,0.0
CRVS,2026-08-21,13.930000305175781,P,16.0,1.0000000000000003e-05,1.0,0,0.0,0.0
CRVS,2026-08-21,13.930000305175781,P,18.0,1.0000000000000003e-05,1.0,0,0.0,0.0
CRVS,2026-08-21,13.930000305175781,P,19.0,1.0000000000000003e-05,3.0,0,0.0,0.0
CRVS,2026-08-21,13.930000305175781,P,20.0,1.0000000000000003e-05,1.0,0,0.0,0.0
BSY,2026-08-21,36.040000915527344,C,25.0,1.0000000000000003e-05,2.0,0,0.0,0.0
BSY,2026-08-21,36.040000915527344,C,30.0,1.0000000000000003e-05,19.0,0,0.0,0.0
BSY,2026-08-21,36.040000915527344,C,35.0,1.0000000000000003e-05,16.0,0,0.0,0.0
BSY,2026-08-21,36.040000915527344,C,40.0,0.12500875,22.0,0,0.0,0.0
BSY,2026-08-21,36.040000915527344,C,45.0,0.94726615234375,1.0,430,0.0,1.05
BSY,2026-08-21,36.040000915527344,C,50.0,1.5292992285156248,1.0,133,0.0,2.15
BSY,2026-08-21,36.040000915527344,C,55.0,0.500005,10.0,0,0.0,0.0
BSY,2026-08-21,36.040000915527344,C,60.0,0.500005,5.0,0,0.0,0.0
BSY,2026-08-21,36.040000915527344,P,17.5,2.3418010205078117,,1,0.0,0.75
BSY,2026-08-21,36.040000915527344,P,20.0,0.500005,1.0,0,0.0,0.0
BSY,2026-08-21,36.040000915527344,P,22.5,2.2871136572265627,1.0,8,0.0,2.3
BSY,2026-08-21,36.040000915527344,P,25.0,0.500005,2.0,0,0.0,0.0
BSY,2026-08-21,36.040000915527344,P,30.0,0.2500075,13.0,0,0.0,0.0
BSY,2026-08-21,36.040000915527344,P,35.0,0.0312596875,17.0,0,0.0,0.0
BSY,2026-08-21,36.040000915527344,P,40.0,2.0410205224609372,2.0,19,7.3,9.9
BSY,2026-08-21,36.040000915527344,P,45.0,1.9633790893554686,,1,10.6,13.4
BSY,2026-08-21,36.040000915527344,P,50.0,1.0000000000000003e-05,,2,8.9,12.3
ARBE,2026-08-21,0.7059999704360962,C,0.5,1.0000000000000003e-05,24,0,0.0,0.0
ARBE,2026-08-21,0.7059999704360962,C,1.0,0.500005,1027,0,0.0,0.0
ARBE,2026-08-21,0.7059999704360962,C,1.5,0.500005,1,0,0.0,0.0
ARBE,2026-08-21,0.7059999704360962,C,2.0,0.500005,2,0,0.0,0.0
ARBE,2026-08-21,0.7059999704360962,C,3.0,0.500005,1,0,0.0,0.0
ARBE,2026-08-21,0.7059999704360962,C,4.0,0.500005,10,0,0.0,0.0
ARBE,2026-08-21,0.7059999704360962,C,5.0,5.12500359375,1,1706,0.0,0.05
ARBE,2026-08-21,0.7059999704360962,P,0.5,0.500005,10,0,0.0,0.0
ARBE,2026-08-21,0.7059999704360962,P,1.0,1.0000000000000003e-05,50,0,0.0,0.0
ARBE,2026-08-21,0.7059999704360962,P,1.5,1.0000000000000003e-05,1,0,0.0,0.0
ARBE,2026-08-21,0.7059999704360962,P,2.0,1.0000000000000003e-05,1,0,0.0,0.0
ARBE,2026-08-21,0.7059999704360962,P,3.0,1.0000000000000003e-05,4,0,0.0,0.0
ARBE,2026-08-21,0.7059999704360962,P,4.0,6.7500015625000005,1,6,3.1,3.4
SPT,2026-08-21,8.630000114440918,C,7.5,1.0000000000000003e-05,144,0,0.0,0.0
SPT,2026-08-21,8.630000114440918,C,10.0,0.2500075,1,0,0.0,0.0
SPT,2026-08-21,8.630000114440918,C,12.5,0.500005,2,0,0.0,0.0
SPT,2026-08-21,8.630000114440918,P,5.0,0.500005,1,0,0.0,0.0
SPT,2026-08-21,8.630000114440918,P,7.5,0.2500075,33,0,0.0,0.0
SPT,2026-08-21,8.630000114440918,P,10.0,1.0000000000000003e-05,4,0,0.0,0.0
QBTS,2026-08-07,21.389999389648438,C,11.0,1.0000000000000003e-05,6.0,0,0.0,0.0
QBTS,2026-08-07,21.389999389648438,C,11.5,1.0000000000000003e-05,54.0,0,0.0,0.0
QBTS,2026-08-07,21.389999389648438,C,12.0,1.0000000000000003e-05,1.0,0,0.0,0.0
QBTS,2026-08-07,21.389999389648438,C,12.5,1.0000000000000003e-05,50.0,0,0.0,0.0
QBTS,2026-08-07,21.389999389648438,C,13.0,1.0000000000000003e-05,3.0,0,0.0,0.0
QBTS,2026-08-07,21.389999389648438,C,13.5,1.0000000000000003e-05,2.0,0,0.0,0.0
QBTS,2026-08-07,21.389999389648438,C,14.0,1.0000000000000003e-05,4.0,0,0.0,0.0
QBTS,2026-08-07,21.389999389648438,C,14.5,1.0000000000000003e-05,6.0,0,0.0,0.0
QBTS,2026-08-07,21.389999389648438,C,15.0,1.0000000000000003e-05,17.0,0,0.0,0.0
QBTS,2026-08-07,21.389999389648438,C,15.5,1.0000000000000003e-05,7.0,0,0.0,0.0
QBTS,2026-08-07,21.389999389648438,C,16.0,1.0000000000000003e-05,51.0,0,0.0,0.0
QBTS,2026-08-07,21.389999389648438,C,16.5,0.062509375,51.0,0,0.0,0.0
QBTS,2026-08-07,21.389999389648438,C,17.0,0.2500075,1053.0,0,0.0,0.0
QBTS,2026-08-07,21.389999389648438,C,17.5,0.2500075,13.0,0,0.0,0.0
QBTS,2026-08-07,21.389999389648438,C,18.0,0.500005,40.0,0,0.0,0.0
QBTS,2026-08-07,21.389999389648438,C,18.5,0.500005,62.0,0,0.0,0.0
QBTS,2026-08-07,21.389999389648438,C,19.0,0.500005,411.0,0,0.0,0.0
QBTS,2026-08-07,21.389999389648438,C,19.5,0.500005,125.0,0,0.0,0.0
QBTS,2026-08-07,21.389999389648438,C,20.0,0.500005,287.0,0,0.0,0.0
QBTS,2026-08-07,21.389999389648438,C,20.5,0.500005,221.0,0,0.0,0.0
QBTS,2026-08-07,21.389999389648438,C,21.0,0.500005,599.0,0,0.0,0.0
QBTS,2026-08-07,21.389999389648438,C,21.5,0.500005,1542.0,0,0.0,0.0
QBTS,2026-08-07,21.389999389648438,C,22.0,0.500005,1628.0,0,0.0,0.0
QBTS,2026-08-07,21.389999389648438,C,22.5,0.500005,283.0,0,0.0,0.0
QBTS,2026-08-07,21.389999389648438,C,23.0,0.500005,1493.0,0,0.0,0.0
QBTS,2026-08-07,21.389999389648438,C,23.5,0.500005,662.0,0,0.0,0.0
QBTS,2026-08-07,21.389999389648438,C,24.0,0.500005,666.0,0,0.0,0.0
QBTS,2026-08-07,21.389999389648438,C,24.5,0.500005,135.0,0,0.0,0.0
QBTS,2026-08-07,21.389999389648438,C,25.0,0.500005,1558.0,0,0.0,0.0
QBTS,2026-08-07,21.389999389648438,C,25.5,0.500005,130.0,0,0.0,0.0
QBTS,2026-08-07,21.389999389648438,C,26.0,0.500005,233.0,0,0.0,0.0
QBTS,2026-08-07,21.389999389648438,C,26.5,0.500005,111.0,0,0.0,0.0
QBTS,2026-08-07,21.389999389648438,C,27.0,0.500005,300.0,0,0.0,0.0
QBTS,2026-08-07,21.389999389648438,C,27.5,0.500005,15.0,0,0.0,0.0
QBTS,2026-08-07,21.389999389648438,C,28.0,0.500005,78.0,0,0.0,0.0
QBTS,2026-08-07,21.389999389648438,C,29.0,0.500005,110.0,0,0.0,0.0
QBTS,2026-08-07,21.389999389648438,C,30.0,1.000005,188.0,0,0.0,0.0
QBTS,2026-08-07,21.389999389648438,C,31.0,0.500005,1.0,0,0.0,0.0
QBTS,2026-08-07,21.389999389648438,C,32.0,0.500005,1.0,0,0.0,0.0
QBTS,2026-08-07,21.389999389648438,C,35.0,0.500005,43.0,0,0.0,0.0
QBTS,2026-08-07,21.389999389648438,P,11.0,0.500005,,0,0.0,0.0
QBTS,2026-08-07,21.389999389648438,P,11.5,0.500005,4.0,0,0.0,0.0
QBTS,2026-08-07,21.389999389648438,P,12.0,0.500005,61.0,0,0.0,0.0
QBTS,2026-08-07,21.389999389648438,P,12.5,0.500005,1.0,0,0.0,0.0
QBTS,2026-08-07,21.389999389648438,P,13.0,0.500005,1.0,0,0.0,0.0
QBTS,2026-08-07,21.389999389648438,P,13.5,0.500005,3.0,0,0.0,0.0
QBTS,2026-08-07,21.389999389648438,P,14.0,0.500005,17.0,0,0.0,0.0
QBTS,2026-08-07,21.389999389648438,P,14.5,0.500005,1.0,0,0.0,0.0
QBTS,2026-08-07,21.389999389648438,P,15.0,0.2500075,13.0,0,0.0,0.0
QBTS,2026-08-07,21.389999389648438,P,15.5,0.2500075,2.0,0,0.0,0.0
QBTS,2026-08-07,21.389999389648438,P,16.0,0.062509375,64.0,0,0.0,0.0
QBTS,2026-08-07,21.389999389648438,P,16.5,1.0000000000000003e-05,11.0,0,0.0,0.0
QBTS,2026-08-07,21.389999389648438,P,17.0,1.0000000000000003e-05,39.0,0,0.0,0.0
QBTS,2026-08-07,21.389999389648438,P,17.5,1.0000000000000003e-05,332.0,0,0.0,0.0
QBTS,2026-08-07,21.389999389648438,P,18.0,1.0000000000000003e-05,1100.0,0,0.0,0.0
QBTS,2026-08-07,21.389999389648438,P,18.5,1.0000000000000003e-05,531.0,0,0.0,0.0
QBTS,2026-08-07,21.389999389648438,P,19.0,1.0000000000000003e-05,290.0,0,0.0,0.0
QBTS,2026-08-07,21.389999389648438,P,19.5,1.0000000000000003e-05,340.0,0,0.0,0.0
QBTS,2026-08-07,21.389999389648438,P,20.0,1.0000000000000003e-05,357.0,0,0.0,0.0
QBTS,2026-08-07,21.389999389648438,P,20.5,1.0000000000000003e-05,192.0,0,0.0,0.0
QBTS,2026-08-07,21.389999389648438,P,21.0,1.0000000000000003e-05,658.0,0,0.0,0.0
QBTS,2026-08-07,21.389999389648438,P,21.5,1.0000000000000003e-05,993.0,0,0.0,0.0
QBTS,2026-08-07,21.389999389648438,P,22.0,1.0000000000000003e-05,103.0,0,0.0,0.0
QBTS,2026-08-07,21.389999389648438,P,22.5,1.0000000000000003e-05,42.0,0,0.0,0.0
QBTS,2026-08-07,21.389999389648438,P,23.0,1.0000000000000003e-05,60.0,0,0.0,0.0
QBTS,2026-08-07,21.389999389648438,P,23.5,1.0000000000000003e-05,12.0,0,0.0,0.0
QBTS,2026-08-07,21.389999389648438,P,24.0,1.0000000000000003e-05,7.0,0,0.0,0.0
QBTS,2026-08-07,21.389999389648438,P,24.5,1.0000000000000003e-05,1.0,0,0.0,0.0
QBTS,2026-08-07,21.389999389648438,P,25.0,1.0000000000000003e-05,3.0,0,0.0,0.0
QBTS,2026-08-07,21.389999389648438,P,25.5,1.0000000000000003e-05,1.0,0,0.0,0.0
QBTS,2026-08-07,21.389999389648438,P,26.0,1.0000000000000003e-05,1.0,0,0.0,0.0
QBTS,2026-08-07,21.389999389648438,P,26.5,1.0000000000000003e-05,3.0,0,0.0,0.0
QBTS,2026-08-07,21.389999389648438,P,27.0,1.0000000000000003e-05,5.0,0,0.0,0.0
QBTS,2026-08-07,21.389999389648438,P,27.5,1.0000000000000003e-05,2.0,0,0.0,0.0
QBTS,2026-08-07,21.389999389648438,P,28.0,1.0000000000000003e-05,3.0,0,0.0,0.0
QBTS,2026-08-07,21.389999389648438,P,29.0,1.0000000000000003e-05,2.0,0,0.0,0.0
QBTS,2026-08-07,21.389999389648438,P,29.5,1.0000000000000003e-05,5.0,0,0.0,0.0
QBTS,2026-08-07,21.389999389648438,P,30.0,1.0000000000000003e-05,3.0,0,0.0,0.0
QBTS,2026-08-07,21.389999389648438,P,30.5,1.0000000000000003e-05,2.0,0,0.0,0.0
QBTS,2026-08-07,21.389999389648438,P,31.0,1.0000000000000003e-05,2.0,0,0.0,0.0
QBTS,2026-08-07,21.389999389648438,P,35.0,1.0000000000000003e-05,2.0,0,0.0,0.0
AIP,2026-08-21,30.93000030517578,C,22.5,1.0000000000000003e-05,1.0,0,0.0,0.0
AIP,2026-08-21,30.93000030517578,C,25.0,1.0000000000000003e-05,1.0,0,0.0,0.0
AIP,2026-08-21,30.93000030517578,C,30.0,1.0000000000000003e-05,10.0,0,0.0,0.0
AIP,2026-08-21,30.93000030517578,C,35.0,0.12500875,27.0,0,0.0,0.0
AIP,2026-08-21,30.93000030517578,C,40.0,0.2500075,5.0,0,0.0,0.0
AIP,2026-08-21,30.93000030517578,C,45.0,0.500005,4.0,0,0.0,0.0
AIP,2026-08-21,30.93000030517578,C,50.0,0.500005,20.0,0,0.0,0.0
AIP,2026-08-21,30.93000030517578,C,55.0,0.500005,5.0,0,0.0,0.0
AIP,2026-08-21,30.93000030517578,C,60.0,0.500005,20.0,0,0.0,0.0
AIP,2026-08-21,30.93000030517578,C,65.0,0.500005,107.0,0,0.0,0.0
AIP,2026-08-21,30.93000030517578,P,20.0,0.500005,,0,0.0,0.0
AIP,2026-08-21,30.93000030517578,P,22.5,0.500005,1.0,0,0.0,0.0
AIP,2026-08-21,30.93000030517578,P,25.0,0.2500075,9.0,0,0.0,0.0
AIP,2026-08-21,30.93000030517578,P,30.0,0.0312596875,2.0,0,0.0,0.0
AIP,2026-08-21,30.93000030517578,P,35.0,1.0000000000000003e-05,1.0,0,0.0,0.0
AIP,2026-08-21,30.93000030517578,P,40.0,1.0000000000000003e-05,1.0,0,0.0,0.0
AIP,2026-08-21,30.93000030517578,P,45.0,1.0000000000000003e-05,1.0,0,0.0,0.0
AIP,2026-08-21,30.93000030517578,P,50.0,1.0000000000000003e-05,6.0,0,0.0,0.0
AIP,2026-08-21,30.93000030517578,P,55.0,1.0000000000000003e-05,,0,0.0,0.0
GLIBK,2026-08-21,23.489999771118164,C,22.5,1.0000000000000003e-05,,0,0.0,0.0
GLIBK,2026-08-21,23.489999771118164,C,25.0,0.062509375,3399.0,0,0.0,0.0
GLIBK,2026-08-21,23.489999771118164,C,30.0,0.2500075,3382.0,0,0.0,0.0
GLIBK,2026-08-21,23.489999771118164,P,20.0,0.2500075,10.0,0,0.0,0.0
GLIBK,2026-08-21,23.489999771118164,P,22.5,0.062509375,,0,0.0,0.0
GLIBK,2026-08-21,23.489999771118164,P,25.0,1.0000000000000003e-05,,0,0.0,0.0
EGY,2026-08-21,5.150000095367432,C,3.0,1.0000000000000003e-05,20.0,0,0.0,0.0
EGY,2026-08-21,5.150000095367432,C,4.0,1.0000000000000003e-05,34.0,0,0.0,0.0
EGY,2026-08-21,5.150000095367432,C,5.0,1.0000000000000003e-05,7.0,0,0.0,0.0
EGY,2026-08-21,5.150000095367432,C,6.0,0.2500075,38.0,0,0.0,0.0
EGY,2026-08-21,5.150000095367432,C,7.0,0.500005,2.0,0,0.0,0.0
EGY,2026-08-21,5.150000095367432,C,8.0,0.500005,,0,0.0,0.0
EGY,2026-08-21,5.150000095367432,P,4.0,0.2500075,2.0,0,0.0,0.0
EGY,2026-08-21,5.150000095367432,P,5.0,0.062509375,22.0,0,0.0,0.0
EGY,2026-08-21,5.150000095367432,P,6.0,1.0000000000000003e-05,10.0,0,0.0,0.0
EGY,2026-08-21,5.150000095367432,P,7.0,1.0000000000000003e-05,,0,0.0,0.0
XMAX,2026-09-18,9.130000114440918,P,10.0,1.0000000000000003e-05,1.0,0.0,0.0,0.0
MATW,2026-08-21,27.469999313354492,C,27.5,0.0039162109375,2,0,0.0,0.0
MATW,2026-08-21,27.469999313354492,C,30.0,0.12500875,6,0,0.0,0.0
MATW,2026-08-21,27.469999313354492,C,32.5,0.2500075,1,0,0.0,0.0
MATW,2026-08-21,27.469999313354492,P,20.0,0.500005,1,0,0.0,0.0
MATW,2026-08-21,27.469999313354492,P,22.5,1.46484642578125,80,402,0.0,2.35
MATW,2026-08-21,27.469999313354492,P,25.0,1.1660197949218751,1,3,0.5,2.5
MATW,2026-08-21,27.469999313354492,P,27.5,1.0000000000000003e-05,60,0,0.0,0.0
OFRM,2026-08-21,17.219999313354492,C,15.0,1.0000000000000003e-05,24.0,0,0.0,0.0
OFRM,2026-08-21,17.219999313354492,C,17.5,0.0312596875,1.0,0,0.0,0.0
OFRM,2026-08-21,17.219999313354492,C,20.0,0.2500075,17.0,0,0.0,0.0
OFRM,2026-08-21,17.219999313354492,C,22.5,0.2500075,,0,0.0,0.0
OFRM,2026-08-21,17.219999313354492,C,25.0,0.500005,2.0,0,0.0,0.0
OFRM,2026-08-21,17.219999313354492,P,12.5,0.500005,,0,0.0,0.0
OFRM,2026-08-21,17.219999313354492,P,15.0,0.12500875,15.0,0,0.0,0.0
OFRM,2026-08-21,17.219999313354492,P,17.5,1.0000000000000003e-05,90.0,0,0.0,0.0
OFRM,2026-08-21,17.219999313354492,P,20.0,1.0000000000000003e-05,1.0,0,0.0,0.0
OFRM,2026-08-21,17.219999313354492,P,22.5,1.0000000000000003e-05,,0,0.0,0.0
ABNB,2026-08-07,152.49000549316406,C,90.0,1.0000000000000003e-05,,0,0.0,0.0
ABNB,2026-08-07,152.49000549316406,C,95.0,1.0000000000000003e-05,2.0,0,0.0,0.0
ABNB,2026-08-07,152.49000549316406,C,110.0,1.0000000000000003e-05,6.0,0,0.0,0.0
ABNB,2026-08-07,152.49000549316406,C,115.0,1.0000000000000003e-05,2.0,0,0.0,0.0
ABNB,2026-08-07,152.49000549316406,C,120.0,1.0000000000000003e-05,6.0,0,0.0,0.0
ABNB,2026-08-07,152.49000549316406,C,125.0,1.0000000000000003e-05,6.0,0,0.0,0.0
ABNB,2026-08-07,152.49000549316406,C,130.0,1.0000000000000003e-05,2.0,0,0.0,0.0
ABNB,2026-08-07,152.49000549316406,C,132.0,1.0000000000000003e-05,1.0,0,0.0,0.0
ABNB,2026-08-07,152.49000549316406,C,133.0,1.0000000000000003e-05,1.0,0,0.0,0.0
ABNB,2026-08-07,152.49000549316406,C,134.0,1.0000000000000003e-05,1.0,0,0.0,0.0
ABNB,2026-08-07,152.49000549316406,C,135.0,1.0000000000000003e-05,11.0,0,0.0,0.0
ABNB,2026-08-07,152.49000549316406,C,137.0,1.0000000000000003e-05,2.0,0,0.0,0.0
ABNB,2026-08-07,152.49000549316406,C,138.0,1.0000000000000003e-05,4.0,0,0.0,0.0
ABNB,2026-08-07,152.49000549316406,C,139.0,1.0000000000000003e-05,2.0,0,0.0,0.0
ABNB,2026-08-07,152.49000549316406,C,140.0,1.0000000000000003e-05,5.0,0,0.0,0.0
ABNB,2026-08-07,152.49000549316406,C,141.0,1.0000000000000003e-05,1.0,0,0.0,0.0
ABNB,2026-08-07,152.49000549316406,C,142.0,1.0000000000000003e-05,2.0,0,0.0,0.0
ABNB,2026-08-07,152.49000549316406,C,143.0,1.0000000000000003e-05,1.0,0,0.0,0.0
ABNB,2026-08-07,152.49000549316406,C,144.0,1.0000000000000003e-05,1.0,0,0.0,0.0
ABNB,2026-08-07,152.49000549316406,C,145.0,1.0000000000000003e-05,4.0,0,0.0,0.0
ABNB,2026-08-07,152.49000549316406,C,146.0,1.0000000000000003e-05,2.0,0,0.0,0.0
ABNB,2026-08-07,152.49000549316406,C,147.0,1.0000000000000003e-05,1.0,0,0.0,0.0
ABNB,2026-08-07,152.49000549316406,C,148.0,1.0000000000000003e-05,5.0,0,0.0,0.0
ABNB,2026-08-07,152.49000549316406,C,149.0,1.0000000000000003e-05,11.0,0,0.0,0.0
ABNB,2026-08-07,152.49000549316406,C,150.0,1.0000000000000003e-05,113.0,0,0.0,0.0
ABNB,2026-08-07,152.49000549316406,C,152.5,0.0004982763671875,197.0,0,0.0,0.0
ABNB,2026-08-07,152.49000549316406,C,155.0,0.062509375,138.0,0,0.0,0.0
ABNB,2026-08-07,152.49000549316406,C,157.5,0.12500875,260.0,0,0.0,0.0
ABNB,2026-08-07,152.49000549316406,C,160.0,0.12500875,197.0,0,0.0,0.0
ABNB,2026-08-07,152.49000549316406,C,162.5,0.2500075,141.0,0,0.0,0.0
ABNB,2026-08-07,152.49000549316406,C,165.0,0.2500075,494.0,0,0.0,0.0
ABNB,2026-08-07,152.49000549316406,C,167.5,0.2500075,30.0,0,0.0,0.0
ABNB,2026-08-07,152.49000549316406,C,170.0,0.2500075,154.0,0,0.0,0.0
ABNB,2026-08-07,152.49000549316406,C,172.5,0.500005,125.0,0,0.0,0.0
ABNB,2026-08-07,152.49000549316406,C,175.0,0.500005,49.0,0,0.0,0.0
ABNB,2026-08-07,152.49000549316406,C,177.5,0.500005,6.0,0,0.0,0.0
ABNB,2026-08-07,152.49000549316406,C,180.0,0.500005,2.0,0,0.0,0.0
ABNB,2026-08-07,152.49000549316406,P,85.0,1.000005,38.0,0,0.0,0.0
ABNB,2026-08-07,152.49000549316406,P,90.0,0.500005,,0,0.0,0.0
ABNB,2026-08-07,152.49000549316406,P,100.0,0.500005,,0,0.0,0.0
ABNB,2026-08-07,152.49000549316406,P,115.0,0.500005,1.0,0,0.0,0.0
ABNB,2026-08-07,152.49000549316406,P,120.0,0.500005,1.0,0,0.0,0.0
ABNB,2026-08-07,152.49000549316406,P,123.0,0.500005,13.0,0,0.0,0.0
ABNB,2026-08-07,152.49000549316406,P,125.0,0.500005,57.0,0,0.0,0.0
ABNB,2026-08-07,152.49000549316406,P,127.0,0.500005,2.0,0,0.0,0.0
ABNB,2026-08-07,152.49000549316406,P,128.0,0.500005,114.0,0,0.0,0.0
ABNB,2026-08-07,152.49000549316406,P,129.0,0.500005,1.0,0,0.0,0.0
ABNB,2026-08-07,152.49000549316406,P,130.0,0.500005,143.0,0,0.0,0.0
ABNB,2026-08-07,152.49000549316406,P,131.0,0.500005,3.0,0,0.0,0.0
ABNB,2026-08-07,152.49000549316406,P,132.0,0.500005,1.0,0,0.0,0.0
ABNB,2026-08-07,152.49000549316406,P,133.0,0.500005,20.0,0,0.0,0.0
ABNB,2026-08-07,152.49000549316406,P,134.0,0.500005,17.0,0,0.0,0.0
ABNB,2026-08-07,152.49000549316406,P,135.0,0.500005,222.0,0,0.0,0.0
ABNB,2026-08-07,152.49000549316406,P,136.0,0.2500075,39.0,0,0.0,0.0
ABNB,2026-08-07,152.49000549316406,P,137.0,0.2500075,22.0,0,0.0,0.0
ABNB,2026-08-07,152.49000549316406,P,138.0,0.2500075,34.0,0,0.0,0.0
ABNB,2026-08-07,152.49000549316406,P,139.0,0.2500075,55.0,0,0.0,0.0
ABNB,2026-08-07,152.49000549316406,P,140.0,0.2500075,62.0,0,0.0,0.0
ABNB,2026-08-07,152.49000549316406,P,141.0,0.2500075,58.0,0,0.0,0.0
ABNB,2026-08-07,152.49000549316406,P,142.0,0.2500075,146.0,0,0.0,0.0
ABNB,2026-08-07,152.49000549316406,P,143.0,0.2500075,6.0,0,0.0,0.0
ABNB,2026-08-07,152.49000549316406,P,144.0,0.2500075,10.0,0,0.0,0.0
ABNB,2026-08-07,152.49000549316406,P,145.0,0.12500875,216.0,0,0.0,0.0
ABNB,2026-08-07,152.49000549316406,P,146.0,0.12500875,13.0,0,0.0,0.0
ABNB,2026-08-07,152.49000549316406,P,147.0,0.12500875,6.0,0,0.0,0.0
ABNB,2026-08-07,152.49000549316406,P,148.0,0.12500875,355.0,0,0.0,0.0
ABNB,2026-08-07,152.49000549316406,P,149.0,0.062509375,33.0,0,0.0,0.0
ABNB,2026-08-07,152.49000549316406,P,150.0,0.062509375,316.0,0,0.0,0.0
ABNB,2026-08-07,152.49000549316406,P,152.5,1.0000000000000003e-05,114.0,0,0.0,0.0
ABNB,2026-08-07,152.49000549316406,P,155.0,1.0000000000000003e-05,15.0,0,0.0,0.0
ABNB,2026-08-07,152.49000549316406,P,160.0,1.0000000000000003e-05,3.0,0,0.0,0.0
NTLA,2026-08-21,10.970000267028809,C,6.0,1.0000000000000003e-05,,0,0.0,0.0
NTLA,2026-08-21,10.970000267028809,C,7.0,1.0000000000000003e-05,2.0,0,0.0,0.0
NTLA,2026-08-21,10.970000267028809,C,8.0,1.0000000000000003e-05,2.0,0,0.0,0.0
NTLA,2026-08-21,10.970000267028809,C,9.0,1.0000000000000003e-05,6.0,0,0.0,0.0
NTLA,2026-08-21,10.970000267028809,C,10.0,1.0000000000000003e-05,13.0,0,0.0,0.0
NTLA,2026-08-21,10.970000267028809,C,11.0,0.007822421875,191.0,0,0.0,0.0
NTLA,2026-08-21,10.970000267028809,C,12.0,0.12500875,26.0,0,0.0,0.0
NTLA,2026-08-21,10.970000267028809,C,13.0,0.2500075,177.0,0,0.0,0.0
NTLA,2026-08-21,10.970000267028809,C,14.0,0.2500075,9.0,0,0.0,0.0
NTLA,2026-08-21,10.970000267028809,C,15.0,0.500005,11.0,0,0.0,0.0
NTLA,2026-08-21,10.970000267028809,C,16.0,0.500005,2.0,0,0.0,0.0
NTLA,2026-08-21,10.970000267028809,C,17.0,0.500005,11.0,0,0.0,0.0
NTLA,2026-08-21,10.970000267028809,C,18.0,0.500005,32.0,0,0.0,0.0
NTLA,2026-08-21,10.970000267028809,C,19.0,0.500005,3.0,0,0.0,0.0
NTLA,2026-08-21,10.970000267028809,C,20.0,0.500005,2.0,0,0.0,0.0
NTLA,2026-08-21,10.970000267028809,C,21.0,0.500005,3.0,0,0.0,0.0
NTLA,2026-08-21,10.970000267028809,C,22.0,0.500005,1.0,0,0.0,0.0
NTLA,2026-08-21,10.970000267028809,C,23.0,0.500005,5.0,0,0.0,0.0
NTLA,2026-08-21,10.970000267028809,C,25.0,0.500005,97.0,0,0.0,0.0
NTLA,2026-08-21,10.970000267028809,C,30.0,0.500005,5.0,0,0.0,0.0
NTLA,2026-08-21,10.970000267028809,P,7.0,0.500005,2.0,0,0.0,0.0
NTLA,2026-08-21,10.970000267028809,P,8.0,0.500005,40.0,0,0.0,0.0
NTLA,2026-08-21,10.970000267028809,P,9.0,0.2500075,4.0,0,0.0,0.0
NTLA,2026-08-21,10.970000267028809,P,10.0,0.12500875,197.0,0,0.0,0.0
NTLA,2026-08-21,10.970000267028809,P,11.0,1.0000000000000003e-05,67.0,0,0.0,0.0
NTLA,2026-08-21,10.970000267028809,P,12.0,1.0000000000000003e-05,2.0,0,0.0,0.0
NTLA,2026-08-21,10.970000267028809,P,13.0,1.0000000000000003e-05,13.0,0,0.0,0.0
NTLA,2026-08-21,10.970000267028809,P,14.0,1.0000000000000003e-05,35.0,0,0.0,0.0
NTLA,2026-08-21,10.970000267028809,P,15.0,1.0000000000000003e-05,1.0,0,0.0,0.0
NTLA,2026-08-21,10.970000267028809,P,16.0,1.0000000000000003e-05,1.0,0,0.0,0.0
NTLA,2026-08-21,10.970000267028809,P,17.0,1.0000000000000003e-05,8.0,0,0.0,0.0
NTLA,2026-08-21,10.970000267028809,P,18.0,1.0000000000000003e-05,8.0,0,0.0,0.0
NTLA,2026-08-21,10.970000267028809,P,19.0,1.0000000000000003e-05,4.0,0,0.0,0.0
NTLA,2026-08-21,10.970000267028809,P,20.0,1.0000000000000003e-05,10.0,0,0.0,0.0
NTLA,2026-08-21,10.970000267028809,P,22.0,1.0000000000000003e-05,2.0,0,0.0,0.0
NTLA,2026-08-21,10.970000267028809,P,23.0,1.0000000000000003e-05,2.0,0,0.0,0.0
NTLA,2026-08-21,10.970000267028809,P,25.0,1.0000000000000003e-05,,0,0.0,0.0
NTLA,2026-08-21,10.970000267028809,P,30.0,1.0000000000000003e-05,6.0,0,0.0,0.0
MMS,2026-08-21,63.150001525878906,C,50.0,1.0000000000000003e-05,,0,0.0,0.0
MMS,2026-08-21,63.150001525878906,C,55.0,1.0000000000000003e-05,4.0,0,0.0,0.0
MMS,2026-08-21,63.150001525878906,C,60.0,1.0000000000000003e-05,2.0,0,0.0,0.0
MMS,2026-08-21,63.150001525878906,C,65.0,0.0312596875,1.0,0,0.0,0.0
MMS,2026-08-21,63.150001525878906,C,85.0,0.2500075,1.0,0,0.0,0.0
MMS,2026-08-21,63.150001525878906,P,45.0,0.500005,40.0,0,0.0,0.0
MMS,2026-08-21,63.150001525878906,P,50.0,0.2500075,1.0,0,0.0,0.0
MMS,2026-08-21,63.150001525878906,P,55.0,0.12500875,47.0,0,0.0,0.0
MMS,2026-08-21,63.150001525878906,P,60.0,0.062509375,1.0,0,0.0,0.0
FNKO,2026-08-21,5.630000114440918,C,2.5,1.0000000000000003e-05,2,0,0.0,0.0
FNKO,2026-08-21,5.630000114440918,C,5.0,1.0000000000000003e-05,25,0,0.0,0.0
FNKO,2026-08-21,5.630000114440918,C,7.5,0.500005,1,0,0.0,0.0
FNKO,2026-08-21,5.630000114440918,C,10.0,0.500005,1,0,0.0,0.0
FNKO,2026-08-21,5.630000114440918,P,2.5,0.500005,1,0,0.0,0.0
FNKO,2026-08-21,5.630000114440918,P,5.0,0.12500875,20,0,0.0,0.0
FNKO,2026-08-21,5.630000114440918,P,7.5,1.0000000000000003e-05,30,0,0.0,0.0
INGN,2026-08-21,6.559999942779541,C,7.5,0.2500075,13.0,0,0.0,0.0
INGN,2026-08-21,6.559999942779541,C,12.5,0.500005,7.0,0,0.0,0.0
INGN,2026-08-21,6.559999942779541,P,7.5,1.0000000000000003e-05,5.0,0,0.0,0.0
INGN,2026-08-21,6.559999942779541,P,10.0,1.0000000000000003e-05,,0,0.0,0.0
COLD,2026-08-21,14.029999732971191,C,2.5,1.0000000000000003e-05,126.0,0,0.0,0.0
COLD,2026-08-21,14.029999732971191,C,5.0,1.0000000000000003e-05,52.0,0,0.0,0.0
COLD,2026-08-21,14.029999732971191,C,7.5,1.0000000000000003e-05,,0,0.0,0.0
COLD,2026-08-21,14.029999732971191,C,12.5,1.0000000000000003e-05,30.0,0,0.0,0.0
COLD,2026-08-21,14.029999732971191,C,15.0,0.12500875,247.0,0,0.0,0.0
COLD,2026-08-21,14.029999732971191,C,17.5,0.2500075,1.0,0,0.0,0.0
COLD,2026-08-21,14.029999732971191,C,20.0,0.500005,3.0,0,0.0,0.0
COLD,2026-08-21,14.029999732971191,C,22.5,0.500005,,0,0.0,0.0
COLD,2026-08-21,14.029999732971191,P,5.0,0.500005,,0,0.0,0.0
COLD,2026-08-21,14.029999732971191,P,7.5,0.500005,,0,0.0,0.0
COLD,2026-08-21,14.029999732971191,P,10.0,0.500005,1.0,0,0.0,0.0
COLD,2026-08-21,14.029999732971191,P,12.5,0.12500875,11.0,0,0.0,0.0
COLD,2026-08-21,14.029999732971191,P,15.0,1.0000000000000003e-05,10.0,0,0.0,0.0
COLD,2026-08-21,14.029999732971191,P,17.5,1.0000000000000003e-05,1.0,0,0.0,0.0
GSAT,2026-08-21,83.44999694824219,C,65.0,1.0000000000000003e-05,,0,0.0,0.0
GSAT,2026-08-21,83.44999694824219,C,70.0,1.0000000000000003e-05,,0,0.0,0.0
GSAT,2026-08-21,83.44999694824219,C,72.5,1.0000000000000003e-05,17.0,0,0.0,0.0
GSAT,2026-08-21,83.44999694824219,C,77.5,1.0000000000000003e-05,35.0,0,0.0,0.0
GSAT,2026-08-21,83.44999694824219,C,80.0,1.0000000000000003e-05,9.0,0,0.0,0.0
GSAT,2026-08-21,83.44999694824219,C,82.5,1.0000000000000003e-05,7.0,0,0.0,0.0
GSAT,2026-08-21,83.44999694824219,C,85.0,0.0312596875,10.0,0,0.0,0.0
GSAT,2026-08-21,83.44999694824219,C,87.5,0.062509375,14.0,0,0.0,0.0
GSAT,2026-08-21,83.44999694824219,C,90.0,0.062509375,1.0,0,0.0,0.0
GSAT,2026-08-21,83.44999694824219,C,95.0,0.12500875,13.0,0,0.0,0.0
GSAT,2026-08-21,83.44999694824219,C,100.0,0.2500075,23.0,0,0.0,0.0
GSAT,2026-08-21,83.44999694824219,C,105.0,0.2500075,70.0,0,0.0,0.0
GSAT,2026-08-21,83.44999694824219,P,60.0,0.2500075,,0,0.0,0.0
GSAT,2026-08-21,83.44999694824219,P,70.0,0.2500075,1.0,0,0.0,0.0
GSAT,2026-08-21,83.44999694824219,P,72.5,0.12500875,1.0,0,0.0,0.0
GSAT,2026-08-21,83.44999694824219,P,75.0,0.12500875,1.0,0,0.0,0.0
GSAT,2026-08-21,83.44999694824219,P,77.5,0.062509375,18.0,0,0.0,0.0
GSAT,2026-08-21,83.44999694824219,P,80.0,0.062509375,19.0,0,0.0,0.0
GSAT,2026-08-21,83.44999694824219,P,82.5,0.015634843750000002,2.0,0,0.0,0.0
GSAT,2026-08-21,83.44999694824219,P,85.0,1.0000000000000003e-05,1.0,0,0.0,0.0
UA,2026-08-21,6.610000133514404,C,2.5,1.0000000000000003e-05,1.0,0,0.0,0.0
UA,2026-08-21,6.610000133514404,C,5.0,1.0000000000000003e-05,6.0,0,0.0,0.0
UA,2026-08-21,6.610000133514404,C,7.5,0.2500075,2.0,0,0.0,0.0
UA,2026-08-21,6.610000133514404,C,10.0,0.500005,,0,0.0,0.0
UA,2026-08-21,6.610000133514404,P,2.5,0.500005,,0,0.0,0.0
UA,2026-08-21,6.610000133514404,P,5.0,0.500005,1.0,0,0.0,0.0
UA,2026-08-21,6.610000133514404,P,7.5,1.0000000000000003e-05,10.0,0,0.0,0.0
SPH,2026-08-21,17.860000610351562,C,5.0,1.0000000000000003e-05,56.0,0,0.0,0.0
SPH,2026-08-21,17.860000610351562,C,7.5,1.0000000000000003e-05,3.0,0,0.0,0.0
SPH,2026-08-21,17.860000610351562,C,10.0,1.0000000000000003e-05,,0,0.0,0.0
SPH,2026-08-21,17.860000610351562,C,12.5,1.0000000000000003e-05,2.0,0,0.0,0.0
SPH,2026-08-21,17.860000610351562,C,15.0,1.0000000000000003e-05,2.0,0,0.0,0.0
SPH,2026-08-21,17.860000610351562,C,17.5,1.0000000000000003e-05,8.0,0,0.0,0.0
SPH,2026-08-21,17.860000610351562,C,20.0,0.12500875,2.0,0,0.0,0.0
SPH,2026-08-21,17.860000610351562,C,22.5,0.2500075,8.0,0,0.0,0.0
SPH,2026-08-21,17.860000610351562,C,25.0,0.500005,1.0,0,0.0,0.0
SPH,2026-08-21,17.860000610351562,P,7.5,4.660160424804687,,2,0.0,2.15
SPH,2026-08-21,17.860000610351562,P,10.0,0.500005,,0,0.0,0.0
SPH,2026-08-21,17.860000610351562,P,12.5,0.500005,2.0,0,0.0,0.0
SPH,2026-08-21,17.860000610351562,P,15.0,0.2500075,1.0,0,0.0,0.0
SPH,2026-08-21,17.860000610351562,P,17.5,0.0312596875,33.0,0,0.0,0.0
SPH,2026-08-21,17.860000610351562,P,20.0,1.0000000000000003e-05,1.0,0,0.0,0.0
SPH,2026-08-21,17.860000610351562,P,22.5,1.0781296093750001,22.0,25,1.9,5.0
SPH,2026-08-21,17.860000610351562,P,25.0,1.0000000000000003e-05,2.0,4,3.9,6.9
NAVI,2026-08-21,9.0600004196167,C,7.5,1.0000000000000003e-05,5,0,0.0,0.0
NAVI,2026-08-21,9.0600004196167,C,10.0,0.12500875,5,0,0.0,0.0
NAVI,2026-08-21,9.0600004196167,P,5.0,0.500005,720,0,0.0,0.0
NAVI,2026-08-21,9.0600004196167,P,7.5,0.2500075,80,0,0.0,0.0
NAVI,2026-08-21,9.0600004196167,P,10.0,1.0000000000000003e-05,1,0,0.0,0.0
GHM,2026-08-21,104.47000122070312,C,110.0,0.062509375,2.0,0,0.0,0.0
GHM,2026-08-21,104.47000122070312,C,115.0,0.12500875,2.0,0,0.0,0.0
GHM,2026-08-21,104.47000122070312,C,120.0,0.12500875,1.0,0,0.0,0.0
GHM,2026-08-21,104.47000122070312,C,125.0,0.2500075,1.0,0,0.0,0.0
GHM,2026-08-21,104.47000122070312,C,135.0,0.2500075,,0,0.0,0.0
GHM,2026-08-21,104.47000122070312,C,150.0,0.500005,1.0,0,0.0,0.0
GHM,2026-08-21,104.47000122070312,P,90.0,0.12500875,,0,0.0,0.0
GHM,2026-08-21,104.47000122070312,P,95.0,0.12500875,1.0,0,0.0,0.0
GHM,2026-08-21,104.47000122070312,P,100.0,0.062509375,1.0,0,0.0,0.0
GHM,2026-08-21,104.47000122070312,P,105.0,1.0000000000000003e-05,2.0,0,0.0,0.0
GHM,2026-08-21,104.47000122070312,P,110.0,1.0000000000000003e-05,,0,0.0,0.0
GHM,2026-08-21,104.47000122070312,P,115.0,1.0000000000000003e-05,1.0,0,0.0,0.0
CABA,2026-08-21,2.7100000381469727,C,0.5,1.0000000000000003e-05,1.0,0,0.0,0.0
CABA,2026-08-21,2.7100000381469727,C,1.0,1.0000000000000003e-05,6.0,0,0.0,0.0
CABA,2026-08-21,2.7100000381469727,C,1.5,1.0000000000000003e-05,2.0,0,0.0,0.0
CABA,2026-08-21,2.7100000381469727,C,2.0,1.0000000000000003e-05,3.0,0,0.0,0.0
CABA,2026-08-21,2.7100000381469727,C,2.5,1.0000000000000003e-05,160.0,0,0.0,0.0
CABA,2026-08-21,2.7100000381469727,C,3.0,0.12500875,53.0,0,0.0,0.0
CABA,2026-08-21,2.7100000381469727,C,3.5,0.500005,4.0,0,0.0,0.0
CABA,2026-08-21,2.7100000381469727,C,4.0,0.500005,1.0,0,0.0,0.0
CABA,2026-08-21,2.7100000381469727,C,4.5,0.500005,1.0,0,0.0,0.0
CABA,2026-08-21,2.7100000381469727,C,5.0,0.500005,16.0,0,0.0,0.0
CABA,2026-08-21,2.7100000381469727,C,5.5,0.500005,1.0,0,0.0,0.0
CABA,2026-08-21,2.7100000381469727,C,7.5,5.562503046874999,11.0,920,0.0,1.0
CABA,2026-08-21,2.7100000381469727,P,0.5,5.000003749999999,7.0,9,0.0,0.05
CABA,2026-08-21,2.7100000381469727,P,1.0,0.500005,,0,0.0,0.0
CABA,2026-08-21,2.7100000381469727,P,1.5,0.500005,2.0,0,0.0,0.0
CABA,2026-08-21,2.7100000381469727,P,2.0,0.500005,,0,0.0,0.0
CABA,2026-08-21,2.7100000381469727,P,2.5,0.12500875,1.0,0,0.0,0.0
CABA,2026-08-21,2.7100000381469727,P,3.0,1.0000000000000003e-05,9.0,0,0.0,0.0
CABA,2026-08-21,2.7100000381469727,P,3.5,1.0000000000000003e-05,3.0,0,0.0,0.0
CABA,2026-08-21,2.7100000381469727,P,4.0,1.0000000000000003e-05,3.0,0,0.0,0.0
CABA,2026-08-21,2.7100000381469727,P,4.5,3.74218814453125,,10,1.2,2.2
CABA,2026-08-21,2.7100000381469727,P,5.0,4.289067138671875,19.0,19,1.75,2.75
NXST,2026-08-21,190.02999877929688,C,160.0,1.0000000000000003e-05,1.0,0,0.0,0.0
NXST,2026-08-21,190.02999877929688,C,165.0,1.0000000000000003e-05,,0,0.0,0.0
NXST,2026-08-21,190.02999877929688,C,170.0,1.0000000000000003e-05,2.0,0,0.0,0.0
NXST,2026-08-21,190.02999877929688,C,175.0,1.0000000000000003e-05,1.0,0,0.0,0.0
NXST,2026-08-21,190.02999877929688,C,180.0,1.0000000000000003e-05,1.0,0,0.0,0.0
NXST,2026-08-21,190.02999877929688,C,185.0,1.0000000000000003e-05,17.0,0,0.0,0.0
NXST,2026-08-21,190.02999877929688,C,190.0,1.0000000000000003e-05,1.0,0,0.0,0.0
NXST,2026-08-21,190.02999877929688,C,195.0,0.0312596875,1.0,0,0.0,0.0
NXST,2026-08-21,190.02999877929688,C,200.0,0.062509375,29.0,0,0.0,0.0
NXST,2026-08-21,190.02999877929688,C,210.0,0.12500875,1.0,0,0.0,0.0
NXST,2026-08-21,190.02999877929688,C,220.0,0.12500875,2.0,0,0.0,0.0
NXST,2026-08-21,190.02999877929688,C,230.0,0.2500075,4.0,0,0.0,0.0
NXST,2026-08-21,190.02999877929688,C,240.0,0.2500075,1.0,0,0.0,0.0
NXST,2026-08-21,190.02999877929688,C,250.0,0.8535170898437501,1.0,8,0.0,2.1
NXST,2026-08-21,190.02999877929688,C,260.0,0.2500075,3.0,0,0.0,0.0
NXST,2026-08-21,190.02999877929688,C,270.0,0.2500075,,0,0.0,0.0
NXST,2026-08-21,190.02999877929688,C,280.0,1.1948282446289062,,1,0.05,2.95
NXST,2026-08-21,190.02999877929688,C,300.0,0.500005,2.0,0,0.0,0.0
NXST,2026-08-21,190.02999877929688,C,320.0,0.500005,,0,0.0,0.0
NXST,2026-08-21,190.02999877929688,C,330.0,0.500005,1.0,0,0.0,0.0
NXST,2026-08-21,190.02999877929688,P,110.0,1.6582048339843751,,1,0.0,2.45
NXST,2026-08-21,190.02999877929688,P,115.0,1.5771505517578124,,1,0.0,2.7
NXST,2026-08-21,190.02999877929688,P,120.0,0.500005,1.0,0,0.0,0.0
NXST,2026-08-21,190.02999877929688,P,125.0,1.4018584594726562,,1,0.0,3.1
NXST,2026-08-21,190.02999877929688,P,130.0,0.500005,1.0,0,0.0,0.0
NXST,2026-08-21,190.02999877929688,P,135.0,0.2500075,2.0,0,0.0,0.0
NXST,2026-08-21,190.02999877929688,P,140.0,0.2500075,1.0,0,0.0,0.0
NXST,2026-08-21,190.02999877929688,P,145.0,0.2500075,1.0,0,0.0,0.0
NXST,2026-08-21,190.02999877929688,P,150.0,0.2500075,5.0,0,0.0,0.0
NXST,2026-08-21,190.02999877929688,P,155.0,0.2500075,10.0,0,0.0,0.0
NXST,2026-08-21,190.02999877929688,P,160.0,0.12500875,1.0,0,0.0,0.0
NXST,2026-08-21,190.02999877929688,P,165.0,0.12500875,1.0,0,0.0,0.0
NXST,2026-08-21,190.02999877929688,P,170.0,0.12500875,1.0,0,0.0,0.0
NXST,2026-08-21,190.02999877929688,P,175.0,0.062509375,10.0,0,0.0,0.0
NXST,2026-08-21,190.02999877929688,P,180.0,0.062509375,4.0,0,0.0,0.0
NXST,2026-08-21,190.02999877929688,P,185.0,0.0312596875,5.0,0,0.0,0.0
NXST,2026-08-21,190.02999877929688,P,190.0,0.0004982763671875,13.0,0,0.0,0.0
NXST,2026-08-21,190.02999877929688,P,200.0,0.7644066528320312,,10,16.5,19.6
NXST,2026-08-21,190.02999877929688,P,210.0,1.0000000000000003e-05,2.0,0,0.0,0.0
NXST,2026-08-21,190.02999877929688,P,230.0,1.0000000000000003e-05,5.0,0,35.4,39.1
NXST,2026-08-21,190.02999877929688,P,240.0,1.0000000000000003e-05,,0,43.1,46.9
TRIP,2026-08-07,13.989999771118164,C,3.0,1.0000000000000003e-05,2.0,0,0.0,0.0
TRIP,2026-08-07,13.989999771118164,C,4.0,1.0000000000000003e-05,1.0,0,0.0,0.0
TRIP,2026-08-07,13.989999771118164,C,5.0,1.0000000000000003e-05,3.0,0,0.0,0.0
TRIP,2026-08-07,13.989999771118164,C,6.0,1.0000000000000003e-05,7.0,0,0.0,0.0
TRIP,2026-08-07,13.989999771118164,C,7.0,1.0000000000000003e-05,4.0,0,0.0,0.0
TRIP,2026-08-07,13.989999771118164,C,8.0,1.0000000000000003e-05,3.0,0,0.0,0.0
TRIP,2026-08-07,13.989999771118164,C,8.5,1.0000000000000003e-05,3.0,0,0.0,0.0
TRIP,2026-08-07,13.989999771118164,C,9.0,1.0000000000000003e-05,4.0,0,0.0,0.0
TRIP,2026-08-07,13.989999771118164,C,10.0,1.0000000000000003e-05,4.0,0,0.0,0.0
TRIP,2026-08-07,13.989999771118164,C,10.5,1.0000000000000003e-05,1.0,0,0.0,0.0
TRIP,2026-08-07,13.989999771118164,C,11.0,1.0000000000000003e-05,4.0,0,0.0,0.0
TRIP,2026-08-07,13.989999771118164,C,12.0,1.0000000000000003e-05,2.0,0,0.0,0.0
TRIP,2026-08-07,13.989999771118164,C,12.5,1.0000000000000003e-05,1.0,0,0.0,0.0
TRIP,2026-08-07,13.989999771118164,C,13.0,1.0000000000000003e-05,2.0,0,0.0,0.0
TRIP,2026-08-07,13.989999771118164,C,13.5,1.0000000000000003e-05,2.0,0,0.0,0.0
TRIP,2026-08-07,13.989999771118164,C,14.0,0.007822421875,74.0,0,0.0,0.0
TRIP,2026-08-07,13.989999771118164,C,14.5,0.12500875,29.0,0,0.0,0.0
TRIP,2026-08-07,13.989999771118164,C,15.0,0.2500075,21.0,0,0.0,0.0
TRIP,2026-08-07,13.989999771118164,C,15.5,0.500005,101.0,0,0.0,0.0
TRIP,2026-08-07,13.989999771118164,C,16.0,0.500005,1.0,0,0.0,0.0
TRIP,2026-08-07,13.989999771118164,C,16.5,0.500005,2.0,0,0.0,0.0
TRIP,2026-08-07,13.989999771118164,C,17.0,0.500005,4.0,0,0.0,0.0
TRIP,2026-08-07,13.989999771118164,C,17.5,0.500005,10.0,0,0.0,0.0
TRIP,2026-08-07,13.989999771118164,C,18.0,0.500005,1.0,0,0.0,0.0
TRIP,2026-08-07,13.989999771118164,C,18.5,0.500005,,0,0.0,0.0
TRIP,2026-08-07,13.989999771118164,C,19.0,0.500005,1.0,0,0.0,0.0
TRIP,2026-08-07,13.989999771118164,P,3.0,0.500005,4.0,0,0.0,0.0
TRIP,2026-08-07,13.989999771118164,P,4.0,0.500005,2.0,0,0.0,0.0
TRIP,2026-08-07,13.989999771118164,P,5.0,0.500005,2.0,0,0.0,0.0
TRIP,2026-08-07,13.989999771118164,P,6.0,0.500005,2.0,0,0.0,0.0
TRIP,2026-08-07,13.989999771118164,P,7.0,0.500005,2.0,0,0.0,0.0
TRIP,2026-08-07,13.989999771118164,P,8.0,0.500005,2.0,0,0.0,0.0
TRIP,2026-08-07,13.989999771118164,P,8.5,0.500005,2.0,0,0.0,0.0
TRIP,2026-08-07,13.989999771118164,P,9.0,0.500005,2.0,0,0.0,0.0
TRIP,2026-08-07,13.989999771118164,P,9.5,0.500005,4.0,0,0.0,0.0
TRIP,2026-08-07,13.989999771118164,P,10.0,0.500005,1.0,0,0.0,0.0
TRIP,2026-08-07,13.989999771118164,P,10.5,0.500005,1.0,0,0.0,0.0
TRIP,2026-08-07,13.989999771118164,P,11.0,0.500005,1.0,0,0.0,0.0
TRIP,2026-08-07,13.989999771118164,P,11.5,0.500005,5.0,0,0.0,0.0
TRIP,2026-08-07,13.989999771118164,P,12.0,0.500005,47.0,0,0.0,0.0
TRIP,2026-08-07,13.989999771118164,P,12.5,0.500005,132.0,0,0.0,0.0
TRIP,2026-08-07,13.989999771118164,P,13.0,0.2500075,146.0,0,0.0,0.0
TRIP,2026-08-07,13.989999771118164,P,13.5,0.12500875,21.0,0,0.0,0.0
TRIP,2026-08-07,13.989999771118164,P,14.0,1.0000000000000003e-05,91.0,0,0.0,0.0
TRIP,2026-08-07,13.989999771118164,P,14.5,1.0000000000000003e-05,3.0,0,0.0,0.0
TRIP,2026-08-07,13.989999771118164,P,15.0,1.0000000000000003e-05,1.0,0,0.0,0.0
TRIP,2026-08-07,13.989999771118164,P,15.5,1.0000000000000003e-05,15.0,0,0.0,0.0
TRIP,2026-08-07,13.989999771118164,P,16.5,1.0000000000000003e-05,1.0,0,0.0,0.0
TRIP,2026-08-07,13.989999771118164,P,17.0,1.0000000000000003e-05,,0,0.0,0.0
TRIP,2026-08-07,13.989999771118164,P,19.0,1.0000000000000003e-05,2.0,0,0.0,0.0
TRIP,2026-08-07,13.989999771118164,P,20.0,1.0000000000000003e-05,1.0,0,0.0,0.0
TRIP,2026-08-07,13.989999771118164,P,24.0,1.0000000000000003e-05,2.0,0,0.0,0.0
TRIP,2026-08-07,13.989999771118164,P,25.0,1.0000000000000003e-05,3.0,0,0.0,0.0
FLR,2026-08-21,50.41999816894531,C,35.0,1.0000000000000003e-05,6.0,0,0.0,0.0
FLR,2026-08-21,50.41999816894531,C,40.0,1.0000000000000003e-05,4.0,0,0.0,0.0
FLR,2026-08-21,50.41999816894531,C,45.0,1.0000000000000003e-05,1.0,0,0.0,0.0
FLR,2026-08-21,50.41999816894531,C,47.5,1.0000000000000003e-05,2.0,0,0.0,0.0
FLR,2026-08-21,50.41999816894531,C,50.0,1.0000000000000003e-05,44.0,0,0.0,0.0
FLR,2026-08-21,50.41999816894531,C,52.5,0.062509375,2022.0,0,0.0,0.0
FLR,2026-08-21,50.41999816894531,C,55.0,0.12500875,5037.0,0,0.0,0.0
FLR,2026-08-21,50.41999816894531,C,57.5,0.12500875,4.0,0,0.0,0.0
FLR,2026-08-21,50.41999816894531,C,60.0,0.2500075,2.0,0,0.0,0.0
FLR,2026-08-21,50.41999816894531,C,62.5,0.2500075,10.0,0,0.0,0.0
FLR,2026-08-21,50.41999816894531,C,65.0,0.2500075,1.0,0,0.0,0.0
FLR,2026-08-21,50.41999816894531,C,70.0,0.2500075,5.0,0,0.0,0.0
FLR,2026-08-21,50.41999816894531,C,75.0,0.500005,3.0,0,0.0,0.0
FLR,2026-08-21,50.41999816894531,P,30.0,0.500005,1.0,0,0.0,0.0
FLR,2026-08-21,50.41999816894531,P,32.5,0.500005,1.0,0,0.0,0.0
FLR,2026-08-21,50.41999816894531,P,37.5,0.2500075,3.0,0,0.0,0.0
FLR,2026-08-21,50.41999816894531,P,40.0,0.2500075,1.0,0,0.0,0.0
FLR,2026-08-21,50.41999816894531,P,42.5,0.2500075,20.0,0,0.0,0.0
FLR,2026-08-21,50.41999816894531,P,45.0,0.12500875,5.0,0,0.0,0.0
FLR,2026-08-21,50.41999816894531,P,47.5,0.062509375,15.0,0,0.0,0.0
FLR,2026-08-21,50.41999816894531,P,50.0,0.015634843750000002,17.0,0,0.0,0.0
FLR,2026-08-21,50.41999816894531,P,52.5,1.0000000000000003e-05,77.0,0,0.0,0.0
FLR,2026-08-21,50.41999816894531,P,55.0,1.0000000000000003e-05,10.0,0,0.0,0.0
FLR,2026-08-21,50.41999816894531,P,60.0,1.0000000000000003e-05,,0,0.0,0.0
CRAI,2026-08-21,176.60000610351562,C,95.0,1.0000000000000003e-05,1.0,0,0.0,0.0
CRAI,2026-08-21,176.60000610351562,C,115.0,1.0000000000000003e-05,1.0,0,0.0,0.0
CRAI,2026-08-21,176.60000610351562,C,120.0,1.0000000000000003e-05,1.0,0,0.0,0.0
CRAI,2026-08-21,176.60000610351562,C,130.0,1.0000000000000003e-05,1.0,0,0.0,0.0
CRAI,2026-08-21,176.60000610351562,C,135.0,1.0000000000000003e-05,1.0,0,0.0,0.0
CRAI,2026-08-21,176.60000610351562,C,140.0,1.0000000000000003e-05,2.0,0,0.0,0.0
CRAI,2026-08-21,176.60000610351562,C,145.0,1.0000000000000003e-05,1.0,0,0.0,0.0
CRAI,2026-08-21,176.60000610351562,C,150.0,1.0000000000000003e-05,1.0,0,0.0,0.0
CRAI,2026-08-21,176.60000610351562,C,160.0,1.0000000000000003e-05,1.0,0,0.0,0.0
CRAI,2026-08-21,176.60000610351562,C,165.0,1.0000000000000003e-05,1.0,0,0.0,0.0
CRAI,2026-08-21,176.60000610351562,C,170.0,1.0000000000000003e-05,1.0,0,0.0,0.0
CRAI,2026-08-21,176.60000610351562,C,175.0,1.0000000000000003e-05,,0,0.0,0.0
CRAI,2026-08-21,176.60000610351562,C,180.0,0.44067942138671873,,1,0.0,5.0
CRAI,2026-08-21,176.60000610351562,C,185.0,0.062509375,3.0,0,0.0,0.0
CRAI,2026-08-21,176.60000610351562,C,190.0,0.062509375,1.0,0,0.0,0.0
CRAI,2026-08-21,176.60000610351562,C,195.0,0.12500875,,0,0.0,0.0
CRAI,2026-08-21,176.60000610351562,C,200.0,0.12500875,,0,0.0,0.0
CRAI,2026-08-21,176.60000610351562,C,210.0,0.12500875,1.0,0,0.0,0.0
CRAI,2026-08-21,176.60000610351562,C,220.0,1.3807404010009763,,1,5.1,9.5
CRAI,2026-08-21,176.60000610351562,C,230.0,0.2500075,,0,0.0,0.0
CRAI,2026-08-21,176.60000610351562,P,95.0,0.500005,,0,0.0,0.0
CRAI,2026-08-21,176.60000610351562,P,100.0,2.0668993640136715,1.0,5,0.0,5.0
CRAI,2026-08-21,176.60000610351562,P,110.0,1.7822276513671875,12.0,25,0.0,5.0
CRAI,2026-08-21,176.60000610351562,P,130.0,1.7390149768066405,1.0,8,3.7,8.5
CRAI,2026-08-21,176.60000610351562,P,135.0,1.5344261560058592,,0,3.1,8.0
CRAI,2026-08-21,176.60000610351562,P,140.0,0.2500075,1.0,0,0.0,0.0
CRAI,2026-08-21,176.60000610351562,P,160.0,1.751099877319336,1.0,1,14.6,19.5
CRAI,2026-08-21,176.60000610351562,P,200.0,1.0000000000000003e-05,,0,0.0,0.0
CRAI,2026-08-21,176.60000610351562,P,210.0,1.0000000000000003e-05,,0,0.0,0.0
CRAI,2026-08-21,176.60000610351562,P,230.0,1.0000000000000003e-05,1.0,0,0.0,0.0
CRAI,2026-08-21,176.60000610351562,P,270.0,1.0000000000000003e-05,,0,0.0,0.0
CRAI,2026-08-21,176.60000610351562,P,280.0,1.0000000000000003e-05,,0,0.0,0.0
CRAI,2026-08-21,176.60000610351562,P,290.0,1.0000000000000003e-05,1.0,0,0.0,0.0
CYRX,2026-08-21,15.25,C,2.5,1.0000000000000003e-05,2.0,0,0.0,0.0
CYRX,2026-08-21,15.25,C,5.0,6.488283139648438,2.0,10,10.3,12.6
CYRX,2026-08-21,15.25,C,7.5,1.0000000000000003e-05,6.0,0,0.0,0.0
CYRX,2026-08-21,15.25,C,10.0,1.0000000000000003e-05,2.0,0,0.0,0.0
CYRX,2026-08-21,15.25,C,12.5,1.0000000000000003e-05,1.0,0,0.0,0.0
CYRX,2026-08-21,15.25,C,15.0,1.0000000000000003e-05,3.0,0,0.0,0.0
CYRX,2026-08-21,15.25,C,17.5,0.12500875,7.0,0,0.0,0.0
CYRX,2026-08-21,15.25,C,20.0,0.2500075,14.0,0,0.0,0.0
CYRX,2026-08-21,15.25,P,5.0,4.2812546484375,1.0,1,0.0,0.75
CYRX,2026-08-21,15.25,P,7.5,0.500005,14.0,0,0.0,0.0
CYRX,2026-08-21,15.25,P,10.0,2.050786123046875,,10,0.0,0.9
CYRX,2026-08-21,15.25,P,12.5,0.2500075,1.0,0,0.0,0.0
CYRX,2026-08-21,15.25,P,15.0,0.0312596875,11.0,0,0.0,0.0
CYRX,2026-08-21,15.25,P,20.0,1.0000000000000003e-05,,0,0.0,0.0
CYRX,2026-08-21,15.25,P,25.0,1.0000000000000003e-05,,0,0.0,0.0
ICUI,2026-08-21,166.39999389648438,C,90.0,1.0000000000000003e-05,1.0,0,0.0,0.0
ICUI,2026-08-21,166.39999389648438,C,100.0,1.0000000000000003e-05,,0,38.7,41.9
ICUI,2026-08-21,166.39999389648438,C,105.0,1.0000000000000003e-05,,1,34.2,37.4
ICUI,2026-08-21,166.39999389648438,C,120.0,1.0000000000000003e-05,,0,0.0,0.0
ICUI,2026-08-21,166.39999389648438,C,125.0,1.0000000000000003e-05,5.0,0,0.0,0.0
ICUI,2026-08-21,166.39999389648438,C,135.0,1.0000000000000003e-05,1.0,0,0.0,0.0
ICUI,2026-08-21,166.39999389648438,C,145.0,1.0000000000000003e-05,10.0,0,0.0,0.0
ICUI,2026-08-21,166.39999389648438,C,150.0,1.0000000000000003e-05,3.0,0,0.0,0.0
ICUI,2026-08-21,166.39999389648438,C,155.0,1.0000000000000003e-05,5.0,0,0.0,0.0
ICUI,2026-08-21,166.39999389648438,C,160.0,1.0000000000000003e-05,1.0,0,0.0,0.0
ICUI,2026-08-21,166.39999389648438,C,165.0,1.0000000000000003e-05,11.0,0,0.0,0.0
ICUI,2026-08-21,166.39999389648438,C,170.0,0.0312596875,15.0,0,0.0,0.0
ICUI,2026-08-21,166.39999389648438,C,175.0,0.062509375,3.0,0,0.0,0.0
ICUI,2026-08-21,166.39999389648438,C,180.0,0.062509375,4.0,0,0.0,0.0
ICUI,2026-08-21,166.39999389648438,C,185.0,0.12500875,,0,0.0,0.0
ICUI,2026-08-21,166.39999389648438,C,190.0,0.5607954077148438,1.0,1,0.0,2.7
ICUI,2026-08-21,166.39999389648438,C,220.0,0.918946123046875,9.0,9,0.0,2.4
ICUI,2026-08-21,166.39999389648438,C,230.0,0.2500075,,0,0.0,0.0
ICUI,2026-08-21,166.39999389648438,P,95.0,0.500005,1.0,0,0.0,0.0
ICUI,2026-08-21,166.39999389648438,P,100.0,1.7919932275390624,1.0,11,0.65,3.2
ICUI,2026-08-21,166.39999389648438,P,105.0,2.1626022497558597,,1,3.9,5.6
ICUI,2026-08-21,166.39999389648438,P,110.0,1.4047881323242186,2.0,4,0.0,2.85
ICUI,2026-08-21,166.39999389648438,P,115.0,0.500005,42.0,0,0.0,0.0
ICUI,2026-08-21,166.39999389648438,P,120.0,0.2500075,15.0,0,0.0,0.0
ICUI,2026-08-21,166.39999389648438,P,125.0,1.6679704101562502,5.0,22,4.9,6.7
ICUI,2026-08-21,166.39999389648438,P,130.0,2.0007374200439454,,1,8.5,12.4
ICUI,2026-08-21,166.39999389648438,P,135.0,0.2500075,10.0,0,0.0,0.0
ICUI,2026-08-21,166.39999389648438,P,140.0,0.12500875,,0,0.0,0.0
ICUI,2026-08-21,166.39999389648438,P,145.0,0.12500875,3.0,0,0.0,0.0
ICUI,2026-08-21,166.39999389648438,P,150.0,0.12500875,1.0,0,0.0,0.0
ICUI,2026-08-21,166.39999389648438,P,160.0,0.062509375,1.0,0,0.0,0.0
GEL,2026-08-21,14.859999656677246,C,2.5,1.0000000000000003e-05,1.0,0,0.0,0.0
GEL,2026-08-21,14.859999656677246,C,5.0,1.0000000000000003e-05,50.0,0,0.0,0.0
GEL,2026-08-21,14.859999656677246,C,7.5,1.0000000000000003e-05,,0,0.0,0.0
GEL,2026-08-21,14.859999656677246,C,10.0,1.0000000000000003e-05,,0,0.0,0.0
GEL,2026-08-21,14.859999656677246,C,12.5,1.0000000000000003e-05,20.0,0,0.0,0.0
GEL,2026-08-21,14.859999656677246,C,15.0,0.015634843750000002,22.0,0,0.0,0.0
GEL,2026-08-21,14.859999656677246,C,17.5,0.2500075,25.0,0,0.0,0.0
GEL,2026-08-21,14.859999656677246,P,12.5,0.2500075,10.0,0,0.0,0.0
GEL,2026-08-21,14.859999656677246,P,15.0,1.0000000000000003e-05,100.0,0,0.0,0.0
GEL,2026-08-21,14.859999656677246,P,17.5,1.0000000000000003e-05,20.0,0,0.0,0.0
GEL,2026-08-21,14.859999656677246,P,22.5,1.0000000000000003e-05,,0,0.0,0.0
GEL,2026-08-21,14.859999656677246,P,25.0,1.0000000000000003e-05,,0,0.0,0.0
ASLE,2026-08-21,6.440000057220459,C,2.5,1.0000000000000003e-05,1.0,0.0,0.0,0.0
ASLE,2026-08-21,6.440000057220459,C,5.0,1.0000000000000003e-05,6.0,0.0,0.0,0.0
ASLE,2026-08-21,6.440000057220459,C,7.5,0.2500075,6.0,0.0,0.0,0.0
TRC,2026-08-21,16.450000762939453,C,20.0,0.2500075,,0.0,0.0,0.0
YELP,2026-08-21,25.690000534057617,C,13.0,1.0000000000000003e-05,,0,0.0,0.0
YELP,2026-08-21,25.690000534057617,C,17.0,1.0000000000000003e-05,1.0,8,4.8,8.0
YELP,2026-08-21,25.690000534057617,C,18.0,1.0000000000000003e-05,2.0,6,3.4,5.0
YELP,2026-08-21,25.690000534057617,C,20.0,1.0000000000000003e-05,1.0,22,3.0,4.6
YELP,2026-08-21,25.690000534057617,C,21.0,1.0000000000000003e-05,4.0,0,0.0,0.0
YELP,2026-08-21,25.690000534057617,C,22.0,1.0000000000000003e-05,1.0,0,0.0,0.0
YELP,2026-08-21,25.690000534057617,C,23.0,1.0000000000000003e-05,2.0,0,0.0,0.0
YELP,2026-08-21,25.690000534057617,C,24.0,1.0000000000000003e-05,5.0,0,0.0,0.0
YELP,2026-08-21,25.690000534057617,C,25.0,1.0000000000000003e-05,2.0,0,0.0,0.0
YELP,2026-08-21,25.690000534057617,C,26.0,0.015634843750000002,1.0,0,0.0,0.0
YELP,2026-08-21,25.690000534057617,C,27.0,0.062509375,6.0,0,0.0,0.0
YELP,2026-08-21,25.690000534057617,C,28.0,0.12500875,1.0,0,0.0,0.0
YELP,2026-08-21,25.690000534057617,C,29.0,0.12500875,5.0,0,0.0,0.0
YELP,2026-08-21,25.690000534057617,C,30.0,0.2500075,2.0,0,0.0,0.0
YELP,2026-08-21,25.690000534057617,C,31.0,0.2500075,5.0,0,0.0,0.0
YELP,2026-08-21,25.690000534057617,C,32.0,0.2500075,7.0,0,0.0,0.0
YELP,2026-08-21,25.690000534057617,C,33.0,0.2500075,2.0,0,0.0,0.0
YELP,2026-08-21,25.690000534057617,C,34.0,0.2500075,2.0,0,0.0,0.0
YELP,2026-08-21,25.690000534057617,C,35.0,1.18359783203125,1.0,16,0.0,0.75
YELP,2026-08-21,25.690000534057617,C,36.0,1.2773473632812498,1.0,1,0.0,0.8
YELP,2026-08-21,25.690000534057617,C,37.0,1.3261752441406247,40.0,43,0.0,0.75
YELP,2026-08-21,25.690000534057617,C,38.0,1.3925811621093749,1.0,11,0.0,0.75
YELP,2026-08-21,25.690000534057617,C,40.0,0.500005,7.0,0,0.0,0.0
YELP,2026-08-21,25.690000534057617,C,45.0,0.500005,3.0,0,0.0,0.0
YELP,2026-08-21,25.690000534057617,P,13.0,2.4218789453125,7.0,40,0.0,0.75
YELP,2026-08-21,25.690000534057617,P,14.0,0.500005,4.0,0,0.0,0.0
YELP,2026-08-21,25.690000534057617,P,15.0,1.9921875390625,2.0,50,0.0,0.75
YELP,2026-08-21,25.690000534057617,P,16.0,0.500005,10.0,0,0.0,0.0
YELP,2026-08-21,25.690000534057617,P,17.0,1.61328318359375,6.0,73,0.0,0.75
YELP,2026-08-21,25.690000534057617,P,18.0,0.500005,1.0,0,0.0,0.0
YELP,2026-08-21,25.690000534057617,P,19.0,0.2500075,1.0,0,0.0,0.0
YELP,2026-08-21,25.690000534057617,P,20.0,0.2500075,1.0,0,0.0,0.0
YELP,2026-08-21,25.690000534057617,P,21.0,0.2500075,1.0,0,0.0,0.0
YELP,2026-08-21,25.690000534057617,P,22.0,0.2500075,4.0,0,0.0,0.0
YELP,2026-08-21,25.690000534057617,P,23.0,0.12500875,1.0,0,0.0,0.0
YELP,2026-08-21,25.690000534057617,P,24.0,0.12500875,10.0,0,0.0,0.0
YELP,2026-08-21,25.690000534057617,P,25.0,0.0312596875,50.0,0,0.0,0.0
YELP,2026-08-21,25.690000534057617,P,26.0,1.0000000000000003e-05,6.0,0,0.0,0.0
YELP,2026-08-21,25.690000534057617,P,27.0,1.0000000000000003e-05,20.0,0,0.0,0.0
YELP,2026-08-21,25.690000534057617,P,28.0,1.0000000000000003e-05,3.0,0,0.0,0.0
YELP,2026-08-21,25.690000534057617,P,29.0,1.0000000000000003e-05,2290.0,0,0.0,0.0
YELP,2026-08-21,25.690000534057617,P,30.0,1.0000000000000003e-05,6.0,0,0.0,0.0
YELP,2026-08-21,25.690000534057617,P,31.0,1.0000000000000003e-05,,0,0.0,0.0
YELP,2026-08-21,25.690000534057617,P,32.0,2.1845748510742187,,0,7.8,10.1
YELP,2026-08-21,25.690000534057617,P,34.0,1.0000000000000003e-05,1.0,0,0.0,0.0
YELP,2026-08-21,25.690000534057617,P,35.0,1.0000000000000003e-05,11.0,0,0.0,0.0
YELP,2026-08-21,25.690000534057617,P,40.0,1.5312523437499999,2.0,0,11.2,14.7
YELP,2026-08-21,25.690000534057617,P,45.0,2.6718783203125005,10.0,0,18.8,22.9
IMVT,2026-08-21,39.279998779296875,C,8.0,1.0000000000000003e-05,6.0,0,0.0,0.0
IMVT,2026-08-21,39.279998779296875,C,20.0,1.0000000000000003e-05,10.0,0,0.0,0.0
IMVT,2026-08-21,39.279998779296875,C,24.0,1.0000000000000003e-05,,1,5.1,8.9
IMVT,2026-08-21,39.279998779296875,C,25.0,1.0000000000000003e-05,1.0,4,7.6,10.7
IMVT,2026-08-21,39.279998779296875,C,26.0,1.0000000000000003e-05,1.0,4,7.0,10.3
IMVT,2026-08-21,39.279998779296875,C,27.0,1.0000000000000003e-05,1.0,7,6.3,9.5
IMVT,2026-08-21,39.279998779296875,C,29.0,1.0000000000000003e-05,1.0,2,3.8,7.5
IMVT,2026-08-21,39.279998779296875,C,30.0,1.0000000000000003e-05,1.0,0,0.0,0.0
IMVT,2026-08-21,39.279998779296875,C,31.0,1.0000000000000003e-05,1.0,0,0.0,0.0
IMVT,2026-08-21,39.279998779296875,C,32.0,1.0000000000000003e-05,6.0,0,0.0,0.0
IMVT,2026-08-21,39.279998779296875,C,33.0,1.0000000000000003e-05,1.0,0,0.0,0.0
IMVT,2026-08-21,39.279998779296875,C,34.0,1.1064497802734377,1.0,0,4.5,8.8
IMVT,2026-08-21,39.279998779296875,C,35.0,1.0000000000000003e-05,36.0,0,0.0,0.0
IMVT,2026-08-21,39.279998779296875,C,36.0,1.0000000000000003e-05,1.0,0,0.0,0.0
IMVT,2026-08-21,39.279998779296875,C,37.0,1.0000000000000003e-05,11.0,0,0.0,0.0
IMVT,2026-08-21,39.279998779296875,C,38.0,1.0000000000000003e-05,2.0,0,0.0,0.0
IMVT,2026-08-21,39.279998779296875,C,39.0,1.0000000000000003e-05,5.0,0,0.0,0.0
IMVT,2026-08-21,39.279998779296875,C,40.0,0.0312596875,3.0,0,0.0,0.0
IMVT,2026-08-21,39.279998779296875,C,41.0,0.062509375,1.0,0,0.0,0.0
IMVT,2026-08-21,39.279998779296875,C,42.0,0.062509375,1.0,0,0.0,0.0
IMVT,2026-08-21,39.279998779296875,C,43.0,0.12500875,1.0,0,0.0,0.0
IMVT,2026-08-21,39.279998779296875,C,44.0,0.12500875,2.0,0,0.0,0.0
IMVT,2026-08-21,39.279998779296875,C,45.0,0.12500875,1.0,0,0.0,0.0
IMVT,2026-08-21,39.279998779296875,C,46.0,0.2500075,4.0,0,0.0,0.0
IMVT,2026-08-21,39.279998779296875,C,47.0,0.2500075,,0,0.0,0.0
IMVT,2026-08-21,39.279998779296875,C,48.0,0.2500075,,0,0.0,0.0
IMVT,2026-08-21,39.279998779296875,C,49.0,0.2500075,1.0,0,0.0,0.0
IMVT,2026-08-21,39.279998779296875,C,50.0,0.2500075,1.0,0,0.0,0.0
IMVT,2026-08-21,39.279998779296875,C,55.0,0.500005,1.0,0,0.0,0.0
IMVT,2026-08-21,39.279998779296875,C,60.0,0.500005,1.0,0,0.0,0.0
IMVT,2026-08-21,39.279998779296875,P,8.0,0.500005,14.0,0,0.0,0.0
IMVT,2026-08-21,39.279998779296875,P,10.0,0.500005,22.0,0,0.0,0.0
IMVT,2026-08-21,39.279998779296875,P,13.0,0.500005,2.0,0,0.0,0.0
IMVT,2026-08-21,39.279998779296875,P,15.0,4.259770300292968,1.0,1,0.0,2.9
IMVT,2026-08-21,39.279998779296875,P,20.0,2.9550807373046872,1.0,3,0.0,2.35
IMVT,2026-08-21,39.279998779296875,P,21.0,2.8222685693359377,1.0,3,0.0,2.45
IMVT,2026-08-21,39.279998779296875,P,22.0,0.500005,1.0,0,0.0,0.0
IMVT,2026-08-21,39.279998779296875,P,23.0,2.2978558178710937,2.0,3,0.0,1.9
IMVT,2026-08-21,39.279998779296875,P,24.0,2.2441450146484367,1.0,2,0.0,2.15
IMVT,2026-08-21,39.279998779296875,P,25.0,0.500005,1.0,0,0.0,0.0
IMVT,2026-08-21,39.279998779296875,P,26.0,3.5009778100585933,1.0,6,2.4,5.7
IMVT,2026-08-21,39.279998779296875,P,27.0,3.5654307739257813,,1,2.55,6.7
IMVT,2026-08-21,39.279998779296875,P,28.0,4.687504140625,,15,6.0,9.4
IMVT,2026-08-21,39.279998779296875,P,29.0,1.724610751953125,1.0,13,0.0,2.7
IMVT,2026-08-21,39.279998779296875,P,30.0,0.2500075,1.0,0,0.0,0.0
IMVT,2026-08-21,39.279998779296875,P,31.0,0.2500075,1.0,0,0.0,0.0
IMVT,2026-08-21,39.279998779296875,P,32.0,0.2500075,4.0,0,0.0,0.0
IMVT,2026-08-21,39.279998779296875,P,33.0,0.2500075,3.0,0,0.0,0.0
IMVT,2026-08-21,39.279998779296875,P,34.0,0.12500875,2.0,0,0.0,0.0
IMVT,2026-08-21,39.279998779296875,P,35.0,0.12500875,1.0,0,0.0,0.0
IMVT,2026-08-21,39.279998779296875,P,37.0,0.062509375,,0,0.0,0.0
IMVT,2026-08-21,39.279998779296875,P,38.0,0.062509375,4.0,0,0.0,0.0
IMVT,2026-08-21,39.279998779296875,P,39.0,0.015634843750000002,,0,0.0,0.0
IMVT,2026-08-21,39.279998779296875,P,40.0,1.0000000000000003e-05,1.0,0,0.0,0.0
IMVT,2026-08-21,39.279998779296875,P,41.0,1.0000000000000003e-05,1.0,0,0.0,0.0
IMVT,2026-08-21,39.279998779296875,P,46.0,1.0000000000000003e-05,1.0,0,0.0,0.0
IMUX,2026-08-21,14.010000228881836,C,12.5,1.0000000000000003e-05,20.0,0,0.0,0.0
IMUX,2026-08-21,14.010000228881836,C,15.0,0.12500875,5.0,0,0.0,0.0
IMUX,2026-08-21,14.010000228881836,C,17.5,0.2500075,4.0,0,0.0,0.0
IMUX,2026-08-21,14.010000228881836,C,20.0,0.500005,10.0,0,0.0,0.0
IMUX,2026-08-21,14.010000228881836,C,25.0,0.500005,,0,0.0,0.0
IMUX,2026-08-21,14.010000228881836,C,30.0,0.500005,,0,0.0,0.0
IMUX,2026-08-21,14.010000228881836,P,10.0,2.2656293359374997,,5,0.0,1.55
IMUX,2026-08-21,14.010000228881836,P,12.5,0.12500875,2.0,0,0.0,0.0
IMUX,2026-08-21,14.010000228881836,P,15.0,1.0000000000000003e-05,1.0,0,0.0,0.0
HEPS,2026-08-21,2.8499999046325684,C,2.5,1.0000000000000003e-05,2,0,0.0,0.0
HEPS,2026-08-21,2.8499999046325684,C,5.0,0.500005,1050,0,0.0,0.0
HEPS,2026-08-21,2.8499999046325684,P,2.5,0.2500075,10,0,0.0,0.0
QNST,2026-08-21,15.470000267028809,C,2.5,13.429689106445311,2.0,1,11.0,14.6
QNST,2026-08-21,15.470000267028809,C,10.0,1.0000000000000003e-05,1.0,0,0.0,0.0
QNST,2026-08-21,15.470000267028809,C,15.0,1.0000000000000003e-05,10.0,0,0.0,0.0
QNST,2026-08-21,15.470000267028809,C,17.5,0.12500875,6.0,0,0.0,0.0
QNST,2026-08-21,15.470000267028809,C,20.0,0.2500075,2.0,0,0.0,0.0
QNST,2026-08-21,15.470000267028809,C,22.5,0.500005,,0,0.0,0.0
QNST,2026-08-21,15.470000267028809,C,25.0,0.500005,,0,0.0,0.0
QNST,2026-08-21,15.470000267028809,P,10.0,0.500005,1.0,0,0.0,0.0
QNST,2026-08-21,15.470000267028809,P,12.5,0.2500075,1.0,0,0.0,0.0
QNST,2026-08-21,15.470000267028809,P,15.0,0.062509375,10.0,0,0.0,0.0
QNST,2026-08-21,15.470000267028809,P,17.5,1.0000000000000003e-05,1.0,0,0.0,0.0
CGEM,2026-08-21,17.610000610351562,C,15.0,1.0000000000000003e-05,5.0,0,0.0,0.0
CGEM,2026-08-21,17.610000610351562,C,16.0,1.0000000000000003e-05,1.0,0,0.0,0.0
CGEM,2026-08-21,17.610000610351562,C,17.0,1.5156274218749999,,25,0.1,4.9
CGEM,2026-08-21,17.610000610351562,C,18.0,0.0312596875,1.0,0,0.0,0.0
CGEM,2026-08-21,17.610000610351562,C,19.0,0.12500875,2.0,0,0.0,0.0
CGEM,2026-08-21,17.610000610351562,C,20.0,0.12500875,4.0,0,0.0,0.0
CGEM,2026-08-21,17.610000610351562,P,5.0,0.500005,22.0,0,0.0,0.0
CGEM,2026-08-21,17.610000610351562,P,6.0,0.500005,22.0,0,0.0,0.0
CGEM,2026-08-21,17.610000610351562,P,7.0,0.500005,10.0,0,0.0,0.0
CGEM,2026-08-21,17.610000610351562,P,9.0,0.500005,,0,0.0,0.0
CGEM,2026-08-21,17.610000610351562,P,15.0,0.2500075,65.0,0,0.0,0.0
CGEM,2026-08-21,17.610000610351562,P,16.0,0.12500875,182.0,0,0.0,0.0
CGEM,2026-08-21,17.610000610351562,P,17.0,0.062509375,122.0,0,0.0,0.0
CGEM,2026-08-21,17.610000610351562,P,25.0,1.0000000000000003e-05,1.0,0,0.0,0.0
PCT,2026-08-07,6.869999885559082,C,1.0,1.0000000000000003e-05,10.0,0,0.0,0.0
PCT,2026-08-07,6.869999885559082,C,2.0,1.0000000000000003e-05,2.0,0,0.0,0.0
PCT,2026-08-07,6.869999885559082,C,4.0,1.0000000000000003e-05,3.0,0,0.0,0.0
PCT,2026-08-07,6.869999885559082,C,4.5,1.0000000000000003e-05,1.0,0,0.0,0.0
PCT,2026-08-07,6.869999885559082,C,5.0,1.0000000000000003e-05,1.0,0,0.0,0.0
PCT,2026-08-07,6.869999885559082,C,5.5,1.0000000000000003e-05,21.0,0,0.0,0.0
PCT,2026-08-07,6.869999885559082,C,6.0,1.0000000000000003e-05,106.0,0,0.0,0.0
PCT,2026-08-07,6.869999885559082,C,6.5,1.0000000000000003e-05,32.0,0,0.0,0.0
PCT,2026-08-07,6.869999885559082,C,7.0,0.12500875,44.0,0,0.0,0.0
PCT,2026-08-07,6.869999885559082,C,7.5,0.500005,28.0,0,0.0,0.0
PCT,2026-08-07,6.869999885559082,C,8.0,0.500005,172.0,0,0.0,0.0
PCT,2026-08-07,6.869999885559082,C,8.5,0.500005,17.0,0,0.0,0.0
PCT,2026-08-07,6.869999885559082,C,9.0,0.500005,10.0,0,0.0,0.0
PCT,2026-08-07,6.869999885559082,C,9.5,0.500005,1.0,0,0.0,0.0
PCT,2026-08-07,6.869999885559082,C,10.0,0.500005,11.0,0,0.0,0.0
PCT,2026-08-07,6.869999885559082,C,10.5,0.500005,8.0,0,0.0,0.0
PCT,2026-08-07,6.869999885559082,C,11.0,0.500005,4.0,0,0.0,0.0
PCT,2026-08-07,6.869999885559082,C,11.5,0.500005,50.0,0,0.0,0.0
PCT,2026-08-07,6.869999885559082,C,12.0,0.500005,50.0,0,0.0,0.0
PCT,2026-08-07,6.869999885559082,P,1.0,0.500005,,0,0.0,0.0
PCT,2026-08-07,6.869999885559082,P,2.0,0.500005,1.0,0,0.0,0.0
PCT,2026-08-07,6.869999885559082,P,4.5,0.500005,,0,0.0,0.0
PCT,2026-08-07,6.869999885559082,P,5.0,0.500005,17.0,0,0.0,0.0
PCT,2026-08-07,6.869999885559082,P,5.5,0.500005,10.0,0,0.0,0.0
PCT,2026-08-07,6.869999885559082,P,6.0,0.500005,501.0,0,0.0,0.0
PCT,2026-08-07,6.869999885559082,P,6.5,0.2500075,523.0,0,0.0,0.0
PCT,2026-08-07,6.869999885559082,P,7.0,1.0000000000000003e-05,40.0,0,0.0,0.0
PCT,2026-08-07,6.869999885559082,P,7.5,1.0000000000000003e-05,10.0,0,0.0,0.0
PCT,2026-08-07,6.869999885559082,P,8.0,1.0000000000000003e-05,26.0,0,0.0,0.0
PCT,2026-08-07,6.869999885559082,P,8.5,1.0000000000000003e-05,5.0,0,0.0,0.0
PCT,2026-08-07,6.869999885559082,P,9.0,1.0000000000000003e-05,2.0,0,0.0,0.0
PCT,2026-08-07,6.869999885559082,P,12.0,1.0000000000000003e-05,4.0,0,0.0,0.0
BXSL,2026-08-21,23.34000015258789,C,13.0,1.890625546875,,0,8.9,12.2
BXSL,2026-08-21,23.34000015258789,C,14.0,1.69140779296875,1.0,0,7.9,11.2
BXSL,2026-08-21,23.34000015258789,C,15.0,1.6582048339843751,2.0,0,7.1,10.2
BXSL,2026-08-21,23.34000015258789,C,16.0,0.7656273437500001,,0,5.5,9.2
BXSL,2026-08-21,23.34000015258789,C,17.5,1.0000000000000003e-05,275.0,0,0.0,0.0
BXSL,2026-08-21,23.34000015258789,C,20.0,1.0000000000000003e-05,1.0,0,0.0,0.0
BXSL,2026-08-21,23.34000015258789,C,21.0,1.0000000000000003e-05,1.0,0,0.0,0.0
BXSL,2026-08-21,23.34000015258789,C,22.5,1.0000000000000003e-05,4.0,0,0.0,0.0
BXSL,2026-08-21,23.34000015258789,C,24.0,0.0312596875,1.0,0,0.0,0.0
BXSL,2026-08-21,23.34000015258789,C,25.0,0.12500875,32.0,0,0.0,0.0
BXSL,2026-08-21,23.34000015258789,C,26.0,0.12500875,15.0,0,0.0,0.0
BXSL,2026-08-21,23.34000015258789,C,27.5,0.2500075,3.0,0,0.0,0.0
BXSL,2026-08-21,23.34000015258789,C,29.0,0.2500075,,0,0.0,0.0
BXSL,2026-08-21,23.34000015258789,C,30.0,0.2500075,1.0,0,0.0,0.0
BXSL,2026-08-21,23.34000015258789,C,32.5,0.8242205078124999,4.0,7,0.0,0.1
BXSL,2026-08-21,23.34000015258789,C,40.0,1.783204208984375,,1,0.0,0.75
BXSL,2026-08-21,23.34000015258789,P,15.0,0.500005,10.0,0,0.0,0.0
BXSL,2026-08-21,23.34000015258789,P,17.5,1.2656286718749998,2.0,7,0.0,0.75
BXSL,2026-08-21,23.34000015258789,P,20.0,0.2500075,1.0,0,0.0,0.0
BXSL,2026-08-21,23.34000015258789,P,21.0,0.12500875,10.0,0,0.0,0.0
BXSL,2026-08-21,23.34000015258789,P,22.5,0.062509375,41.0,0,0.0,0.0
BXSL,2026-08-21,23.34000015258789,P,24.0,1.0000000000000003e-05,9.0,0,0.0,0.0
BXSL,2026-08-21,23.34000015258789,P,25.0,1.0000000000000003e-05,9.0,0,0.0,0.0
BXSL,2026-08-21,23.34000015258789,P,27.5,1.0000000000000003e-05,17.0,0,0.0,0.0
BXSL,2026-08-21,23.34000015258789,P,30.0,1.0000000000000003e-05,1.0,0,0.0,0.0
BXSL,2026-08-21,23.34000015258789,P,32.5,1.0000000000000003e-05,1.0,0,0.0,0.0
ACHV,2026-08-21,6.659999847412109,C,2.5,1.0000000000000003e-05,1,0,0.0,0.0
ACHV,2026-08-21,6.659999847412109,C,5.0,1.0000000000000003e-05,3,0,0.0,0.0
ACHV,2026-08-21,6.659999847412109,C,7.5,0.12500875,27,0,0.0,0.0
ACHV,2026-08-21,6.659999847412109,C,10.0,0.500005,2,0,0.0,0.0
ACHV,2026-08-21,6.659999847412109,P,5.0,0.500005,30,0,0.0,0.0
ACHV,2026-08-21,6.659999847412109,P,7.5,1.0000000000000003e-05,1,0,0.0,0.0
GROV,2026-08-21,1.1100000143051147,C,2.5,0.500005,3.0,0,0.0,0.0
GROV,2026-08-21,1.1100000143051147,C,5.0,4.562504296875,,1,0.0,0.1
GROV,2026-08-21,1.1100000143051147,P,2.5,6.7187516015625,5.0,111,1.0,1.75
SRRK,2026-08-21,47.869998931884766,C,35.0,1.0000000000000003e-05,2.0,0,0.0,0.0
SRRK,2026-08-21,47.869998931884766,C,45.0,1.0000000000000003e-05,3.0,0,0.0,0.0
SRRK,2026-08-21,47.869998931884766,C,50.0,0.062509375,1.0,0,0.0,0.0
SRRK,2026-08-21,47.869998931884766,C,55.0,0.12500875,1.0,0,0.0,0.0
SRRK,2026-08-21,47.869998931884766,C,60.0,0.2500075,10.0,0,0.0,0.0
SRRK,2026-08-21,47.869998931884766,C,65.0,0.2500075,1.0,0,0.0,0.0
SRRK,2026-08-21,47.869998931884766,C,70.0,0.500005,,0,0.0,0.0
SRRK,2026-08-21,47.869998931884766,C,75.0,0.500005,,0,0.0,0.0
SRRK,2026-08-21,47.869998931884766,P,25.0,0.500005,,0,0.0,0.0
SRRK,2026-08-21,47.869998931884766,P,30.0,0.500005,,0,0.0,0.0
SRRK,2026-08-21,47.869998931884766,P,35.0,1.3759796826171873,1.0,11,0.0,1.65
SRRK,2026-08-21,47.869998931884766,P,40.0,0.2500075,3.0,0,0.0,0.0
SRRK,2026-08-21,47.869998931884766,P,45.0,0.062509375,304.0,0,0.0,0.0
SRRK,2026-08-21,47.869998931884766,P,50.0,1.0000000000000003e-05,5.0,0,0.0,0.0
SRRK,2026-08-21,47.869998931884766,P,55.0,1.0000000000000003e-05,20.0,0,0.0,0.0
VITL,2026-08-21,12.239999771118164,C,7.5,1.0000000000000003e-05,55.0,0,0.0,0.0
VITL,2026-08-21,12.239999771118164,C,10.0,1.0000000000000003e-05,20.0,0,0.0,0.0
VITL,2026-08-21,12.239999771118164,C,12.5,0.0312596875,25.0,0,0.0,0.0
VITL,2026-08-21,12.239999771118164,C,15.0,0.2500075,49.0,0,0.0,0.0
VITL,2026-08-21,12.239999771118164,C,17.5,0.500005,2.0,0,0.0,0.0
VITL,2026-08-21,12.239999771118164,C,20.0,0.500005,1.0,0,0.0,0.0
VITL,2026-08-21,12.239999771118164,P,2.5,0.500005,100.0,0,0.0,0.0
VITL,2026-08-21,12.239999771118164,P,5.0,0.500005,,0,0.0,0.0
VITL,2026-08-21,12.239999771118164,P,7.5,0.500005,1.0,0,0.0,0.0
VITL,2026-08-21,12.239999771118164,P,10.0,0.2500075,172.0,0,0.0,0.0
VITL,2026-08-21,12.239999771118164,P,12.5,1.0000000000000003e-05,48.0,0,0.0,0.0
VITL,2026-08-21,12.239999771118164,P,15.0,1.0000000000000003e-05,1.0,0,0.0,0.0
VITL,2026-08-21,12.239999771118164,P,17.5,1.0000000000000003e-05,1.0,0,0.0,0.0
PRTA,2026-08-21,8.489999771118164,C,8.0,1.0000000000000003e-05,4.0,0,0.0,0.0
PRTA,2026-08-21,8.489999771118164,C,9.0,0.062509375,1.0,0,0.0,0.0
PRTA,2026-08-21,8.489999771118164,C,10.0,0.2500075,7.0,0,0.0,0.0
PRTA,2026-08-21,8.489999771118164,C,11.0,0.2500075,3.0,0,0.0,0.0
PRTA,2026-08-21,8.489999771118164,C,12.0,0.500005,10.0,0,0.0,0.0
PRTA,2026-08-21,8.489999771118164,P,1.0,0.500005,,0,0.0,0.0
PRTA,2026-08-21,8.489999771118164,P,8.0,0.12500875,,0,0.0,0.0
PRTA,2026-08-21,8.489999771118164,P,9.0,1.0000000000000003e-05,,0,0.0,0.0
BKV,2026-08-21,23.0,C,20.0,1.0000000000000003e-05,1.0,0,0.0,0.0
BKV,2026-08-21,23.0,C,22.5,1.0000000000000003e-05,25.0,0,0.0,0.0
BKV,2026-08-21,23.0,C,25.0,0.12500875,13.0,0,0.0,0.0
BKV,2026-08-21,23.0,C,30.0,0.2500075,1.0,0,0.0,0.0
BKV,2026-08-21,23.0,C,35.0,0.500005,2.0,0,0.0,0.0
BKV,2026-08-21,23.0,C,40.0,0.500005,1.0,0,0.0,0.0
BKV,2026-08-21,23.0,C,45.0,0.500005,2.0,0,0.0,0.0
BKV,2026-08-21,23.0,P,17.5,1.419924775390625,,1,0.0,1.15
BKV,2026-08-21,23.0,P,20.0,0.8730481445312499,1.0,2,0.0,1.0
BKV,2026-08-21,23.0,P,22.5,0.0312596875,3.0,0,0.0,0.0
BKV,2026-08-21,23.0,P,25.0,1.0000000000000003e-05,3.0,0,0.0,0.0
BKV,2026-08-21,23.0,P,30.0,1.0000000000000003e-05,1.0,0,0.0,0.0
HELP,2026-08-21,10.529999732971191,C,2.5,1.0000000000000003e-05,4,0,0.0,0.0
HELP,2026-08-21,10.529999732971191,C,5.0,1.0000000000000003e-05,602,0,0.0,0.0
HELP,2026-08-21,10.529999732971191,C,7.5,1.0000000000000003e-05,129,0,0.0,0.0
HELP,2026-08-21,10.529999732971191,C,10.0,1.0000000000000003e-05,695,0,0.0,0.0
HELP,2026-08-21,10.529999732971191,C,12.5,0.2500075,249,0,0.0,0.0
HELP,2026-08-21,10.529999732971191,C,15.0,0.500005,10,0,0.0,0.0
HELP,2026-08-21,10.529999732971191,P,2.5,3.3437516406249994,1,97,0.0,0.05
HELP,2026-08-21,10.529999732971191,P,5.0,0.500005,2,0,0.0,0.0
HELP,2026-08-21,10.529999732971191,P,7.5,0.500005,56,0,0.0,0.0
HELP,2026-08-21,10.529999732971191,P,10.0,0.062509375,79,0,0.0,0.0
HELP,2026-08-21,10.529999732971191,P,12.5,6.269533413085938,1,1,4.3,9.0
ATYR,2026-08-21,0.5289999842643738,C,0.5,1.0000000000000003e-05,7,0,0.0,0.0
ATYR,2026-08-21,0.5289999842643738,C,1.0,0.500005,6,0,0.0,0.0
ATYR,2026-08-21,0.5289999842643738,C,1.5,0.500005,1,0,0.0,0.0
ATYR,2026-08-21,0.5289999842643738,C,2.0,0.500005,2,0,0.0,0.0
ATYR,2026-08-21,0.5289999842643738,C,3.0,0.500005,1,0,0.0,0.0
ATYR,2026-08-21,0.5289999842643738,C,4.0,0.500005,6,0,0.0,0.0
ATYR,2026-08-21,0.5289999842643738,P,0.5,0.12500875,1,0,0.0,0.0
ATYR,2026-08-21,0.5289999842643738,P,1.0,1.0000000000000003e-05,2,0,0.0,0.0
ATYR,2026-08-21,0.5289999842643738,P,2.0,3.0000025,35,10,1.1,1.85
ATYR,2026-08-21,0.5289999842643738,P,3.0,5.187503515625,1,0,2.1,2.9
VIA,2026-08-21,21.360000610351562,C,12.5,1.0000000000000003e-05,1.0,0,0.0,0.0
VIA,2026-08-21,21.360000610351562,C,15.0,1.0000000000000003e-05,21.0,0,0.0,0.0
VIA,2026-08-21,21.360000610351562,C,17.5,1.0000000000000003e-05,31.0,0,0.0,0.0
VIA,2026-08-21,21.360000610351562,C,20.0,1.0000000000000003e-05,5.0,0,0.0,0.0
VIA,2026-08-21,21.360000610351562,C,22.5,0.062509375,4.0,0,0.0,0.0
VIA,2026-08-21,21.360000610351562,C,25.0,0.2500075,1.0,0,0.0,0.0
VIA,2026-08-21,21.360000610351562,C,30.0,0.500005,,0,0.0,0.0
VIA,2026-08-21,21.360000610351562,P,5.0,0.500005,,0,0.0,0.0
VIA,2026-08-21,21.360000610351562,P,12.5,0.500005,1.0,0,0.0,0.0
VIA,2026-08-21,21.360000610351562,P,15.0,0.500005,10.0,0,0.0,0.0
VIA,2026-08-21,21.360000610351562,P,17.5,0.2500075,1.0,0,0.0,0.0
VIA,2026-08-21,21.360000610351562,P,20.0,0.062509375,1.0,0,0.0,0.0
KVHI,2026-08-21,9.720000267028809,C,10.0,0.062509375,75,0,0.0,0.0
KVHI,2026-08-21,9.720000267028809,P,12.5,1.0000000000000003e-05,2,0,0.0,0.0
ELTX,2026-08-21,3.190000057220459,C,2.5,1.0000000000000003e-05,395,0,0.0,0.0
ELTX,2026-08-21,3.190000057220459,C,5.0,0.500005,341,0,0.0,0.0
ELTX,2026-08-21,3.190000057220459,C,7.5,0.500005,9,0,0.0,0.0
ELTX,2026-08-21,3.190000057220459,C,10.0,0.500005,9,0,0.0,0.0
ELTX,2026-08-21,3.190000057220459,C,12.5,0.500005,5,0,0.0,0.0
ELTX,2026-08-21,3.190000057220459,C,15.0,0.500005,2,0,0.0,0.0
ELTX,2026-08-21,3.190000057220459,C,17.5,1.000005,3,0,0.0,0.0
ELTX,2026-08-21,3.190000057220459,C,20.0,0.500005,4,0,0.0,0.0
ELTX,2026-08-21,3.190000057220459,C,22.5,0.500005,1000,0,0.0,0.0
ELTX,2026-08-21,3.190000057220459,C,25.0,0.500005,1000,0,0.0,0.0
ELTX,2026-08-21,3.190000057220459,P,2.5,0.500005,3,0,0.0,0.0
ELTX,2026-08-21,3.190000057220459,P,5.0,1.0000000000000003e-05,1,0,0.0,0.0
ELTX,2026-08-21,3.190000057220459,P,7.5,1.0000000000000003e-05,21,0,0.0,0.0
ELTX,2026-08-21,3.190000057220459,P,10.0,1.0000000000000003e-05,1,0,0.0,0.0
ELTX,2026-08-21,3.190000057220459,P,12.5,4.23437970703125,1011,1701,7.0,11.9
ELTX,2026-08-21,3.190000057220459,P,15.0,4.6093792382812495,4,9,9.5,14.4
ELTX,2026-08-21,3.190000057220459,P,17.5,1.0000000000000003e-05,1,0,0.0,0.0
ELTX,2026-08-21,3.190000057220459,P,20.0,1.0000000000000003e-05,1,0,0.0,0.0
RMAX,2026-08-21,9.699999809265137,C,10.0,0.062509375,46,0,0.0,0.0
RMAX,2026-08-21,9.699999809265137,C,12.5,0.2500075,2,0,0.0,0.0
RMAX,2026-08-21,9.699999809265137,P,7.5,0.2500075,4,0,0.0,0.0
RMAX,2026-08-21,9.699999809265137,P,10.0,1.0000000000000003e-05,1,0,0.0,0.0
QSR,2026-08-21,74.48999786376953,C,42.5,1.0000000000000003e-05,,0,28.5,31.2
QSR,2026-08-21,74.48999786376953,C,60.0,1.0000000000000003e-05,,0,0.0,0.0
QSR,2026-08-21,74.48999786376953,C,65.0,1.0000000000000003e-05,1.0,0,0.0,0.0
QSR,2026-08-21,74.48999786376953,C,70.0,1.0000000000000003e-05,1.0,0,0.0,0.0
QSR,2026-08-21,74.48999786376953,C,72.5,1.0000000000000003e-05,6.0,0,0.0,0.0
QSR,2026-08-21,74.48999786376953,C,75.0,0.007822421875,409.0,0,0.0,0.0
QSR,2026-08-21,74.48999786376953,C,77.5,0.062509375,66.0,0,0.0,0.0
QSR,2026-08-21,74.48999786376953,C,80.0,0.062509375,4.0,0,0.0,0.0
QSR,2026-08-21,74.48999786376953,C,82.5,0.12500875,452.0,0,0.0,0.0
QSR,2026-08-21,74.48999786376953,C,85.0,0.12500875,3.0,0,0.0,0.0
QSR,2026-08-21,74.48999786376953,C,90.0,0.2500075,,0,0.0,0.0
QSR,2026-08-21,74.48999786376953,C,95.0,0.2500075,,0,0.0,0.0
QSR,2026-08-21,74.48999786376953,C,100.0,0.2500075,,0,0.0,0.0
QSR,2026-08-21,74.48999786376953,C,115.0,0.500005,,0,0.0,0.0
QSR,2026-08-21,74.48999786376953,P,55.0,0.2500075,,0,0.0,0.0
QSR,2026-08-21,74.48999786376953,P,60.0,0.2500075,2.0,0,0.0,0.0
QSR,2026-08-21,74.48999786376953,P,65.0,0.12500875,276.0,0,0.0,0.0
QSR,2026-08-21,74.48999786376953,P,67.5,0.12500875,9.0,0,0.0,0.0
QSR,2026-08-21,74.48999786376953,P,70.0,0.062509375,73.0,0,0.0,0.0
QSR,2026-08-21,74.48999786376953,P,72.5,0.0312596875,23.0,0,0.0,0.0
QSR,2026-08-21,74.48999786376953,P,75.0,1.0000000000000003e-05,9.0,0,0.0,0.0
QSR,2026-08-21,74.48999786376953,P,77.5,1.0000000000000003e-05,1.0,0,0.0,0.0
QSR,2026-08-21,74.48999786376953,P,80.0,1.0000000000000003e-05,6.0,0,0.0,0.0
QSR,2026-08-21,74.48999786376953,P,82.5,1.0000000000000003e-05,7.0,0,0.0,0.0
EXFY,2026-08-21,2.0199999809265137,C,1.5,1.0000000000000003e-05,3,0,0.0,0.0
EXFY,2026-08-21,2.0199999809265137,C,2.0,1.0000000000000003e-05,6,0,0.0,0.0
EXFY,2026-08-21,2.0199999809265137,C,2.5,0.2500075,2,0,0.0,0.0
EXFY,2026-08-21,2.0199999809265137,C,5.0,0.500005,1,0,0.0,0.0
EXFY,2026-08-21,2.0199999809265137,P,1.0,0.500005,760,0,0.0,0.0
EXFY,2026-08-21,2.0199999809265137,P,1.5,0.500005,1,0,0.0,0.0
EXFY,2026-08-21,2.0199999809265137,P,2.0,0.0312596875,1,0,0.0,0.0
EXFY,2026-08-21,2.0199999809265137,P,2.5,1.0000000000000003e-05,1,0,0.0,0.0
RGTI,2026-08-07,16.780000686645508,C,4.0,1.0000000000000003e-05,9.0,0,0.0,0.0
RGTI,2026-08-07,16.780000686645508,C,5.0,1.0000000000000003e-05,1.0,0,0.0,0.0
RGTI,2026-08-07,16.780000686645508,C,6.0,1.0000000000000003e-05,2.0,0,0.0,0.0
RGTI,2026-08-07,16.780000686645508,C,7.0,1.0000000000000003e-05,2.0,0,0.0,0.0
RGTI,2026-08-07,16.780000686645508,C,8.0,1.0000000000000003e-05,2.0,0,0.0,0.0
RGTI,2026-08-07,16.780000686645508,C,9.0,1.0000000000000003e-05,2.0,0,0.0,0.0
RGTI,2026-08-07,16.780000686645508,C,10.0,1.0000000000000003e-05,4.0,0,0.0,0.0
RGTI,2026-08-07,16.780000686645508,C,10.5,1.0000000000000003e-05,3.0,0,0.0,0.0
RGTI,2026-08-07,16.780000686645508,C,11.0,1.0000000000000003e-05,3.0,0,0.0,0.0
RGTI,2026-08-07,16.780000686645508,C,11.5,1.0000000000000003e-05,3.0,0,0.0,0.0
RGTI,2026-08-07,16.780000686645508,C,12.0,1.0000000000000003e-05,3.0,0,0.0,0.0
RGTI,2026-08-07,16.780000686645508,C,12.5,1.0000000000000003e-05,3.0,0,0.0,0.0
RGTI,2026-08-07,16.780000686645508,C,13.0,1.0000000000000003e-05,2.0,0,0.0,0.0
RGTI,2026-08-07,16.780000686645508,C,13.5,1.0000000000000003e-05,1.0,0,0.0,0.0
RGTI,2026-08-07,16.780000686645508,C,14.0,1.0000000000000003e-05,1536.0,0,0.0,0.0
RGTI,2026-08-07,16.780000686645508,C,14.5,1.0000000000000003e-05,44.0,0,0.0,0.0
RGTI,2026-08-07,16.780000686645508,C,15.0,1.0000000000000003e-05,115.0,0,0.0,0.0
RGTI,2026-08-07,16.780000686645508,C,15.5,1.0000000000000003e-05,79.0,0,0.0,0.0
RGTI,2026-08-07,16.780000686645508,C,16.0,1.0000000000000003e-05,219.0,0,0.0,0.0
RGTI,2026-08-07,16.780000686645508,C,16.5,1.0000000000000003e-05,308.0,0,0.0,0.0
RGTI,2026-08-07,16.780000686645508,C,17.0,0.062509375,3099.0,0,0.0,0.0
RGTI,2026-08-07,16.780000686645508,C,17.5,0.12500875,619.0,0,0.0,0.0
RGTI,2026-08-07,16.780000686645508,C,18.0,0.2500075,1122.0,0,0.0,0.0
RGTI,2026-08-07,16.780000686645508,C,18.5,0.500005,256.0,0,0.0,0.0
RGTI,2026-08-07,16.780000686645508,C,19.0,0.500005,618.0,0,0.0,0.0
RGTI,2026-08-07,16.780000686645508,C,19.5,0.500005,133.0,0,0.0,0.0
RGTI,2026-08-07,16.780000686645508,C,20.0,0.500005,418.0,0,0.0,0.0
RGTI,2026-08-07,16.780000686645508,C,20.5,0.500005,14.0,0,0.0,0.0
RGTI,2026-08-07,16.780000686645508,C,21.0,0.500005,682.0,0,0.0,0.0
RGTI,2026-08-07,16.780000686645508,C,21.5,0.500005,13.0,0,0.0,0.0
RGTI,2026-08-07,16.780000686645508,C,22.0,0.500005,74.0,0,0.0,0.0
RGTI,2026-08-07,16.780000686645508,C,22.5,0.500005,4.0,0,0.0,0.0
RGTI,2026-08-07,16.780000686645508,C,23.0,0.500005,34.0,0,0.0,0.0
RGTI,2026-08-07,16.780000686645508,C,23.5,0.500005,35.0,0,0.0,0.0
RGTI,2026-08-07,16.780000686645508,C,24.0,0.500005,1075.0,0,0.0,0.0
RGTI,2026-08-07,16.780000686645508,C,24.5,0.500005,6.0,0,0.0,0.0
RGTI,2026-08-07,16.780000686645508,C,25.0,0.500005,12.0,0,0.0,0.0
RGTI,2026-08-07,16.780000686645508,C,26.0,0.500005,20.0,0,0.0,0.0
RGTI,2026-08-07,16.780000686645508,C,27.0,0.500005,3.0,0,0.0,0.0
RGTI,2026-08-07,16.780000686645508,C,28.0,0.500005,1.0,0,0.0,0.0
RGTI,2026-08-07,16.780000686645508,C,29.0,0.500005,2.0,0,0.0,0.0
RGTI,2026-08-07,16.780000686645508,C,30.0,0.500005,6.0,0,0.0,0.0
RGTI,2026-08-07,16.780000686645508,C,35.0,0.500005,11.0,0,0.0,0.0
RGTI,2026-08-07,16.780000686645508,P,4.0,0.500005,,0,0.0,0.0
RGTI,2026-08-07,16.780000686645508,P,6.0,0.500005,2.0,0,0.0,0.0
RGTI,2026-08-07,16.780000686645508,P,9.0,0.500005,2.0,0,0.0,0.0
RGTI,2026-08-07,16.780000686645508,P,10.0,0.500005,7.0,0,0.0,0.0
RGTI,2026-08-07,16.780000686645508,P,10.5,0.500005,36.0,0,0.0,0.0
RGTI,2026-08-07,16.780000686645508,P,11.0,0.500005,3528.0,0,0.0,0.0
RGTI,2026-08-07,16.780000686645508,P,11.5,0.500005,1.0,0,0.0,0.0
RGTI,2026-08-07,16.780000686645508,P,12.0,0.500005,102.0,0,0.0,0.0
RGTI,2026-08-07,16.780000686645508,P,12.5,0.500005,109.0,0,0.0,0.0
RGTI,2026-08-07,16.780000686645508,P,13.0,0.500005,38.0,0,0.0,0.0
RGTI,2026-08-07,16.780000686645508,P,13.5,0.500005,252.0,0,0.0,0.0
RGTI,2026-08-07,16.780000686645508,P,14.0,0.500005,508.0,0,0.0,0.0
RGTI,2026-08-07,16.780000686645508,P,14.5,0.500005,93.0,0,0.0,0.0
RGTI,2026-08-07,16.780000686645508,P,15.0,0.500005,621.0,0,0.0,0.0
RGTI,2026-08-07,16.780000686645508,P,15.5,0.2500075,127.0,0,0.0,0.0
RGTI,2026-08-07,16.780000686645508,P,16.0,0.2500075,618.0,0,0.0,0.0
RGTI,2026-08-07,16.780000686645508,P,16.5,0.062509375,285.0,0,0.0,0.0
RGTI,2026-08-07,16.780000686645508,P,17.0,1.0000000000000003e-05,2096.0,0,0.0,0.0
RGTI,2026-08-07,16.780000686645508,P,17.5,1.0000000000000003e-05,120.0,0,0.0,0.0
RGTI,2026-08-07,16.780000686645508,P,18.0,1.0000000000000003e-05,169.0,0,0.0,0.0
RGTI,2026-08-07,16.780000686645508,P,18.5,1.0000000000000003e-05,6.0,0,0.0,0.0
RGTI,2026-08-07,16.780000686645508,P,19.0,1.0000000000000003e-05,6.0,0,0.0,0.0
RGTI,2026-08-07,16.780000686645508,P,19.5,1.0000000000000003e-05,5.0,0,0.0,0.0
RGTI,2026-08-07,16.780000686645508,P,20.0,1.0000000000000003e-05,12.0,0,0.0,0.0
RGTI,2026-08-07,16.780000686645508,P,20.5,1.0000000000000003e-05,3.0,0,0.0,0.0
RGTI,2026-08-07,16.780000686645508,P,21.0,1.0000000000000003e-05,1.0,0,0.0,0.0
RGTI,2026-08-07,16.780000686645508,P,21.5,1.0000000000000003e-05,1.0,0,0.0,0.0
RGTI,2026-08-07,16.780000686645508,P,22.0,1.0000000000000003e-05,6.0,0,0.0,0.0
RGTI,2026-08-07,16.780000686645508,P,22.5,1.0000000000000003e-05,3.0,0,0.0,0.0
RGTI,2026-08-07,16.780000686645508,P,23.0,1.0000000000000003e-05,1.0,0,0.0,0.0
RGTI,2026-08-07,16.780000686645508,P,23.5,1.0000000000000003e-05,1.0,0,0.0,0.0
RGTI,2026-08-07,16.780000686645508,P,24.0,1.0000000000000003e-05,3.0,0,0.0,0.0
RGTI,2026-08-07,16.780000686645508,P,24.5,1.0000000000000003e-05,4.0,0,0.0,0.0
RGTI,2026-08-07,16.780000686645508,P,25.0,1.0000000000000003e-05,3.0,0,0.0,0.0
RGTI,2026-08-07,16.780000686645508,P,26.0,1.0000000000000003e-05,1.0,0,0.0,0.0
RGTI,2026-08-07,16.780000686645508,P,27.0,1.0000000000000003e-05,14.0,0,0.0,0.0
RGTI,2026-08-07,16.780000686645508,P,28.0,1.0000000000000003e-05,3.0,0,0.0,0.0
RGTI,2026-08-07,16.780000686645508,P,29.0,1.0000000000000003e-05,3.0,0,0.0,0.0
RGTI,2026-08-07,16.780000686645508,P,30.0,1.0000000000000003e-05,2.0,0,0.0,0.0
RGTI,2026-08-07,16.780000686645508,P,35.0,1.0000000000000003e-05,1.0,0,0.0,0.0
MSDL,2026-08-21,15.079999923706055,C,11.0,1.3125034374999998,4.0,0,3.7,4.9
MSDL,2026-08-21,15.079999923706055,C,12.0,1.0000000000000003e-05,2.0,0,0.0,0.0
MSDL,2026-08-21,15.079999923706055,C,15.0,1.0000000000000003e-05,7.0,0,0.0,0.0
MSDL,2026-08-21,15.079999923706055,C,16.0,0.062509375,30.0,0,0.0,0.0
MSDL,2026-08-21,15.079999923706055,C,17.0,0.12500875,4.0,0,0.0,0.0
MSDL,2026-08-21,15.079999923706055,C,18.0,0.2500075,,0,0.0,0.0
MSDL,2026-08-21,15.079999923706055,P,14.0,0.12500875,15.0,0,0.0,0.0
MSDL,2026-08-21,15.079999923706055,P,15.0,0.007822421875,1.0,0,0.0,0.0
MSDL,2026-08-21,15.079999923706055,P,18.0,0.6953155468750001,,0,1.2,4.9
MSDL,2026-08-21,15.079999923706055,P,19.0,0.7421900781249999,,0,3.2,4.8
MSDL,2026-08-21,15.079999923706055,P,21.0,1.3281283593749997,,1,4.5,7.9
MSDL,2026-08-21,15.079999923706055,P,22.0,3.0859397851562496,,0,4.8,8.9
MSDL,2026-08-21,15.079999923706055,P,23.0,3.2304706738281244,,0,5.8,9.9
MSDL,2026-08-21,15.079999923706055,P,24.0,3.3652359619140624,,0,6.8,10.9
IIIV,2026-08-21,22.440000534057617,C,2.5,1.0000000000000003e-05,,0,0.0,0.0
IIIV,2026-08-21,22.440000534057617,C,20.0,1.0000000000000003e-05,,0,0.0,0.0
IIIV,2026-08-21,22.440000534057617,C,22.5,0.007822421875,11.0,0,0.0,0.0
IIIV,2026-08-21,22.440000534057617,P,15.0,0.500005,,0,0.0,0.0
IIIV,2026-08-21,22.440000534057617,P,17.5,0.2500075,,0,0.0,0.0
DNUT,2026-08-07,3.0999999046325684,C,1.0,1.0000000000000003e-05,400.0,0,0.0,0.0
DNUT,2026-08-07,3.0999999046325684,C,2.0,1.0000000000000003e-05,3.0,0,0.0,0.0
DNUT,2026-08-07,3.0999999046325684,C,2.5,1.0000000000000003e-05,5.0,0,0.0,0.0
DNUT,2026-08-07,3.0999999046325684,C,3.0,1.0000000000000003e-05,657.0,0,0.0,0.0
DNUT,2026-08-07,3.0999999046325684,C,3.5,0.500005,85.0,0,0.0,0.0
DNUT,2026-08-07,3.0999999046325684,C,4.0,0.500005,7.0,0,0.0,0.0
DNUT,2026-08-07,3.0999999046325684,C,5.0,0.500005,60.0,0,0.0,0.0
DNUT,2026-08-07,3.0999999046325684,C,5.5,0.500005,,0,0.0,0.0
DNUT,2026-08-07,3.0999999046325684,C,7.0,0.500005,2.0,0,0.0,0.0
DNUT,2026-08-07,3.0999999046325684,P,1.0,0.500005,1.0,0,0.0,0.0
DNUT,2026-08-07,3.0999999046325684,P,2.0,0.500005,1.0,0,0.0,0.0
DNUT,2026-08-07,3.0999999046325684,P,3.0,0.2500075,214.0,0,0.0,0.0
DNUT,2026-08-07,3.0999999046325684,P,3.5,1.0000000000000003e-05,16.0,0,0.0,0.0
DNUT,2026-08-07,3.0999999046325684,P,4.0,1.0000000000000003e-05,20.0,0,0.0,0.0
DNUT,2026-08-07,3.0999999046325684,P,5.0,1.0000000000000003e-05,1.0,0,0.0,0.0
DNUT,2026-08-07,3.0999999046325684,P,5.5,1.0000000000000003e-05,2.0,0,0.0,0.0
DNUT,2026-08-07,3.0999999046325684,P,6.0,1.0000000000000003e-05,2.0,0,0.0,0.0
DNUT,2026-08-07,3.0999999046325684,P,6.5,1.0000000000000003e-05,1.0,0,0.0,0.0
NOG,2026-08-21,19.770000457763672,C,12.0,1.0000000000000003e-05,12.0,0,0.0,0.0
NOG,2026-08-21,19.770000457763672,C,13.0,1.0000000000000003e-05,1.0,0,0.0,0.0
NOG,2026-08-21,19.770000457763672,C,14.0,1.0000000000000003e-05,1.0,0,0.0,0.0
NOG,2026-08-21,19.770000457763672,C,15.0,1.0000000000000003e-05,,0,0.0,0.0
NOG,2026-08-21,19.770000457763672,C,16.0,1.0000000000000003e-05,6.0,0,0.0,0.0
NOG,2026-08-21,19.770000457763672,C,17.0,1.0000000000000003e-05,2.0,0,0.0,0.0
NOG,2026-08-21,19.770000457763672,C,18.0,1.0000000000000003e-05,32.0,0,0.0,0.0
NOG,2026-08-21,19.770000457763672,C,19.0,1.0000000000000003e-05,4.0,0,0.0,0.0
NOG,2026-08-21,19.770000457763672,C,20.0,0.015634843750000002,128.0,0,0.0,0.0
NOG,2026-08-21,19.770000457763672,C,21.0,0.062509375,40.0,0,0.0,0.0
NOG,2026-08-21,19.770000457763672,C,22.0,0.12500875,10.0,0,0.0,0.0
NOG,2026-08-21,19.770000457763672,C,23.0,0.2500075,262.0,0,0.0,0.0
NOG,2026-08-21,19.770000457763672,C,24.0,0.2500075,5.0,0,0.0,0.0
NOG,2026-08-21,19.770000457763672,C,25.0,0.2500075,5.0,0,0.0,0.0
NOG,2026-08-21,19.770000457763672,C,26.0,0.2500075,1.0,0,0.0,0.0
NOG,2026-08-21,19.770000457763672,C,27.0,0.2500075,1.0,0,0.0,0.0
NOG,2026-08-21,19.770000457763672,C,28.0,0.500005,1.0,0,0.0,0.0
NOG,2026-08-21,19.770000457763672,P,12.0,0.500005,2.0,0,0.0,0.0
NOG,2026-08-21,19.770000457763672,P,13.0,0.500005,,0,0.0,0.0
NOG,2026-08-21,19.770000457763672,P,14.0,0.500005,1.0,0,0.0,0.0
NOG,2026-08-21,19.770000457763672,P,15.0,0.2500075,2.0,0,0.0,0.0
NOG,2026-08-21,19.770000457763672,P,16.0,0.2500075,1.0,0,0.0,0.0
NOG,2026-08-21,19.770000457763672,P,17.0,0.2500075,47.0,0,0.0,0.0
NOG,2026-08-21,19.770000457763672,P,18.0,0.12500875,108.0,0,0.0,0.0
NOG,2026-08-21,19.770000457763672,P,19.0,0.062509375,261.0,0,0.0,0.0
NOG,2026-08-21,19.770000457763672,P,20.0,1.0000000000000003e-05,42.0,0,0.0,0.0
NOG,2026-08-21,19.770000457763672,P,21.0,1.0000000000000003e-05,1.0,0,0.0,0.0
NOG,2026-08-21,19.770000457763672,P,22.0,1.0000000000000003e-05,1.0,0,0.0,0.0
NOG,2026-08-21,19.770000457763672,P,23.0,1.0000000000000003e-05,1.0,0,0.0,0.0
SVV,2026-08-21,10.899999618530273,C,2.5,1.0000000000000003e-05,2.0,1,5.9,7.6
SVV,2026-08-21,10.899999618530273,C,5.0,1.0000000000000003e-05,2.0,0,0.0,0.0
SVV,2026-08-21,10.899999618530273,C,10.0,1.0000000000000003e-05,3.0,0,0.0,0.0
SVV,2026-08-21,10.899999618530273,C,12.5,0.2500075,2.0,0,0.0,0.0
SVV,2026-08-21,10.899999618530273,P,2.5,0.500005,,0,0.0,0.0
SVV,2026-08-21,10.899999618530273,P,7.5,0.500005,,0,0.0,0.0
SVV,2026-08-21,10.899999618530273,P,10.0,0.12500875,1.0,0,0.0,0.0
RGA,2026-08-21,236.3800048828125,C,210.0,1.0000000000000003e-05,2.0,0,0.0,0.0
RGA,2026-08-21,236.3800048828125,C,220.0,1.0000000000000003e-05,2.0,0,0.0,0.0
RGA,2026-08-21,236.3800048828125,C,230.0,1.0000000000000003e-05,1.0,0,0.0,0.0
RGA,2026-08-21,236.3800048828125,C,240.0,0.015634843750000002,1.0,0,0.0,0.0
RGA,2026-08-21,236.3800048828125,C,250.0,0.062509375,1.0,0,0.0,0.0
RGA,2026-08-21,236.3800048828125,C,270.0,0.12500875,2.0,0,0.0,0.0
RGA,2026-08-21,236.3800048828125,C,280.0,0.12500875,141.0,0,0.0,0.0
RGA,2026-08-21,236.3800048828125,P,165.0,0.2500075,5.0,0,0.0,0.0
RGA,2026-08-21,236.3800048828125,P,185.0,0.2500075,,0,0.0,0.0
RGA,2026-08-21,236.3800048828125,P,190.0,0.2500075,,0,0.0,0.0
RGA,2026-08-21,236.3800048828125,P,200.0,0.12500875,,0,0.0,0.0
RGA,2026-08-21,236.3800048828125,P,210.0,0.12500875,141.0,0,0.0,0.0
RGA,2026-08-21,236.3800048828125,P,230.0,0.0312596875,141.0,0,0.0,0.0
RGA,2026-08-21,236.3800048828125,P,240.0,1.0000000000000003e-05,,0,0.0,0.0
RLMD,2026-08-21,5.440000057220459,C,2.5,1.0000000000000003e-05,1,0,0.0,0.0
RLMD,2026-08-21,5.440000057220459,C,5.0,1.0000000000000003e-05,25,0,0.0,0.0
RLMD,2026-08-21,5.440000057220459,C,7.5,0.500005,1,0,0.0,0.0
RLMD,2026-08-21,5.440000057220459,C,10.0,0.500005,1,0,0.0,0.0
RLMD,2026-08-21,5.440000057220459,C,12.5,0.500005,1,0,0.0,0.0
RLMD,2026-08-21,5.440000057220459,C,15.0,0.500005,3,0,0.0,0.0
RLMD,2026-08-21,5.440000057220459,P,2.5,0.500005,1,0,0.0,0.0
RLMD,2026-08-21,5.440000057220459,P,5.0,0.12500875,100,0,0.0,0.0
RLMD,2026-08-21,5.440000057220459,P,7.5,1.0000000000000003e-05,1,10,1.05,2.0
RLMD,2026-08-21,5.440000057220459,P,12.5,4.226567216796875,2,2,7.1,8.3
QDEL,2026-08-21,17.5,C,12.5,1.0000000000000003e-05,4.0,0,0.0,0.0
QDEL,2026-08-21,17.5,C,15.0,1.0000000000000003e-05,3.0,0,0.0,0.0
QDEL,2026-08-21,17.5,C,17.5,0.000986552734375,2.0,0,0.0,0.0
QDEL,2026-08-21,17.5,C,20.0,0.12500875,10.0,0,0.0,0.0
QDEL,2026-08-21,17.5,C,22.5,0.2500075,1.0,0,0.0,0.0
QDEL,2026-08-21,17.5,C,25.0,0.500005,2.0,0,0.0,0.0
QDEL,2026-08-21,17.5,C,27.5,0.500005,,0,0.0,0.0
QDEL,2026-08-21,17.5,P,5.0,0.500005,10.0,0,0.0,0.0
QDEL,2026-08-21,17.5,P,7.5,0.500005,1.0,0,0.0,0.0
QDEL,2026-08-21,17.5,P,10.0,0.500005,6.0,0,0.0,0.0
QDEL,2026-08-21,17.5,P,12.5,0.500005,10.0,0,0.0,0.0
QDEL,2026-08-21,17.5,P,15.0,0.2500075,5.0,0,0.0,0.0
QDEL,2026-08-21,17.5,P,17.5,1.0000000000000003e-05,1.0,0,0.0,0.0
QDEL,2026-08-21,17.5,P,20.0,1.0000000000000003e-05,2.0,0,0.0,0.0
QDEL,2026-08-21,17.5,P,22.5,1.0000000000000003e-05,,0,0.0,0.0
ONTO,2026-08-21,276.0,C,135.0,1.0000000000000003e-05,1.0,0,0.0,0.0
ONTO,2026-08-21,276.0,C,145.0,1.0000000000000003e-05,1.0,0,0.0,0.0
ONTO,2026-08-21,276.0,C,150.0,1.0000000000000003e-05,1.0,0,0.0,0.0
ONTO,2026-08-21,276.0,C,170.0,1.0000000000000003e-05,,0,0.0,0.0
ONTO,2026-08-21,276.0,C,175.0,1.0000000000000003e-05,,0,0.0,0.0
ONTO,2026-08-21,276.0,C,180.0,1.0000000000000003e-05,,0,0.0,0.0
ONTO,2026-08-21,276.0,C,185.0,1.0000000000000003e-05,,0,0.0,0.0
ONTO,2026-08-21,276.0,C,190.0,1.0000000000000003e-05,1.0,0,0.0,0.0
ONTO,2026-08-21,276.0,C,195.0,1.0000000000000003e-05,,0,0.0,0.0
ONTO,2026-08-21,276.0,C,200.0,1.0000000000000003e-05,1.0,0,0.0,0.0
ONTO,2026-08-21,276.0,C,210.0,1.0000000000000003e-05,6.0,0,0.0,0.0
ONTO,2026-08-21,276.0,C,220.0,1.0000000000000003e-05,11.0,0,0.0,0.0
ONTO,2026-08-21,276.0,C,230.0,1.0000000000000003e-05,1.0,0,0.0,0.0
ONTO,2026-08-21,276.0,C,240.0,1.0000000000000003e-05,1.0,0,0.0,0.0
ONTO,2026-08-21,276.0,C,250.0,1.0000000000000003e-05,2.0,0,0.0,0.0
ONTO,2026-08-21,276.0,C,260.0,1.0000000000000003e-05,1.0,0,0.0,0.0
ONTO,2026-08-21,276.0,C,270.0,1.0000000000000003e-05,1.0,0,0.0,0.0
ONTO,2026-08-21,276.0,C,280.0,0.015634843750000002,23.0,0,0.0,0.0
ONTO,2026-08-21,276.0,C,290.0,0.062509375,2.0,0,0.0,0.0
ONTO,2026-08-21,276.0,C,300.0,0.062509375,637.0,0,0.0,0.0
ONTO,2026-08-21,276.0,C,310.0,0.12500875,85.0,0,0.0,0.0
ONTO,2026-08-21,276.0,C,320.0,0.12500875,61.0,0,0.0,0.0
ONTO,2026-08-21,276.0,C,330.0,0.12500875,48.0,0,0.0,0.0
ONTO,2026-08-21,276.0,C,340.0,0.2500075,2.0,0,0.0,0.0
ONTO,2026-08-21,276.0,C,350.0,0.2500075,4.0,0,0.0,0.0
ONTO,2026-08-21,276.0,C,360.0,0.2500075,2.0,0,0.0,0.0
ONTO,2026-08-21,276.0,C,370.0,0.2500075,2.0,0,0.0,0.0
ONTO,2026-08-21,276.0,C,380.0,0.2500075,2.0,0,0.0,0.0
ONTO,2026-08-21,276.0,C,390.0,0.2500075,10.0,0,0.0,0.0
ONTO,2026-08-21,276.0,C,400.0,0.2500075,102.0,0,0.0,0.0
ONTO,2026-08-21,276.0,C,410.0,0.500005,3.0,0,0.0,0.0
ONTO,2026-08-21,276.0,C,420.0,0.500005,1.0,0,0.0,0.0
ONTO,2026-08-21,276.0,C,430.0,0.500005,9.0,0,0.0,0.0
ONTO,2026-08-21,276.0,C,440.0,0.500005,10.0,0,0.0,0.0
ONTO,2026-08-21,276.0,C,450.0,0.500005,39.0,0,0.0,0.0
ONTO,2026-08-21,276.0,C,460.0,0.500005,1.0,0,0.0,0.0
ONTO,2026-08-21,276.0,C,470.0,0.500005,1.0,0,0.0,0.0
ONTO,2026-08-21,276.0,C,480.0,0.500005,339.0,0,0.0,0.0
ONTO,2026-08-21,276.0,C,490.0,0.500005,,0,0.0,0.0
ONTO,2026-08-21,276.0,C,500.0,0.500005,3.0,0,0.0,0.0
ONTO,2026-08-21,276.0,C,510.0,0.500005,1.0,0,0.0,0.0
ONTO,2026-08-21,276.0,C,520.0,0.500005,,0,0.0,0.0
ONTO,2026-08-21,276.0,C,530.0,0.500005,14.0,0,0.0,0.0
ONTO,2026-08-21,276.0,P,130.0,0.500005,2.0,0,0.0,0.0
ONTO,2026-08-21,276.0,P,135.0,0.500005,,0,0.0,0.0
ONTO,2026-08-21,276.0,P,140.0,0.500005,6.0,0,0.0,0.0
ONTO,2026-08-21,276.0,P,145.0,0.500005,1.0,0,0.0,0.0
ONTO,2026-08-21,276.0,P,150.0,0.500005,4.0,0,0.0,0.0
ONTO,2026-08-21,276.0,P,155.0,0.500005,10.0,0,0.0,0.0
ONTO,2026-08-21,276.0,P,160.0,0.500005,,0,0.0,0.0
ONTO,2026-08-21,276.0,P,165.0,0.500005,1.0,0,0.0,0.0
ONTO,2026-08-21,276.0,P,170.0,0.500005,2.0,0,0.0,0.0
ONTO,2026-08-21,276.0,P,175.0,0.500005,4.0,0,0.0,0.0
ONTO,2026-08-21,276.0,P,180.0,0.500005,1.0,0,0.0,0.0
ONTO,2026-08-21,276.0,P,185.0,0.500005,1.0,0,0.0,0.0
ONTO,2026-08-21,276.0,P,190.0,0.2500075,1.0,0,0.0,0.0
ONTO,2026-08-21,276.0,P,195.0,0.2500075,1.0,0,0.0,0.0
ONTO,2026-08-21,276.0,P,200.0,0.2500075,1.0,0,0.0,0.0
ONTO,2026-08-21,276.0,P,210.0,0.2500075,3.0,0,0.0,0.0
ONTO,2026-08-21,276.0,P,220.0,0.2500075,3.0,0,0.0,0.0
ONTO,2026-08-21,276.0,P,230.0,0.2500075,11.0,0,0.0,0.0
ONTO,2026-08-21,276.0,P,240.0,0.12500875,12.0,0,0.0,0.0
ONTO,2026-08-21,276.0,P,250.0,0.12500875,2.0,0,0.0,0.0
ONTO,2026-08-21,276.0,P,260.0,0.062509375,1.0,0,0.0,0.0
ONTO,2026-08-21,276.0,P,270.0,0.0312596875,1.0,0,0.0,0.0
ONTO,2026-08-21,276.0,P,280.0,1.0000000000000003e-05,11.0,0,0.0,0.0
ONTO,2026-08-21,276.0,P,290.0,1.0000000000000003e-05,20.0,0,0.0,0.0
ONTO,2026-08-21,276.0,P,300.0,1.0000000000000003e-05,16.0,0,0.0,0.0
ONTO,2026-08-21,276.0,P,310.0,1.0000000000000003e-05,1.0,0,0.0,0.0
ONTO,2026-08-21,276.0,P,320.0,1.0000000000000003e-05,1.0,0,0.0,0.0
ONTO,2026-08-21,276.0,P,330.0,1.0000000000000003e-05,1.0,0,0.0,0.0
ONTO,2026-08-21,276.0,P,340.0,1.0000000000000003e-05,2.0,0,0.0,0.0
ONTO,2026-08-21,276.0,P,350.0,1.0000000000000003e-05,1.0,0,0.0,0.0
ONTO,2026-08-21,276.0,P,360.0,1.0000000000000003e-05,1.0,51,76.8,79.9
ONTO,2026-08-21,276.0,P,370.0,1.0000000000000003e-05,,0,0.0,0.0
ONTO,2026-08-21,276.0,P,380.0,1.0000000000000003e-05,,0,0.0,0.0
ONTO,2026-08-21,276.0,P,390.0,1.0000000000000003e-05,,0,0.0,0.0
ONTO,2026-08-21,276.0,P,400.0,1.0000000000000003e-05,1.0,0,0.0,0.0
ONTO,2026-08-21,276.0,P,430.0,1.0000000000000003e-05,,0,0.0,0.0
ONTO,2026-08-21,276.0,P,450.0,1.0000000000000003e-05,,0,0.0,0.0
ONTO,2026-08-21,276.0,P,460.0,1.0000000000000003e-05,,0,0.0,0.0
ONTO,2026-08-21,276.0,P,490.0,1.0000000000000003e-05,,0,0.0,0.0
ONTO,2026-08-21,276.0,P,500.0,1.0000000000000003e-05,,0,0.0,0.0
ONTO,2026-08-21,276.0,P,510.0,1.0000000000000003e-05,1.0,0,0.0,0.0
ONTO,2026-08-21,276.0,P,520.0,1.0000000000000003e-05,1.0,0,0.0,0.0
ONTO,2026-08-21,276.0,P,530.0,1.0000000000000003e-05,,0,0.0,0.0
SARO,2026-08-21,31.010000228881836,C,20.0,1.0000000000000003e-05,1,0,0.0,0.0
SARO,2026-08-21,31.010000228881836,C,25.0,1.0000000000000003e-05,10,0,0.0,0.0
SARO,2026-08-21,31.010000228881836,C,30.0,1.0000000000000003e-05,11,0,0.0,0.0
SARO,2026-08-21,31.010000228881836,C,35.0,0.12500875,7,0,0.0,0.0
SARO,2026-08-21,31.010000228881836,P,22.5,0.500005,4,0,0.0,0.0
SARO,2026-08-21,31.010000228881836,P,25.0,0.2500075,1,0,0.0,0.0
SARO,2026-08-21,31.010000228881836,P,35.0,1.0000000000000003e-05,1,0,0.0,0.0
PESI,2026-08-21,17.65999984741211,C,7.5,1.0000000000000003e-05,,0,0.0,0.0
PESI,2026-08-21,17.65999984741211,C,10.0,1.0000000000000003e-05,1.0,0,0.0,0.0
PESI,2026-08-21,17.65999984741211,C,12.5,1.0000000000000003e-05,1.0,0,0.0,0.0
PESI,2026-08-21,17.65999984741211,C,15.0,1.0000000000000003e-05,2.0,0,0.0,0.0
PESI,2026-08-21,17.65999984741211,C,17.5,1.0000000000000003e-05,2.0,0,0.0,0.0
PESI,2026-08-21,17.65999984741211,C,20.0,0.12500875,71.0,0,0.0,0.0
PESI,2026-08-21,17.65999984741211,C,22.5,0.2500075,6.0,0,0.0,0.0
PESI,2026-08-21,17.65999984741211,C,25.0,0.500005,1.0,0,0.0,0.0
PESI,2026-08-21,17.65999984741211,P,2.5,0.500005,,0,0.0,0.0
PESI,2026-08-21,17.65999984741211,P,5.0,0.500005,,0,0.0,0.0
PESI,2026-08-21,17.65999984741211,P,7.5,0.500005,1.0,0,0.0,0.0
PESI,2026-08-21,17.65999984741211,P,10.0,0.500005,1.0,0,0.0,0.0
PESI,2026-08-21,17.65999984741211,P,12.5,0.500005,2.0,0,0.0,0.0
PESI,2026-08-21,17.65999984741211,P,15.0,0.2500075,1.0,0,0.0,0.0
PESI,2026-08-21,17.65999984741211,P,17.5,0.015634843750000002,,0,0.0,0.0
CMRC,2026-08-21,3.4100000858306885,C,2.5,1.0000000000000003e-05,1,0,0.0,0.0
CMRC,2026-08-21,3.4100000858306885,C,5.0,0.500005,1,0,0.0,0.0
CMRC,2026-08-21,3.4100000858306885,C,7.5,0.500005,3,0,0.0,0.0
CMRC,2026-08-21,3.4100000858306885,P,2.5,0.500005,11,0,0.0,0.0
CMRC,2026-08-21,3.4100000858306885,P,5.0,1.0000000000000003e-05,5,0,0.0,0.0
FWONA,2026-08-21,88.30999755859375,C,65.0,1.0000000000000003e-05,,0,0.0,0.0
FWONA,2026-08-21,88.30999755859375,C,85.0,1.0000000000000003e-05,13.0,0,0.0,0.0
FWONA,2026-08-21,88.30999755859375,C,95.0,0.062509375,,0,0.0,0.0
FWONA,2026-08-21,88.30999755859375,P,100.0,1.0000000000000003e-05,,0,0.0,0.0
TDAY,2026-08-21,8.65999984741211,C,8.0,1.0000000000000003e-05,3.0,0,0.0,0.0
TDAY,2026-08-21,8.65999984741211,C,9.0,0.062509375,45.0,0,0.0,0.0
TDAY,2026-08-21,8.65999984741211,C,10.0,0.2500075,256.0,0,0.0,0.0
TDAY,2026-08-21,8.65999984741211,P,7.0,1.5273461132812498,,2,0.0,0.75
TDAY,2026-08-21,8.65999984741211,P,8.0,0.12500875,5.0,0,0.0,0.0
TDAY,2026-08-21,8.65999984741211,P,9.0,0.93945373046875,,1,0.5,1.25
RC,2026-08-21,1.5399999618530273,C,0.5,1.0000000000000003e-05,4.0,0,0.0,0.0
RC,2026-08-21,1.5399999618530273,C,1.0,1.0000000000000003e-05,,0,0.0,0.0
RC,2026-08-21,1.5399999618530273,C,1.5,1.0000000000000003e-05,17.0,0,0.0,0.0
RC,2026-08-21,1.5399999618530273,C,2.0,0.500005,2.0,0,0.0,0.0
RC,2026-08-21,1.5399999618530273,C,3.0,0.500005,2.0,0,0.0,0.0
RC,2026-08-21,1.5399999618530273,C,4.0,0.500005,1.0,0,0.0,0.0
RC,2026-08-21,1.5399999618530273,C,5.0,0.500005,1.0,0,0.0,0.0
RC,2026-08-21,1.5399999618530273,P,1.0,0.500005,1.0,0,0.0,0.0
RC,2026-08-21,1.5399999618530273,P,1.5,0.062509375,,0,0.0,0.0
RC,2026-08-21,1.5399999618530273,P,2.0,1.0000000000000003e-05,1.0,0,0.0,0.0
GMAB,2026-08-21,29.260000228881836,C,17.5,1.0000000000000003e-05,2.0,0,0.0,0.0
GMAB,2026-08-21,29.260000228881836,C,20.0,1.0000000000000003e-05,1.0,0,0.0,0.0
GMAB,2026-08-21,29.260000228881836,C,22.5,1.0000000000000003e-05,6.0,0,0.0,0.0
GMAB,2026-08-21,29.260000228881836,C,25.0,1.0000000000000003e-05,1.0,0,0.0,0.0
GMAB,2026-08-21,29.260000228881836,C,30.0,0.0312596875,3.0,0,0.0,0.0
GMAB,2026-08-21,29.260000228881836,C,35.0,0.2500075,30.0,0,0.0,0.0
GMAB,2026-08-21,29.260000228881836,C,40.0,0.2500075,5.0,0,0.0,0.0
GMAB,2026-08-21,29.260000228881836,C,45.0,0.500005,2.0,0,0.0,0.0
GMAB,2026-08-21,29.260000228881836,C,50.0,1.7109389453125,1.0,165,0.0,0.8
GMAB,2026-08-21,29.260000228881836,P,15.0,0.500005,2.0,0,0.0,0.0
GMAB,2026-08-21,29.260000228881836,P,17.5,0.500005,1.0,0,0.0,0.0
GMAB,2026-08-21,29.260000228881836,P,20.0,0.500005,4.0,0,0.0,0.0
GMAB,2026-08-21,29.260000228881836,P,22.5,0.2500075,9.0,0,0.0,0.0
GMAB,2026-08-21,29.260000228881836,P,25.0,0.2500075,61.0,0,0.0,0.0
GMAB,2026-08-21,29.260000228881836,P,30.0,1.0000000000000003e-05,58.0,0,0.0,0.0
GMAB,2026-08-21,29.260000228881836,P,35.0,1.0000000000000003e-05,3.0,0,0.0,0.0
GMAB,2026-08-21,29.260000228881836,P,40.0,1.0000000000000003e-05,2.0,0,0.0,0.0
GMAB,2026-08-21,29.260000228881836,P,45.0,2.961916657714843,2.0,1,16.9,20.9
GMAB,2026-08-21,29.260000228881836,P,50.0,3.2353534741210934,,1,21.8,25.8
RCAT,2026-08-07,8.65999984741211,C,1.0,1.0000000000000003e-05,14.0,0,0.0,0.0
RCAT,2026-08-07,8.65999984741211,C,2.0,1.0000000000000003e-05,12.0,0,0.0,0.0
RCAT,2026-08-07,8.65999984741211,C,4.0,1.0000000000000003e-05,4.0,0,0.0,0.0
RCAT,2026-08-07,8.65999984741211,C,5.0,1.0000000000000003e-05,5.0,0,0.0,0.0
RCAT,2026-08-07,8.65999984741211,C,5.5,1.0000000000000003e-05,5.0,0,0.0,0.0
RCAT,2026-08-07,8.65999984741211,C,6.0,1.0000000000000003e-05,11.0,0,0.0,0.0
RCAT,2026-08-07,8.65999984741211,C,6.5,1.0000000000000003e-05,12.0,0,0.0,0.0
RCAT,2026-08-07,8.65999984741211,C,7.0,1.0000000000000003e-05,59.0,0,0.0,0.0
RCAT,2026-08-07,8.65999984741211,C,7.5,1.0000000000000003e-05,47.0,0,0.0,0.0
RCAT,2026-08-07,8.65999984741211,C,8.0,1.0000000000000003e-05,215.0,0,0.0,0.0
RCAT,2026-08-07,8.65999984741211,C,8.5,1.0000000000000003e-05,167.0,0,0.0,0.0
RCAT,2026-08-07,8.65999984741211,C,9.0,0.12500875,536.0,0,0.0,0.0
RCAT,2026-08-07,8.65999984741211,C,9.5,0.500005,898.0,0,0.0,0.0
RCAT,2026-08-07,8.65999984741211,C,10.0,0.500005,680.0,0,0.0,0.0
RCAT,2026-08-07,8.65999984741211,C,10.5,0.500005,195.0,0,0.0,0.0
RCAT,2026-08-07,8.65999984741211,C,11.0,0.500005,149.0,0,0.0,0.0
RCAT,2026-08-07,8.65999984741211,C,11.5,0.500005,24.0,0,0.0,0.0
RCAT,2026-08-07,8.65999984741211,C,12.0,0.500005,46.0,0,0.0,0.0
RCAT,2026-08-07,8.65999984741211,C,12.5,0.500005,5.0,0,0.0,0.0
RCAT,2026-08-07,8.65999984741211,C,13.0,0.500005,30.0,0,0.0,0.0
RCAT,2026-08-07,8.65999984741211,C,13.5,0.500005,7.0,0,0.0,0.0
RCAT,2026-08-07,8.65999984741211,C,14.0,0.500005,1.0,0,0.0,0.0
RCAT,2026-08-07,8.65999984741211,C,14.5,0.500005,3.0,0,0.0,0.0
RCAT,2026-08-07,8.65999984741211,C,15.0,0.500005,3.0,0,0.0,0.0
RCAT,2026-08-07,8.65999984741211,C,16.0,1.000005,3.0,0,0.0,0.0
RCAT,2026-08-07,8.65999984741211,C,17.0,0.500005,1.0,0,0.0,0.0
RCAT,2026-08-07,8.65999984741211,C,18.0,0.500005,3.0,0,0.0,0.0
RCAT,2026-08-07,8.65999984741211,C,19.0,0.500005,2.0,0,0.0,0.0
RCAT,2026-08-07,8.65999984741211,C,21.0,0.500005,1.0,0,0.0,0.0
RCAT,2026-08-07,8.65999984741211,P,1.0,0.500005,1.0,0,0.0,0.0
RCAT,2026-08-07,8.65999984741211,P,2.0,0.500005,,0,0.0,0.0
RCAT,2026-08-07,8.65999984741211,P,3.0,0.500005,1.0,0,0.0,0.0
RCAT,2026-08-07,8.65999984741211,P,4.0,0.500005,,0,0.0,0.0
RCAT,2026-08-07,8.65999984741211,P,4.5,0.500005,2.0,0,0.0,0.0
RCAT,2026-08-07,8.65999984741211,P,5.0,0.500005,24.0,0,0.0,0.0
RCAT,2026-08-07,8.65999984741211,P,5.5,0.500005,11.0,0,0.0,0.0
RCAT,2026-08-07,8.65999984741211,P,6.0,0.500005,1.0,0,0.0,0.0
RCAT,2026-08-07,8.65999984741211,P,6.5,0.500005,81.0,0,0.0,0.0
RCAT,2026-08-07,8.65999984741211,P,7.0,0.500005,185.0,0,0.0,0.0
RCAT,2026-08-07,8.65999984741211,P,7.5,0.500005,304.0,0,0.0,0.0
RCAT,2026-08-07,8.65999984741211,P,8.0,0.2500075,357.0,0,0.0,0.0
RCAT,2026-08-07,8.65999984741211,P,8.5,0.12500875,179.0,0,0.0,0.0
RCAT,2026-08-07,8.65999984741211,P,9.0,1.0000000000000003e-05,41.0,0,0.0,0.0
RCAT,2026-08-07,8.65999984741211,P,9.5,1.0000000000000003e-05,49.0,0,0.0,0.0
RCAT,2026-08-07,8.65999984741211,P,10.0,1.0000000000000003e-05,29.0,0,0.0,0.0
RCAT,2026-08-07,8.65999984741211,P,10.5,1.0000000000000003e-05,8.0,0,0.0,0.0
RCAT,2026-08-07,8.65999984741211,P,11.0,1.0000000000000003e-05,2.0,0,0.0,0.0
RCAT,2026-08-07,8.65999984741211,P,11.5,1.0000000000000003e-05,29.0,0,0.0,0.0
RCAT,2026-08-07,8.65999984741211,P,12.0,1.0000000000000003e-05,1.0,0,0.0,0.0
RCAT,2026-08-07,8.65999984741211,P,12.5,1.0000000000000003e-05,12.0,0,0.0,0.0
RCAT,2026-08-07,8.65999984741211,P,13.0,1.0000000000000003e-05,15.0,0,0.0,0.0
RCAT,2026-08-07,8.65999984741211,P,13.5,1.0000000000000003e-05,12.0,0,0.0,0.0
RCAT,2026-08-07,8.65999984741211,P,14.0,1.0000000000000003e-05,11.0,0,0.0,0.0
RCAT,2026-08-07,8.65999984741211,P,14.5,1.0000000000000003e-05,2.0,0,0.0,0.0
RCAT,2026-08-07,8.65999984741211,P,15.0,1.0000000000000003e-05,10.0,0,0.0,0.0
RCAT,2026-08-07,8.65999984741211,P,21.0,1.0000000000000003e-05,4.0,0,0.0,0.0
FIVN,2026-08-21,29.600000381469727,C,15.0,1.0000000000000003e-05,2,0,0.0,0.0
FIVN,2026-08-21,29.600000381469727,C,17.5,1.0000000000000003e-05,1,0,0.0,0.0
FIVN,2026-08-21,29.600000381469727,C,20.0,1.0000000000000003e-05,3,0,0.0,0.0
FIVN,2026-08-21,29.600000381469727,C,22.5,1.0000000000000003e-05,5,0,0.0,0.0
FIVN,2026-08-21,29.600000381469727,C,25.0,1.0000000000000003e-05,3,0,0.0,0.0
FIVN,2026-08-21,29.600000381469727,C,27.5,1.0000000000000003e-05,3,0,0.0,0.0
FIVN,2026-08-21,29.600000381469727,C,30.0,0.015634843750000002,33,0,0.0,0.0
FIVN,2026-08-21,29.600000381469727,C,32.5,0.12500875,92,0,0.0,0.0
FIVN,2026-08-21,29.600000381469727,C,35.0,0.2500075,54,0,0.0,0.0
FIVN,2026-08-21,29.600000381469727,C,37.5,0.2500075,36,0,0.0,0.0
FIVN,2026-08-21,29.600000381469727,C,40.0,0.2500075,20,0,0.0,0.0
FIVN,2026-08-21,29.600000381469727,P,12.5,0.500005,1,0,0.0,0.0
FIVN,2026-08-21,29.600000381469727,P,15.0,0.500005,13,0,0.0,0.0
FIVN,2026-08-21,29.600000381469727,P,17.5,0.500005,1,0,0.0,0.0
FIVN,2026-08-21,29.600000381469727,P,20.0,0.500005,1,0,0.0,0.0
FIVN,2026-08-21,29.600000381469727,P,22.5,0.2500075,22,0,0.0,0.0
FIVN,2026-08-21,29.600000381469727,P,25.0,0.2500075,13,0,0.0,0.0
FIVN,2026-08-21,29.600000381469727,P,27.5,0.12500875,57,0,0.0,0.0
FIVN,2026-08-21,29.600000381469727,P,30.0,1.0000000000000003e-05,16,0,0.0,0.0
FIVN,2026-08-21,29.600000381469727,P,32.5,1.0000000000000003e-05,1,0,0.0,0.0
ATI,2026-08-21,205.11000061035156,C,40.0,1.0000000000000003e-05,3.0,3,0.0,0.0
ATI,2026-08-21,205.11000061035156,C,55.0,1.0000000000000003e-05,2.0,5,43.9,47.2
ATI,2026-08-21,205.11000061035156,C,60.0,1.0000000000000003e-05,1.0,0,44.9,49.5
ATI,2026-08-21,205.11000061035156,C,65.0,1.0000000000000003e-05,1.0,0,0.0,0.0
ATI,2026-08-21,205.11000061035156,C,67.5,1.0000000000000003e-05,,1,54.5,57.6
ATI,2026-08-21,205.11000061035156,C,70.0,1.0000000000000003e-05,,3,0.0,0.0
ATI,2026-08-21,205.11000061035156,C,72.5,1.0000000000000003e-05,,1,31.0,31.3
ATI,2026-08-21,205.11000061035156,C,77.5,1.0000000000000003e-05,1.0,0,0.0,0.0
ATI,2026-08-21,205.11000061035156,C,80.0,1.0000000000000003e-05,1.0,0,0.0,0.0
ATI,2026-08-21,205.11000061035156,C,85.0,1.0000000000000003e-05,2.0,3,55.5,58.2
ATI,2026-08-21,205.11000061035156,C,87.5,1.0000000000000003e-05,,1,91.7,95.7
ATI,2026-08-21,205.11000061035156,C,90.0,1.0000000000000003e-05,1.0,0,0.0,0.0
ATI,2026-08-21,205.11000061035156,C,92.5,1.0000000000000003e-05,1.0,2,86.8,90.8
ATI,2026-08-21,205.11000061035156,C,95.0,1.0000000000000003e-05,25.0,0,0.0,0.0
ATI,2026-08-21,205.11000061035156,C,100.0,1.0000000000000003e-05,1.0,0,0.0,0.0
ATI,2026-08-21,205.11000061035156,C,105.0,1.0000000000000003e-05,1.0,0,0.0,0.0
ATI,2026-08-21,205.11000061035156,C,110.0,1.0000000000000003e-05,2.0,16,46.4,49.4
ATI,2026-08-21,205.11000061035156,C,115.0,1.0000000000000003e-05,1.0,7,65.2,68.6
ATI,2026-08-21,205.11000061035156,C,120.0,1.0000000000000003e-05,2.0,0,0.0,0.0
ATI,2026-08-21,205.11000061035156,C,125.0,1.0000000000000003e-05,2.0,21,44.6,47.2
ATI,2026-08-21,205.11000061035156,C,130.0,1.0000000000000003e-05,2.0,19,63.1,66.7
ATI,2026-08-21,205.11000061035156,C,135.0,1.0000000000000003e-05,4.0,0,0.0,0.0
ATI,2026-08-21,205.11000061035156,C,140.0,1.0000000000000003e-05,1.0,0,0.0,0.0
ATI,2026-08-21,205.11000061035156,C,145.0,1.0000000000000003e-05,1.0,0,0.0,0.0
ATI,2026-08-21,205.11000061035156,C,150.0,1.0000000000000003e-05,1.0,0,0.0,0.0
ATI,2026-08-21,205.11000061035156,C,155.0,1.0000000000000003e-05,1.0,0,0.0,0.0
ATI,2026-08-21,205.11000061035156,C,160.0,1.0000000000000003e-05,52.0,0,0.0,0.0
ATI,2026-08-21,205.11000061035156,C,165.0,1.0000000000000003e-05,2.0,0,0.0,0.0
ATI,2026-08-21,205.11000061035156,C,170.0,1.0000000000000003e-05,1.0,0,0.0,0.0
ATI,2026-08-21,205.11000061035156,C,175.0,1.0000000000000003e-05,2.0,0,0.0,0.0
ATI,2026-08-21,205.11000061035156,C,180.0,1.0000000000000003e-05,3.0,0,0.0,0.0
ATI,2026-08-21,205.11000061035156,C,185.0,1.0000000000000003e-05,2.0,0,0.0,0.0
ATI,2026-08-21,205.11000061035156,C,190.0,1.0000000000000003e-05,4.0,0,0.0,0.0
ATI,2026-08-21,205.11000061035156,C,195.0,1.0000000000000003e-05,11.0,0,0.0,0.0
ATI,2026-08-21,205.11000061035156,C,200.0,1.0000000000000003e-05,10.0,0,0.0,0.0
ATI,2026-08-21,205.11000061035156,C,210.0,0.0312596875,91.0,0,0.0,0.0
ATI,2026-08-21,205.11000061035156,C,220.0,0.062509375,30.0,0,0.0,0.0
ATI,2026-08-21,205.11000061035156,C,230.0,0.12500875,115.0,0,0.0,0.0
ATI,2026-08-21,205.11000061035156,C,240.0,0.12500875,2.0,0,0.0,0.0
ATI,2026-08-21,205.11000061035156,C,250.0,0.2500075,6.0,0,0.0,0.0
ATI,2026-08-21,205.11000061035156,C,260.0,0.2500075,1.0,0,0.0,0.0
ATI,2026-08-21,205.11000061035156,C,270.0,0.2500075,2.0,0,0.0,0.0
ATI,2026-08-21,205.11000061035156,C,280.0,0.2500075,2.0,0,0.0,0.0
ATI,2026-08-21,205.11000061035156,C,290.0,0.2500075,2.0,0,0.0,0.0
ATI,2026-08-21,205.11000061035156,P,37.5,1.000005,1.0,0,0.0,0.0
ATI,2026-08-21,205.11000061035156,P,40.0,3.6445321386718756,2.0,1,0.25,0.5
ATI,2026-08-21,205.11000061035156,P,45.0,3.5878916552734372,2.0,1,0.4,0.7
ATI,2026-08-21,205.11000061035156,P,50.0,3.957031357421875,1.0,1,1.2,1.65
ATI,2026-08-21,205.11000061035156,P,55.0,4.022465909423829,1.0,1,1.9,2.35
ATI,2026-08-21,205.11000061035156,P,60.0,3.61572361694336,10.0,6,1.5,2.0
ATI,2026-08-21,205.11000061035156,P,65.0,4.1562548046875,,1,3.8,4.4
ATI,2026-08-21,205.11000061035156,P,70.0,0.500005,1.0,0,0.0,0.0
ATI,2026-08-21,205.11000061035156,P,72.5,4.255375774536132,,17,5.9,6.3
ATI,2026-08-21,205.11000061035156,P,75.0,2.426761745605469,48.0,9,0.0,1.1
ATI,2026-08-21,205.11000061035156,P,80.0,4.655277618408203,9.0,7,8.4,12.2
ATI,2026-08-21,205.11000061035156,P,85.0,0.500005,,0,0.0,0.0
ATI,2026-08-21,205.11000061035156,P,87.5,0.500005,,0,0.0,0.0
ATI,2026-08-21,205.11000061035156,P,90.0,4.833255911560058,1.0,1,14.6,15.3
ATI,2026-08-21,205.11000061035156,P,92.5,0.500005,,0,0.0,0.0
ATI,2026-08-21,205.11000061035156,P,95.0,2.080082924804687,1.0,2,0.25,1.6
ATI,2026-08-21,205.11000061035156,P,100.0,0.500005,1.0,0,0.0,0.0
ATI,2026-08-21,205.11000061035156,P,105.0,0.500005,1.0,0,0.0,0.0
ATI,2026-08-21,205.11000061035156,P,110.0,0.500005,1.0,0,0.0,0.0
ATI,2026-08-21,205.11000061035156,P,115.0,1.4365262548828124,10.0,13,0.0,0.95
ATI,2026-08-21,205.11000061035156,P,120.0,0.500005,2.0,0,0.0,0.0
ATI,2026-08-21,205.11000061035156,P,125.0,0.500005,1.0,0,0.0,0.0
ATI,2026-08-21,205.11000061035156,P,130.0,0.500005,1.0,0,0.0,0.0
ATI,2026-08-21,205.11000061035156,P,135.0,0.500005,1.0,0,0.0,0.0
ATI,2026-08-21,205.11000061035156,P,140.0,0.500005,2.0,0,0.0,0.0
ATI,2026-08-21,205.11000061035156,P,145.0,0.2500075,2.0,0,0.0,0.0
ATI,2026-08-21,205.11000061035156,P,150.0,0.2500075,150.0,0,0.0,0.0
ATI,2026-08-21,205.11000061035156,P,155.0,0.2500075,1.0,0,0.0,0.0
ATI,2026-08-21,205.11000061035156,P,160.0,0.2500075,40.0,0,0.0,0.0
ATI,2026-08-21,205.11000061035156,P,165.0,0.2500075,16.0,0,0.0,0.0
ATI,2026-08-21,205.11000061035156,P,170.0,0.2500075,7.0,0,0.0,0.0
ATI,2026-08-21,205.11000061035156,P,175.0,0.12500875,1.0,0,0.0,0.0
ATI,2026-08-21,205.11000061035156,P,180.0,0.12500875,4.0,0,0.0,0.0
ATI,2026-08-21,205.11000061035156,P,185.0,0.12500875,3.0,0,0.0,0.0
ATI,2026-08-21,205.11000061035156,P,190.0,0.062509375,182.0,0,0.0,0.0
ATI,2026-08-21,205.11000061035156,P,195.0,0.062509375,42.0,0,0.0,0.0
ATI,2026-08-21,205.11000061035156,P,200.0,0.0312596875,24.0,0,0.0,0.0
ATI,2026-08-21,205.11000061035156,P,210.0,1.0000000000000003e-05,15.0,0,0.0,0.0
ATI,2026-08-21,205.11000061035156,P,220.0,1.0000000000000003e-05,3.0,0,0.0,0.0
MBI,2026-08-21,5.309999942779541,C,1.0,1.0000000000000003e-05,4.0,0,0.0,0.0
MBI,2026-08-21,5.309999942779541,C,2.0,1.0000000000000003e-05,5.0,0,0.0,0.0
MBI,2026-08-21,5.309999942779541,C,3.0,1.0000000000000003e-05,2.0,0,0.0,0.0
MBI,2026-08-21,5.309999942779541,C,4.0,1.0000000000000003e-05,1.0,0,0.0,0.0
MBI,2026-08-21,5.309999942779541,C,5.0,1.0000000000000003e-05,295.0,0,0.0,0.0
MBI,2026-08-21,5.309999942779541,C,6.0,0.2500075,2.0,0,0.0,0.0
MBI,2026-08-21,5.309999942779541,C,7.0,0.500005,6.0,0,0.0,0.0
MBI,2026-08-21,5.309999942779541,C,8.0,0.500005,35.0,0,0.0,0.0
MBI,2026-08-21,5.309999942779541,C,9.0,0.500005,7.0,0,0.0,0.0
MBI,2026-08-21,5.309999942779541,C,10.0,3.031252421875,5.0,40,0.0,0.75
MBI,2026-08-21,5.309999942779541,C,11.0,3.281251796875,,4,0.0,0.75
MBI,2026-08-21,5.309999942779541,P,4.0,2.2968792578125,,50,0.0,0.75
MBI,2026-08-21,5.309999942779541,P,5.0,0.12500875,21.0,0,0.0,0.0
MBI,2026-08-21,5.309999942779541,P,6.0,1.0000000000000003e-05,65.0,0,0.0,0.0
MBI,2026-08-21,5.309999942779541,P,7.0,1.0000000000000003e-05,50.0,0,0.0,0.0
MBI,2026-08-21,5.309999942779541,P,9.0,1.0000000000000003e-05,4.0,0,0.0,0.0
MBI,2026-08-21,5.309999942779541,P,10.0,1.0000000000000003e-05,4.0,0,0.0,0.0
MBI,2026-08-21,5.309999942779541,P,11.0,1.0000000000000003e-05,6.0,0,0.0,0.0
MBI,2026-08-21,5.309999942779541,P,12.0,1.0000000000000003e-05,4.0,0,0.0,0.0
MBI,2026-08-21,5.309999942779541,P,13.0,1.0000000000000003e-05,6.0,0,0.0,0.0
MBI,2026-08-21,5.309999942779541,P,14.0,1.0000000000000003e-05,2.0,0,0.0,0.0
MBI,2026-08-21,5.309999942779541,P,15.0,1.0000000000000003e-05,2.0,0,0.0,0.0
RANI,2026-08-21,0.7799999713897705,C,0.5,1.0000000000000003e-05,1.0,0,0.0,0.0
RANI,2026-08-21,0.7799999713897705,C,1.0,0.500005,3.0,0,0.0,0.0
RANI,2026-08-21,0.7799999713897705,C,1.5,0.500005,,0,0.0,0.0
RANI,2026-08-21,0.7799999713897705,C,2.5,0.500005,100.0,0,0.0,0.0
RANI,2026-08-21,0.7799999713897705,P,0.5,0.500005,1.0,0,0.0,0.0
IBOC,2026-08-21,75.9000015258789,C,40.0,1.0000000000000003e-05,,21,30.7,35.5
IBOC,2026-08-21,75.9000015258789,C,50.0,1.0000000000000003e-05,,0,0.0,0.0
IBOC,2026-08-21,75.9000015258789,C,70.0,1.0000000000000003e-05,2.0,0,0.0,0.0
IBOC,2026-08-21,75.9000015258789,C,75.0,1.0000000000000003e-05,1.0,0,0.0,0.0
IBOC,2026-08-21,75.9000015258789,P,40.0,2.886721533203125,12.0,12,0.0,4.8
CLAR,2026-08-21,3.359999895095825,C,1.0,3.843750390625,2.0,20,1.45,2.4
CLAR,2026-08-21,3.359999895095825,C,2.0,1.0000000000000003e-05,5.0,0,0.0,0.0
CLAR,2026-08-21,3.359999895095825,C,3.0,1.0000000000000003e-05,8.0,0,0.0,0.0
CLAR,2026-08-21,3.359999895095825,C,4.0,0.2500075,23.0,0,0.0,0.0
CLAR,2026-08-21,3.359999895095825,C,5.0,0.500005,1.0,0,0.0,0.0
CLAR,2026-08-21,3.359999895095825,C,6.0,0.500005,,0,0.0,0.0
CLAR,2026-08-21,3.359999895095825,C,7.0,0.500005,1.0,0,0.0,0.0
CLAR,2026-08-21,3.359999895095825,P,2.0,0.500005,20.0,0,0.0,0.0
CLAR,2026-08-21,3.359999895095825,P,3.0,0.2500075,50.0,0,0.0,0.0
CLAR,2026-08-21,3.359999895095825,P,5.0,4.476566904296874,13.0,29,1.0,3.9
SGI,2026-08-21,69.58000183105469,C,40.0,1.8671881640625,10.0,10,27.5,30.3
SGI,2026-08-21,69.58000183105469,C,60.0,1.0000000000000003e-05,3.0,0,0.0,0.0
SGI,2026-08-21,69.58000183105469,C,65.0,1.0000000000000003e-05,1.0,0,0.0,0.0
SGI,2026-08-21,69.58000183105469,C,70.0,0.007822421875,793.0,0,0.0,0.0
SGI,2026-08-21,69.58000183105469,C,75.0,0.062509375,1662.0,0,0.0,0.0
SGI,2026-08-21,69.58000183105469,C,80.0,0.12500875,384.0,0,0.0,0.0
SGI,2026-08-21,69.58000183105469,C,85.0,0.2500075,4.0,0,0.0,0.0
SGI,2026-08-21,69.58000183105469,C,90.0,0.2500075,1.0,0,0.0,0.0
SGI,2026-08-21,69.58000183105469,C,95.0,0.2500075,1.0,0,0.0,0.0
SGI,2026-08-21,69.58000183105469,C,100.0,0.500005,60.0,0,0.0,0.0
SGI,2026-08-21,69.58000183105469,C,105.0,0.500005,21.0,0,0.0,0.0
SGI,2026-08-21,69.58000183105469,C,110.0,0.500005,18.0,0,0.0,0.0
SGI,2026-08-21,69.58000183105469,C,115.0,0.500005,1.0,0,0.0,0.0
SGI,2026-08-21,69.58000183105469,C,120.0,2.1376999682617184,,2,1.25,3.1
SGI,2026-08-21,69.58000183105469,P,40.0,1.8378914355468747,1.0,1,0.0,1.35
SGI,2026-08-21,69.58000183105469,P,45.0,0.500005,,0,0.0,0.0
SGI,2026-08-21,69.58000183105469,P,50.0,0.2500075,1.0,0,0.0,0.0
SGI,2026-08-21,69.58000183105469,P,55.0,0.2500075,42.0,0,0.0,0.0
SGI,2026-08-21,69.58000183105469,P,60.0,0.12500875,1.0,0,0.0,0.0
SGI,2026-08-21,69.58000183105469,P,65.0,0.062509375,61.0,0,0.0,0.0
SGI,2026-08-21,69.58000183105469,P,70.0,1.0000000000000003e-05,73.0,0,0.0,0.0
SGI,2026-08-21,69.58000183105469,P,75.0,1.0000000000000003e-05,155.0,0,0.0,0.0
SGI,2026-08-21,69.58000183105469,P,80.0,1.0000000000000003e-05,2.0,0,0.0,0.0
SGI,2026-08-21,69.58000183105469,P,85.0,1.0000000000000003e-05,4.0,0,0.0,0.0
SGI,2026-08-21,69.58000183105469,P,90.0,1.0000000000000003e-05,1.0,0,0.0,0.0
SGI,2026-08-21,69.58000183105469,P,95.0,1.0000000000000003e-05,,0,0.0,0.0
GOGO,2026-08-21,4.460000038146973,C,1.0,1.0000000000000003e-05,,0,0.0,0.0
GOGO,2026-08-21,4.460000038146973,C,2.0,1.0000000000000003e-05,4.0,0,0.0,0.0
GOGO,2026-08-21,4.460000038146973,C,3.0,1.0000000000000003e-05,2.0,0,0.0,0.0
GOGO,2026-08-21,4.460000038146973,C,4.0,1.0000000000000003e-05,18.0,0,0.0,0.0
GOGO,2026-08-21,4.460000038146973,C,5.0,0.12500875,7.0,0,0.0,0.0
GOGO,2026-08-21,4.460000038146973,C,6.0,0.500005,110.0,0,0.0,0.0
GOGO,2026-08-21,4.460000038146973,C,7.0,0.500005,4.0,0,0.0,0.0
GOGO,2026-08-21,4.460000038146973,C,8.0,0.500005,1.0,0,0.0,0.0
GOGO,2026-08-21,4.460000038146973,C,9.0,2.4531288671875,30.0,105,0.0,0.25
GOGO,2026-08-21,4.460000038146973,C,10.0,0.500005,2.0,0,0.0,0.0
GOGO,2026-08-21,4.460000038146973,P,1.0,0.500005,1.0,0,0.0,0.0
GOGO,2026-08-21,4.460000038146973,P,3.0,0.500005,1.0,0,0.0,0.0
GOGO,2026-08-21,4.460000038146973,P,4.0,0.12500875,150.0,0,0.0,0.0
GOGO,2026-08-21,4.460000038146973,P,5.0,1.0000000000000003e-05,2.0,0,0.0,0.0
GOGO,2026-08-21,4.460000038146973,P,6.0,1.0000000000000003e-05,1.0,0,0.0,0.0
GOGO,2026-08-21,4.460000038146973,P,7.0,1.0000000000000003e-05,,0,0.0,0.0
AUPH,2026-08-21,15.1899995803833,C,9.0,1.0000000000000003e-05,1.0,0,0.0,0.0
AUPH,2026-08-21,15.1899995803833,C,10.0,1.0000000000000003e-05,1.0,0,0.0,0.0
AUPH,2026-08-21,15.1899995803833,C,11.0,1.8476570117187499,13.0,18,3.6,5.9
AUPH,2026-08-21,15.1899995803833,C,12.0,1.0000000000000003e-05,1.0,0,0.0,0.0
AUPH,2026-08-21,15.1899995803833,C,13.0,1.0000000000000003e-05,1.0,0,0.0,0.0
AUPH,2026-08-21,15.1899995803833,C,14.0,1.0000000000000003e-05,1.0,0,0.0,0.0
AUPH,2026-08-21,15.1899995803833,C,15.0,1.0000000000000003e-05,19.0,0,0.0,0.0
AUPH,2026-08-21,15.1899995803833,C,16.0,0.062509375,4.0,0,0.0,0.0
AUPH,2026-08-21,15.1899995803833,C,17.0,0.12500875,5.0,0,0.0,0.0
AUPH,2026-08-21,15.1899995803833,C,18.0,0.2500075,8.0,0,0.0,0.0
AUPH,2026-08-21,15.1899995803833,C,19.0,0.2500075,4.0,0,0.0,0.0
AUPH,2026-08-21,15.1899995803833,C,20.0,0.2500075,3.0,0,0.0,0.0
AUPH,2026-08-21,15.1899995803833,C,21.0,0.500005,1.0,0,0.0,0.0
AUPH,2026-08-21,15.1899995803833,C,22.0,0.500005,5.0,0,0.0,0.0
AUPH,2026-08-21,15.1899995803833,C,25.0,0.500005,,0,0.0,0.0
AUPH,2026-08-21,15.1899995803833,P,5.0,0.500005,,0,0.0,0.0
AUPH,2026-08-21,15.1899995803833,P,6.0,0.500005,2.0,0,0.0,0.0
AUPH,2026-08-21,15.1899995803833,P,7.0,0.500005,,0,0.0,0.0
AUPH,2026-08-21,15.1899995803833,P,12.0,0.2500075,8.0,0,0.0,0.0
AUPH,2026-08-21,15.1899995803833,P,13.0,0.2500075,19.0,0,0.0,0.0
AUPH,2026-08-21,15.1899995803833,P,14.0,0.12500875,3.0,0,0.0,0.0
AUPH,2026-08-21,15.1899995803833,P,15.0,0.015634843750000002,2.0,0,0.0,0.0
AUPH,2026-08-21,15.1899995803833,P,16.0,1.0000000000000003e-05,2.0,0,0.0,0.0
AUPH,2026-08-21,15.1899995803833,P,17.0,1.0000000000000003e-05,3.0,0,0.0,0.0
AUPH,2026-08-21,15.1899995803833,P,18.0,1.0000000000000003e-05,2.0,0,0.0,0.0
AUPH,2026-08-21,15.1899995803833,P,19.0,1.0000000000000003e-05,1.0,0,0.0,0.0
AUPH,2026-08-21,15.1899995803833,P,25.0,1.0000000000000003e-05,,0,0.0,0.0
CLMT,2026-08-21,40.2599983215332,C,16.0,1.0000000000000003e-05,,1,13.2,14.9
CLMT,2026-08-21,40.2599983215332,C,18.0,1.0000000000000003e-05,100.0,0,0.0,0.0
CLMT,2026-08-21,40.2599983215332,C,19.0,1.0000000000000003e-05,100.0,0,0.0,0.0
CLMT,2026-08-21,40.2599983215332,C,20.0,1.0000000000000003e-05,12.0,0,0.0,0.0
CLMT,2026-08-21,40.2599983215332,C,21.0,1.0000000000000003e-05,25.0,0,0.0,0.0
CLMT,2026-08-21,40.2599983215332,C,22.0,1.0000000000000003e-05,150.0,0,0.0,0.0
CLMT,2026-08-21,40.2599983215332,C,23.0,1.0000000000000003e-05,300.0,0,0.0,0.0
CLMT,2026-08-21,40.2599983215332,C,24.0,1.0000000000000003e-05,5.0,0,0.0,0.0
CLMT,2026-08-21,40.2599983215332,C,25.0,3.751953745117188,1.0,52,18.6,19.9
CLMT,2026-08-21,40.2599983215332,C,26.0,1.0000000000000003e-05,116.0,0,0.0,0.0
CLMT,2026-08-21,40.2599983215332,C,27.0,1.0000000000000003e-05,76.0,0,0.0,0.0
CLMT,2026-08-21,40.2599983215332,C,28.0,1.0000000000000003e-05,10.0,0,0.0,0.0
CLMT,2026-08-21,40.2599983215332,C,29.0,1.0000000000000003e-05,1.0,0,0.0,0.0
CLMT,2026-08-21,40.2599983215332,C,30.0,1.0000000000000003e-05,1.0,0,0.0,0.0
CLMT,2026-08-21,40.2599983215332,C,31.0,1.0000000000000003e-05,50.0,0,0.0,0.0
CLMT,2026-08-21,40.2599983215332,C,32.0,1.0000000000000003e-05,10.0,0,0.0,0.0
CLMT,2026-08-21,40.2599983215332,C,33.0,1.0000000000000003e-05,5.0,0,0.0,0.0
CLMT,2026-08-21,40.2599983215332,C,34.0,1.0000000000000003e-05,3.0,0,0.0,0.0
CLMT,2026-08-21,40.2599983215332,C,35.0,1.0000000000000003e-05,25.0,0,0.0,0.0
CLMT,2026-08-21,40.2599983215332,C,36.0,1.0000000000000003e-05,25.0,0,0.0,0.0
CLMT,2026-08-21,40.2599983215332,C,37.0,1.0000000000000003e-05,20.0,0,0.0,0.0
CLMT,2026-08-21,40.2599983215332,C,38.0,1.0000000000000003e-05,22.0,0,0.0,0.0
CLMT,2026-08-21,40.2599983215332,C,39.0,1.0000000000000003e-05,6.0,0,0.0,0.0
CLMT,2026-08-21,40.2599983215332,C,40.0,1.0000000000000003e-05,226.0,0,0.0,0.0
CLMT,2026-08-21,40.2599983215332,C,41.0,0.0312596875,158.0,0,0.0,0.0
CLMT,2026-08-21,40.2599983215332,C,42.0,0.062509375,36.0,0,0.0,0.0
CLMT,2026-08-21,40.2599983215332,C,43.0,0.062509375,325.0,0,0.0,0.0
CLMT,2026-08-21,40.2599983215332,C,45.0,0.12500875,1414.0,0,0.0,0.0
CLMT,2026-08-21,40.2599983215332,C,50.0,0.2500075,288.0,0,0.0,0.0
CLMT,2026-08-21,40.2599983215332,C,55.0,0.2500075,11.0,0,0.0,0.0
CLMT,2026-08-21,40.2599983215332,P,12.0,0.500005,1.0,0,0.0,0.0
CLMT,2026-08-21,40.2599983215332,P,13.0,2.56250359375,112.0,353,0.0,0.15
CLMT,2026-08-21,40.2599983215332,P,14.0,0.500005,,0,0.0,0.0
CLMT,2026-08-21,40.2599983215332,P,15.0,2.2500043749999996,10.0,2379,0.0,0.15
CLMT,2026-08-21,40.2599983215332,P,16.0,0.500005,10.0,0,0.0,0.0
CLMT,2026-08-21,40.2599983215332,P,17.0,0.500005,2.0,0,0.0,0.0
CLMT,2026-08-21,40.2599983215332,P,18.0,2.302738618164062,3.0,1027,0.0,0.5
CLMT,2026-08-21,40.2599983215332,P,19.0,0.500005,6.0,0,0.0,0.0
CLMT,2026-08-21,40.2599983215332,P,20.0,2.0742235644531246,1.0,92,0.0,0.55
CLMT,2026-08-21,40.2599983215332,P,21.0,1.9492190039062502,3.0,15,0.0,0.55
CLMT,2026-08-21,40.2599983215332,P,22.0,2.1523483691406247,26.0,16,0.25,0.85
CLMT,2026-08-21,40.2599983215332,P,23.0,0.500005,2.0,0,0.0,0.0
CLMT,2026-08-21,40.2599983215332,P,24.0,1.82421962890625,10.0,1,0.1,0.85
CLMT,2026-08-21,40.2599983215332,P,25.0,0.500005,10.0,0,0.0,0.0
CLMT,2026-08-21,40.2599983215332,P,26.0,0.500005,1.0,0,0.0,0.0
CLMT,2026-08-21,40.2599983215332,P,27.0,0.500005,4.0,0,0.0,0.0
CLMT,2026-08-21,40.2599983215332,P,28.0,0.500005,1.0,0,0.0,0.0
CLMT,2026-08-21,40.2599983215332,P,29.0,0.500005,1.0,0,0.0,0.0
CLMT,2026-08-21,40.2599983215332,P,30.0,0.2500075,16.0,0,0.0,0.0
CLMT,2026-08-21,40.2599983215332,P,31.0,0.2500075,5.0,0,0.0,0.0
CLMT,2026-08-21,40.2599983215332,P,32.0,0.2500075,1.0,0,0.0,0.0
CLMT,2026-08-21,40.2599983215332,P,33.0,0.2500075,2.0,0,0.0,0.0
CLMT,2026-08-21,40.2599983215332,P,34.0,0.2500075,1.0,0,0.0,0.0
CLMT,2026-08-21,40.2599983215332,P,35.0,0.12500875,22.0,0,0.0,0.0
CLMT,2026-08-21,40.2599983215332,P,36.0,0.12500875,1.0,0,0.0,0.0
CLMT,2026-08-21,40.2599983215332,P,37.0,0.12500875,28.0,0,0.0,0.0
CLMT,2026-08-21,40.2599983215332,P,38.0,0.062509375,50.0,0,0.0,0.0
CLMT,2026-08-21,40.2599983215332,P,39.0,0.0312596875,3.0,0,0.0,0.0
CLMT,2026-08-21,40.2599983215332,P,40.0,0.007822421875,1210.0,0,0.0,0.0
CLMT,2026-08-21,40.2599983215332,P,41.0,1.0000000000000003e-05,1.0,0,0.0,0.0
CLMT,2026-08-21,40.2599983215332,P,42.0,1.0000000000000003e-05,6.0,0,0.0,0.0
CLMT,2026-08-21,40.2599983215332,P,43.0,1.0000000000000003e-05,1.0,0,0.0,0.0
CLMT,2026-08-21,40.2599983215332,P,45.0,1.0000000000000003e-05,1.0,0,0.0,0.0
CLMT,2026-08-21,40.2599983215332,P,50.0,1.0000000000000003e-05,14.0,0,0.0,0.0
CLMT,2026-08-21,40.2599983215332,P,55.0,1.0000000000000003e-05,,0,0.0,0.0
FA,2026-08-21,20.559999465942383,C,10.0,1.0000000000000003e-05,1.0,0,0.0,0.0
FA,2026-08-21,20.559999465942383,C,17.5,1.0000000000000003e-05,1.0,0,0.0,0.0
FA,2026-08-21,20.559999465942383,C,20.0,1.0000000000000003e-05,6.0,0,0.0,0.0
FA,2026-08-21,20.559999465942383,C,22.5,0.12500875,1.0,0,0.0,0.0
FA,2026-08-21,20.559999465942383,C,25.0,0.2500075,21.0,0,0.0,0.0
FA,2026-08-21,20.559999465942383,C,30.0,0.500005,,0,0.0,0.0
FA,2026-08-21,20.559999465942383,P,5.0,0.500005,,0,0.0,0.0
FA,2026-08-21,20.559999465942383,P,7.5,0.500005,,0,0.0,0.0
FA,2026-08-21,20.559999465942383,P,10.0,0.500005,,0,0.0,0.0
FA,2026-08-21,20.559999465942383,P,15.0,0.500005,,0,0.0,0.0
FA,2026-08-21,20.559999465942383,P,17.5,0.2500075,1.0,0,0.0,0.0
FA,2026-08-21,20.559999465942383,P,20.0,0.0312596875,1.0,0,0.0,0.0
FA,2026-08-21,20.559999465942383,P,22.5,1.0000000000000003e-05,22.0,0,0.0,0.0
OMDA,2026-08-21,19.110000610351562,C,2.5,1.0000000000000003e-05,2.0,0,0.0,0.0
OMDA,2026-08-21,19.110000610351562,C,5.0,9.304691684570313,,0,14.6,17.9
OMDA,2026-08-21,19.110000610351562,C,17.5,1.376956240234375,1.0,1,2.4,3.6
OMDA,2026-08-21,19.110000610351562,C,20.0,0.062509375,21.0,0,0.0,0.0
OMDA,2026-08-21,19.110000610351562,C,22.5,0.2500075,7.0,0,0.0,0.0
OMDA,2026-08-21,19.110000610351562,C,25.0,0.2500075,2.0,0,0.0,0.0
OMDA,2026-08-21,19.110000610351562,C,30.0,0.500005,1.0,0,0.0,0.0
OMDA,2026-08-21,19.110000610351562,P,17.5,0.12500875,2.0,0,0.0,0.0
OMDA,2026-08-21,19.110000610351562,P,20.0,1.0000000000000003e-05,6.0,0,0.0,0.0
OMDA,2026-08-21,19.110000610351562,P,22.5,1.0000000000000003e-05,1.0,0,0.0,0.0
OMDA,2026-08-21,19.110000610351562,P,25.0,1.0000000000000003e-05,1.0,0,0.0,0.0
OMDA,2026-08-21,19.110000610351562,P,35.0,1.0000000000000003e-05,,0,0.0,0.0
SHC,2026-08-21,17.979999542236328,C,2.5,1.0000000000000003e-05,,0,0.0,0.0
SHC,2026-08-21,17.979999542236328,C,5.0,1.0000000000000003e-05,4.0,0,0.0,0.0
SHC,2026-08-21,17.979999542236328,C,7.5,1.0000000000000003e-05,2.0,0,0.0,0.0
SHC,2026-08-21,17.979999542236328,C,10.0,1.0000000000000003e-05,,0,0.0,0.0
SHC,2026-08-21,17.979999542236328,C,12.5,1.6953140234375002,2.0,0,2.5,5.9
SHC,2026-08-21,17.979999542236328,C,15.0,1.0000000000000003e-05,1.0,0,0.0,0.0
SHC,2026-08-21,17.979999542236328,C,17.5,1.0000000000000003e-05,5.0,0,0.0,0.0
SHC,2026-08-21,17.979999542236328,C,20.0,0.12500875,30.0,0,0.0,0.0
SHC,2026-08-21,17.979999542236328,C,22.5,0.2500075,,0,0.0,0.0
SHC,2026-08-21,17.979999542236328,P,5.0,0.500005,10.0,0,0.0,0.0
SHC,2026-08-21,17.979999542236328,P,12.5,0.500005,1.0,0,0.0,0.0
SHC,2026-08-21,17.979999542236328,P,15.0,0.2500075,2.0,0,0.0,0.0
SHC,2026-08-21,17.979999542236328,P,17.5,0.0312596875,1.0,0,0.0,0.0
SHC,2026-08-21,17.979999542236328,P,20.0,1.0000000000000003e-05,4.0,0,0.0,0.0
SHC,2026-08-21,17.979999542236328,P,30.0,1.0000000000000003e-05,,0,0.0,0.0
SHC,2026-08-21,17.979999542236328,P,35.0,4.73437908203125,,0,19.3,21.7
HIMX,2026-08-21,13.350000381469727,C,9.0,1.0000000000000003e-05,,0,0.0,0.0
HIMX,2026-08-21,13.350000381469727,C,10.0,1.0000000000000003e-05,6.0,0,0.0,0.0
HIMX,2026-08-21,13.350000381469727,C,11.0,1.0000000000000003e-05,10.0,0,0.0,0.0
HIMX,2026-08-21,13.350000381469727,C,12.0,1.0000000000000003e-05,14.0,0,0.0,0.0
HIMX,2026-08-21,13.350000381469727,C,13.0,1.0000000000000003e-05,20.0,0,0.0,0.0
HIMX,2026-08-21,13.350000381469727,C,14.0,0.062509375,324.0,0,0.0,0.0
HIMX,2026-08-21,13.350000381469727,C,15.0,0.12500875,100.0,0,0.0,0.0
HIMX,2026-08-21,13.350000381469727,C,16.0,0.2500075,225.0,0,0.0,0.0
HIMX,2026-08-21,13.350000381469727,C,17.0,0.2500075,62.0,0,0.0,0.0
HIMX,2026-08-21,13.350000381469727,C,18.0,0.2500075,2312.0,0,0.0,0.0
HIMX,2026-08-21,13.350000381469727,C,19.0,0.500005,137.0,0,0.0,0.0
HIMX,2026-08-21,13.350000381469727,C,20.0,0.500005,219.0,0,0.0,0.0
HIMX,2026-08-21,13.350000381469727,C,21.0,0.500005,4.0,0,0.0,0.0
HIMX,2026-08-21,13.350000381469727,C,22.0,0.500005,3.0,0,0.0,0.0
HIMX,2026-08-21,13.350000381469727,C,23.0,0.500005,1.0,0,0.0,0.0
HIMX,2026-08-21,13.350000381469727,C,24.0,0.500005,2.0,0,0.0,0.0
HIMX,2026-08-21,13.350000381469727,C,25.0,0.500005,23.0,0,0.0,0.0
HIMX,2026-08-21,13.350000381469727,P,8.0,0.500005,1.0,0,0.0,0.0
HIMX,2026-08-21,13.350000381469727,P,9.0,0.500005,1.0,0,0.0,0.0
HIMX,2026-08-21,13.350000381469727,P,10.0,0.2500075,3474.0,0,0.0,0.0
HIMX,2026-08-21,13.350000381469727,P,11.0,0.2500075,63.0,0,0.0,0.0
HIMX,2026-08-21,13.350000381469727,P,12.0,0.12500875,31.0,0,0.0,0.0
HIMX,2026-08-21,13.350000381469727,P,13.0,0.0312596875,40.0,0,0.0,0.0
HIMX,2026-08-21,13.350000381469727,P,14.0,1.0000000000000003e-05,64.0,0,0.0,0.0
HIMX,2026-08-21,13.350000381469727,P,15.0,1.0000000000000003e-05,5.0,0,0.0,0.0
HIMX,2026-08-21,13.350000381469727,P,16.0,1.0000000000000003e-05,1.0,0,0.0,0.0
HIMX,2026-08-21,13.350000381469727,P,17.0,1.0000000000000003e-05,50.0,0,0.0,0.0
HIMX,2026-08-21,13.350000381469727,P,18.0,1.0000000000000003e-05,300.0,0,0.0,0.0
HIMX,2026-08-21,13.350000381469727,P,19.0,1.0000000000000003e-05,2.0,0,0.0,0.0
HIMX,2026-08-21,13.350000381469727,P,20.0,1.0000000000000003e-05,1.0,0,0.0,0.0
HIMX,2026-08-21,13.350000381469727,P,21.0,1.0000000000000003e-05,,0,0.0,0.0
HIMX,2026-08-21,13.350000381469727,P,22.0,1.0000000000000003e-05,1.0,0,0.0,0.0
HIMX,2026-08-21,13.350000381469727,P,23.0,1.0000000000000003e-05,,0,0.0,0.0
HIMX,2026-08-21,13.350000381469727,P,25.0,1.0000000000000003e-05,2.0,0,0.0,0.0
LCUT,2026-08-21,8.420000076293945,C,2.5,1.0000000000000003e-05,7.0,0,0.0,0.0
LCUT,2026-08-21,8.420000076293945,C,5.0,1.0000000000000003e-05,1.0,0,0.0,0.0
LCUT,2026-08-21,8.420000076293945,C,7.5,1.0000000000000003e-05,1.0,0,0.0,0.0
LCUT,2026-08-21,8.420000076293945,C,10.0,0.2500075,1.0,0,0.0,0.0
LCUT,2026-08-21,8.420000076293945,P,2.5,7.093751132812501,1.0,45,0.0,1.35
LCUT,2026-08-21,8.420000076293945,P,5.0,0.500005,10.0,0,0.0,0.0
LCUT,2026-08-21,8.420000076293945,P,7.5,0.12500875,,0,0.0,0.0
ONIT,2026-08-21,38.04999923706055,C,35.0,1.0000000000000003e-05,15.0,0,0.0,0.0
ONIT,2026-08-21,38.04999923706055,C,40.0,0.062509375,182.0,0,0.0,0.0
ONIT,2026-08-21,38.04999923706055,C,50.0,0.2500075,,0,0.0,0.0
ONIT,2026-08-21,38.04999923706055,P,25.0,0.500005,10.0,0,0.0,0.0
ONIT,2026-08-21,38.04999923706055,P,30.0,0.2500075,15.0,0,0.0,0.0
ONIT,2026-08-21,38.04999923706055,P,35.0,0.12500875,1.0,0,0.0,0.0
ONIT,2026-08-21,38.04999923706055,P,40.0,1.0000000000000003e-05,5.0,0,0.0,0.0
ALM,2026-08-21,13.3100004196167,C,2.5,9.640628974609374,2.0,2,10.4,13.2
ALM,2026-08-21,13.3100004196167,C,5.0,1.0000000000000003e-05,2.0,0,0.0,0.0
ALM,2026-08-21,13.3100004196167,C,7.5,1.0000000000000003e-05,2.0,0,0.0,0.0
ALM,2026-08-21,13.3100004196167,C,10.0,1.0000000000000003e-05,29.0,0,0.0,0.0
ALM,2026-08-21,13.3100004196167,C,12.5,1.0000000000000003e-05,126.0,0,0.0,0.0
ALM,2026-08-21,13.3100004196167,C,15.0,0.12500875,280.0,0,0.0,0.0
ALM,2026-08-21,13.3100004196167,C,17.5,0.2500075,8.0,0,0.0,0.0
ALM,2026-08-21,13.3100004196167,C,20.0,0.500005,27.0,0,0.0,0.0
ALM,2026-08-21,13.3100004196167,C,22.5,0.500005,3.0,0,0.0,0.0
ALM,2026-08-21,13.3100004196167,C,25.0,0.500005,34.0,0,0.0,0.0
ALM,2026-08-21,13.3100004196167,C,30.0,0.500005,10.0,0,0.0,0.0
ALM,2026-08-21,13.3100004196167,C,35.0,0.500005,5.0,0,0.0,0.0
ALM,2026-08-21,13.3100004196167,C,40.0,0.500005,1.0,0,0.0,0.0
ALM,2026-08-21,13.3100004196167,P,5.0,0.500005,,0,0.0,0.0
ALM,2026-08-21,13.3100004196167,P,7.5,0.500005,2.0,0,0.0,0.0
ALM,2026-08-21,13.3100004196167,P,10.0,0.2500075,58.0,0,0.0,0.0
ALM,2026-08-21,13.3100004196167,P,12.5,0.12500875,57.0,0,0.0,0.0
ALM,2026-08-21,13.3100004196167,P,15.0,1.0000000000000003e-05,2.0,0,0.0,0.0
ALM,2026-08-21,13.3100004196167,P,17.5,1.0000000000000003e-05,10.0,0,0.0,0.0
ALM,2026-08-21,13.3100004196167,P,20.0,1.0000000000000003e-05,1.0,0,0.0,0.0
ALM,2026-08-21,13.3100004196167,P,22.5,1.0000000000000003e-05,1.0,0,0.0,0.0
ALM,2026-08-21,13.3100004196167,P,25.0,1.0000000000000003e-05,1.0,0,0.0,0.0
ALM,2026-08-21,13.3100004196167,P,30.0,1.0000000000000003e-05,1.0,11,12.1,14.4
PAR,2026-08-21,17.6200008392334,C,14.0,1.0000000000000003e-05,5.0,0,0.0,0.0
PAR,2026-08-21,17.6200008392334,C,15.0,1.0000000000000003e-05,4.0,0,0.0,0.0
PAR,2026-08-21,17.6200008392334,C,16.0,1.0000000000000003e-05,10.0,0,0.0,0.0
PAR,2026-08-21,17.6200008392334,C,17.0,1.0000000000000003e-05,1.0,0,0.0,0.0
PAR,2026-08-21,17.6200008392334,C,18.0,0.0312596875,12.0,0,0.0,0.0
PAR,2026-08-21,17.6200008392334,C,19.0,0.12500875,8.0,0,0.0,0.0
PAR,2026-08-21,17.6200008392334,C,20.0,0.12500875,101.0,0,0.0,0.0
PAR,2026-08-21,17.6200008392334,C,21.0,0.2500075,2.0,0,0.0,0.0
PAR,2026-08-21,17.6200008392334,C,22.0,0.2500075,15.0,0,0.0,0.0
PAR,2026-08-21,17.6200008392334,C,23.0,0.2500075,1.0,0,0.0,0.0
PAR,2026-08-21,17.6200008392334,C,25.0,0.500005,,0,0.0,0.0
PAR,2026-08-21,17.6200008392334,C,30.0,0.500005,,0,0.0,0.0
PAR,2026-08-21,17.6200008392334,P,7.0,0.500005,,0,0.0,0.0
PAR,2026-08-21,17.6200008392334,P,12.0,0.500005,,0,0.0,0.0
PAR,2026-08-21,17.6200008392334,P,13.0,0.500005,1.0,0,0.0,0.0
PAR,2026-08-21,17.6200008392334,P,14.0,0.2500075,1.0,0,0.0,0.0
PAR,2026-08-21,17.6200008392334,P,15.0,0.2500075,1.0,0,0.0,0.0
PAR,2026-08-21,17.6200008392334,P,16.0,0.12500875,1.0,0,0.0,0.0
PAR,2026-08-21,17.6200008392334,P,17.0,0.062509375,623.0,0,0.0,0.0
PAR,2026-08-21,17.6200008392334,P,18.0,1.0000000000000003e-05,4.0,0,0.0,0.0
ASPN,2026-08-21,5.010000228881836,C,2.5,1.0000000000000003e-05,10.0,0,0.0,0.0
ASPN,2026-08-21,5.010000228881836,C,5.0,1.0000000000000003e-05,14.0,0,0.0,0.0
ASPN,2026-08-21,5.010000228881836,C,7.5,0.500005,1.0,0,0.0,0.0
ASPN,2026-08-21,5.010000228881836,C,10.0,0.500005,400.0,0,0.0,0.0
ASPN,2026-08-21,5.010000228881836,C,12.5,0.500005,,0,0.0,0.0
ASPN,2026-08-21,5.010000228881836,P,2.5,0.500005,15.0,0,0.0,0.0
ASPN,2026-08-21,5.010000228881836,P,5.0,0.007822421875,51.0,0,0.0,0.0
ASPN,2026-08-21,5.010000228881836,P,7.5,1.0000000000000003e-05,31.0,0,0.0,0.0
ASPN,2026-08-21,5.010000228881836,P,10.0,1.0000000000000003e-05,4.0,0,0.0,0.0
ASPN,2026-08-21,5.010000228881836,P,12.5,1.0000000000000003e-05,4.0,0,0.0,0.0
SABR,2026-08-21,2.119999885559082,C,1.0,1.0000000000000003e-05,,0,0.0,0.0
SABR,2026-08-21,2.119999885559082,C,1.5,1.0000000000000003e-05,10.0,0,0.0,0.0
SABR,2026-08-21,2.119999885559082,C,2.0,1.0000000000000003e-05,825.0,0,0.0,0.0
SABR,2026-08-21,2.119999885559082,C,2.5,0.2500075,91.0,0,0.0,0.0
SABR,2026-08-21,2.119999885559082,C,3.0,0.500005,1.0,0,0.0,0.0
SABR,2026-08-21,2.119999885559082,C,3.5,0.500005,1.0,0,0.0,0.0
SABR,2026-08-21,2.119999885559082,C,4.0,0.500005,1.0,0,0.0,0.0
SABR,2026-08-21,2.119999885559082,P,0.5,0.500005,,0,0.0,0.0
SABR,2026-08-21,2.119999885559082,P,1.0,0.500005,,0,0.0,0.0
SABR,2026-08-21,2.119999885559082,P,1.5,0.500005,50.0,0,0.0,0.0
SABR,2026-08-21,2.119999885559082,P,2.0,0.12500875,5.0,0,0.0,0.0
SABR,2026-08-21,2.119999885559082,P,2.5,1.0000000000000003e-05,3.0,0,0.0,0.0
SABR,2026-08-21,2.119999885559082,P,3.0,1.0000000000000003e-05,40.0,0,0.0,0.0
CCOI,2026-08-21,12.869999885559082,C,7.5,1.0000000000000003e-05,2,0,0.0,0.0
CCOI,2026-08-21,12.869999885559082,C,10.0,1.0000000000000003e-05,1,0,0.0,0.0
CCOI,2026-08-21,12.869999885559082,C,12.5,1.0000000000000003e-05,8,0,0.0,0.0
CCOI,2026-08-21,12.869999885559082,C,15.0,0.2500075,40,0,0.0,0.0
CCOI,2026-08-21,12.869999885559082,C,17.5,0.500005,11,0,0.0,0.0
CCOI,2026-08-21,12.869999885559082,C,20.0,0.500005,4,0,0.0,0.0
CCOI,2026-08-21,12.869999885559082,C,22.5,0.500005,4,0,0.0,0.0
CCOI,2026-08-21,12.869999885559082,C,25.0,0.500005,1,0,0.0,0.0
CCOI,2026-08-21,12.869999885559082,C,30.0,0.500005,6,0,0.0,0.0
CCOI,2026-08-21,12.869999885559082,P,2.5,0.500005,4,0,0.0,0.0
CCOI,2026-08-21,12.869999885559082,P,5.0,0.500005,100,0,0.0,0.0
CCOI,2026-08-21,12.869999885559082,P,7.5,0.500005,5,0,0.0,0.0
CCOI,2026-08-21,12.869999885559082,P,10.0,0.2500075,9,0,0.0,0.0
CCOI,2026-08-21,12.869999885559082,P,12.5,0.062509375,131,0,0.0,0.0
CCOI,2026-08-21,12.869999885559082,P,15.0,1.0000000000000003e-05,1,0,0.0,0.0
CCOI,2026-08-21,12.869999885559082,P,17.5,1.0000000000000003e-05,1,0,0.0,0.0
CCOI,2026-08-21,12.869999885559082,P,20.0,1.0000000000000003e-05,2,0,0.0,0.0
CCOI,2026-08-21,12.869999885559082,P,22.5,1.0000000000000003e-05,10,0,0.0,0.0
SYNA,2026-08-21,100.12000274658203,C,90.0,1.0000000000000003e-05,,0,0.0,0.0
SYNA,2026-08-21,100.12000274658203,C,95.0,1.0000000000000003e-05,,0,0.0,0.0
SYNA,2026-08-21,100.12000274658203,C,105.0,0.062509375,1.0,0,0.0,0.0
SYNA,2026-08-21,100.12000274658203,C,110.0,0.12500875,6.0,0,0.0,0.0
SYNA,2026-08-21,100.12000274658203,C,115.0,0.12500875,2.0,0,0.0,0.0
SYNA,2026-08-21,100.12000274658203,C,120.0,0.2500075,17.0,0,0.0,0.0
SYNA,2026-08-21,100.12000274658203,C,125.0,0.2500075,2.0,0,0.0,0.0
SYNA,2026-08-21,100.12000274658203,C,130.0,0.2500075,20.0,0,0.0,0.0
SYNA,2026-08-21,100.12000274658203,C,135.0,0.2500075,15.0,0,0.0,0.0
SYNA,2026-08-21,100.12000274658203,C,140.0,0.2500075,10.0,0,0.0,0.0
SYNA,2026-08-21,100.12000274658203,C,145.0,0.500005,3.0,0,0.0,0.0
SYNA,2026-08-21,100.12000274658203,C,150.0,0.500005,26.0,0,0.0,0.0
SYNA,2026-08-21,100.12000274658203,C,155.0,0.500005,12.0,0,0.0,0.0
SYNA,2026-08-21,100.12000274658203,C,160.0,0.500005,2.0,0,0.0,0.0
SYNA,2026-08-21,100.12000274658203,C,165.0,0.500005,24.0,0,0.0,0.0
SYNA,2026-08-21,100.12000274658203,C,175.0,0.500005,5.0,0,0.0,0.0
SYNA,2026-08-21,100.12000274658203,C,180.0,0.500005,1.0,0,0.0,0.0
SYNA,2026-08-21,100.12000274658203,C,185.0,0.500005,1.0,0,0.0,0.0
SYNA,2026-08-21,100.12000274658203,C,190.0,0.500005,1.0,0,0.0,0.0
SYNA,2026-08-21,100.12000274658203,C,195.0,0.500005,1.0,0,0.0,0.0
SYNA,2026-08-21,100.12000274658203,C,200.0,0.500005,,0,0.0,0.0
SYNA,2026-08-21,100.12000274658203,P,65.0,0.500005,,0,0.0,0.0
SYNA,2026-08-21,100.12000274658203,P,70.0,0.500005,1.0,0,0.0,0.0
SYNA,2026-08-21,100.12000274658203,P,75.0,0.2500075,4.0,0,0.0,0.0
SYNA,2026-08-21,100.12000274658203,P,80.0,0.2500075,7.0,0,0.0,0.0
SYNA,2026-08-21,100.12000274658203,P,85.0,0.12500875,8.0,0,0.0,0.0
SYNA,2026-08-21,100.12000274658203,P,90.0,0.12500875,1.0,0,0.0,0.0
SYNA,2026-08-21,100.12000274658203,P,95.0,0.062509375,1.0,0,0.0,0.0
SYNA,2026-08-21,100.12000274658203,P,100.0,0.00196310546875,13.0,0,0.0,0.0
SYNA,2026-08-21,100.12000274658203,P,105.0,1.0000000000000003e-05,102.0,0,0.0,0.0
SYNA,2026-08-21,100.12000274658203,P,110.0,1.0000000000000003e-05,1.0,0,0.0,0.0
SYNA,2026-08-21,100.12000274658203,P,115.0,1.0000000000000003e-05,1.0,0,0.0,0.0
SYNA,2026-08-21,100.12000274658203,P,120.0,1.0000000000000003e-05,2.0,0,0.0,0.0
SYNA,2026-08-21,100.12000274658203,P,125.0,1.0000000000000003e-05,2.0,0,0.0,0.0
SYNA,2026-08-21,100.12000274658203,P,130.0,1.0000000000000003e-05,1.0,0,0.0,0.0
SYNA,2026-08-21,100.12000274658203,P,135.0,1.0000000000000003e-05,6.0,0,0.0,0.0
SYNA,2026-08-21,100.12000274658203,P,140.0,1.0000000000000003e-05,1.0,0,0.0,0.0
SYNA,2026-08-21,100.12000274658203,P,145.0,1.0000000000000003e-05,10.0,0,0.0,0.0
TBCH,2026-08-21,13.539999961853027,C,10.0,1.0000000000000003e-05,13,0,0.0,0.0
TBCH,2026-08-21,13.539999961853027,C,12.5,1.0000000000000003e-05,3,0,0.0,0.0
TBCH,2026-08-21,13.539999961853027,C,15.0,0.12500875,2,0,0.0,0.0
TBCH,2026-08-21,13.539999961853027,P,10.0,0.500005,1,0,0.0,0.0
TBCH,2026-08-21,13.539999961853027,P,12.5,0.12500875,2,0,0.0,0.0
ROIV,2026-08-21,34.599998474121094,C,14.0,3.0820335449218748,,1,19.0,23.2
ROIV,2026-08-21,34.599998474121094,C,16.0,1.0000000000000003e-05,,10,11.0,14.8
ROIV,2026-08-21,34.599998474121094,C,17.0,1.0000000000000003e-05,,5,12.1,14.5
ROIV,2026-08-21,34.599998474121094,C,20.0,1.0000000000000003e-05,1.0,0,0.0,0.0
ROIV,2026-08-21,34.599998474121094,C,21.0,1.0000000000000003e-05,3.0,0,6.2,10.1
ROIV,2026-08-21,34.599998474121094,C,22.0,1.0000000000000003e-05,4.0,0,0.0,0.0
ROIV,2026-08-21,34.599998474121094,C,23.0,1.0000000000000003e-05,10.0,0,0.0,0.0
ROIV,2026-08-21,34.599998474121094,C,24.0,1.0000000000000003e-05,3.0,0,0.0,0.0
ROIV,2026-08-21,34.599998474121094,C,25.0,1.0000000000000003e-05,5.0,0,0.0,0.0
ROIV,2026-08-21,34.599998474121094,C,26.0,1.0000000000000003e-05,1.0,103,2.45,5.6
ROIV,2026-08-21,34.599998474121094,C,27.0,1.0000000000000003e-05,1.0,0,0.0,0.0
ROIV,2026-08-21,34.599998474121094,C,28.0,1.0000000000000003e-05,5.0,0,0.0,0.0
ROIV,2026-08-21,34.599998474121094,C,29.0,1.0000000000000003e-05,10.0,0,0.0,0.0
ROIV,2026-08-21,34.599998474121094,C,30.0,1.0000000000000003e-05,3.0,0,0.0,0.0
ROIV,2026-08-21,34.599998474121094,C,31.0,1.0000000000000003e-05,3.0,0,0.0,0.0
ROIV,2026-08-21,34.599998474121094,C,32.0,1.0000000000000003e-05,1.0,0,0.0,0.0
ROIV,2026-08-21,34.599998474121094,C,33.0,1.0000000000000003e-05,15.0,0,0.0,0.0
ROIV,2026-08-21,34.599998474121094,C,34.0,1.0000000000000003e-05,2.0,0,0.0,0.0
ROIV,2026-08-21,34.599998474121094,C,35.0,0.015634843750000002,2.0,0,0.0,0.0
ROIV,2026-08-21,34.599998474121094,C,36.0,0.062509375,1.0,0,0.0,0.0
ROIV,2026-08-21,34.599998474121094,C,37.0,0.062509375,3.0,0,0.0,0.0
ROIV,2026-08-21,34.599998474121094,C,38.0,0.12500875,2.0,0,0.0,0.0
ROIV,2026-08-21,34.599998474121094,C,39.0,0.12500875,5.0,0,0.0,0.0
ROIV,2026-08-21,34.599998474121094,C,40.0,0.12500875,18.0,0,0.0,0.0
ROIV,2026-08-21,34.599998474121094,P,15.0,3.697266381835938,,1,0.0,2.4
ROIV,2026-08-21,34.599998474121094,P,18.0,2.6074253564453125,3.0,8,0.0,1.5
ROIV,2026-08-21,34.599998474121094,P,19.0,3.0244165014648434,1.0,57,0.0,2.9
ROIV,2026-08-21,34.599998474121094,P,20.0,2.3750040624999995,,14,0.0,1.75
ROIV,2026-08-21,34.599998474121094,P,21.0,1.734376328125,1.0,24,0.0,0.75
ROIV,2026-08-21,34.599998474121094,P,22.0,2.357425981445312,1.0,11,0.0,2.6
ROIV,2026-08-21,34.599998474121094,P,23.0,2.1406296484375,5.0,32,0.1,2.35
ROIV,2026-08-21,34.599998474121094,P,24.0,1.5478538232421872,1.0,1,0.0,1.2
ROIV,2026-08-21,34.599998474121094,P,25.0,1.7822276513671875,2.0,314,0.0,2.3
ROIV,2026-08-21,34.599998474121094,P,26.0,0.2500075,100.0,0,0.0,0.0
ROIV,2026-08-21,34.599998474121094,P,27.0,1.5449241503906248,1.0,103,0.0,2.5
ROIV,2026-08-21,34.599998474121094,P,28.0,1.5966817041015622,300.0,301,1.15,2.15
ROIV,2026-08-21,34.599998474121094,P,29.0,0.2500075,10.0,0,0.0,0.0
ROIV,2026-08-21,34.599998474121094,P,30.0,0.12500875,10.0,0,0.0,0.0
ROIV,2026-08-21,34.599998474121094,P,31.0,0.12500875,1.0,0,0.0,0.0
ROIV,2026-08-21,34.599998474121094,P,32.0,0.12500875,1.0,0,0.0,0.0
ROIV,2026-08-21,34.599998474121094,P,33.0,0.062509375,2.0,0,0.0,0.0
ROIV,2026-08-21,34.599998474121094,P,34.0,0.0312596875,2.0,0,0.0,0.0
ROIV,2026-08-21,34.599998474121094,P,35.0,1.0000000000000003e-05,1.0,0,0.0,0.0
ROIV,2026-08-21,34.599998474121094,P,36.0,1.0000000000000003e-05,1.0,0,0.0,0.0
ROIV,2026-08-21,34.599998474121094,P,38.0,1.0000000000000003e-05,1.0,0,0.0,0.0
ROIV,2026-08-21,34.599998474121094,P,40.0,1.0000000000000003e-05,2.0,0,0.0,0.0
FSK,2026-08-21,11.039999961853027,C,2.5,1.0000000000000003e-05,4.0,0,0.0,0.0
FSK,2026-08-21,11.039999961853027,C,5.0,1.0000000000000003e-05,2.0,0,0.0,0.0
FSK,2026-08-21,11.039999961853027,C,7.5,1.0000000000000003e-05,1.0,0,0.0,0.0
FSK,2026-08-21,11.039999961853027,C,10.0,1.0000000000000003e-05,25.0,0,0.0,0.0
FSK,2026-08-21,11.039999961853027,C,12.5,0.12500875,183.0,0,0.0,0.0
FSK,2026-08-21,11.039999961853027,C,17.5,0.500005,,0,0.0,0.0
FSK,2026-08-21,11.039999961853027,P,7.5,0.500005,2.0,0,0.0,0.0
FSK,2026-08-21,11.039999961853027,P,10.0,0.12500875,13.0,0,0.0,0.0
FSK,2026-08-21,11.039999961853027,P,12.5,1.0000000000000003e-05,9.0,0,0.0,0.0
FSK,2026-08-21,11.039999961853027,P,15.0,1.0000000000000003e-05,1.0,0,0.0,0.0
FSK,2026-08-21,11.039999961853027,P,17.5,1.0000000000000003e-05,1.0,0,0.0,0.0
FSK,2026-08-21,11.039999961853027,P,20.0,1.0000000000000003e-05,1.0,0,0.0,0.0
RSG,2026-08-21,207.02000427246094,C,190.0,1.0000000000000003e-05,1.0,0,0.0,0.0
RSG,2026-08-21,207.02000427246094,C,195.0,1.0000000000000003e-05,,0,0.0,0.0
RSG,2026-08-21,207.02000427246094,C,200.0,1.0000000000000003e-05,6.0,0,0.0,0.0
RSG,2026-08-21,207.02000427246094,C,210.0,0.015634843750000002,1.0,0,0.0,0.0
RSG,2026-08-21,207.02000427246094,C,220.0,0.062509375,6.0,0,0.0,0.0
RSG,2026-08-21,207.02000427246094,C,230.0,0.12500875,5.0,0,0.0,0.0
RSG,2026-08-21,207.02000427246094,C,240.0,0.12500875,1.0,0,0.0,0.0
RSG,2026-08-21,207.02000427246094,C,250.0,0.2500075,28.0,0,0.0,0.0
RSG,2026-08-21,207.02000427246094,P,175.0,0.12500875,1.0,0,0.0,0.0
RSG,2026-08-21,207.02000427246094,P,180.0,0.12500875,1.0,0,0.0,0.0
RSG,2026-08-21,207.02000427246094,P,185.0,0.12500875,20.0,0,0.0,0.0
RSG,2026-08-21,207.02000427246094,P,190.0,0.12500875,2.0,0,0.0,0.0
RSG,2026-08-21,207.02000427246094,P,195.0,0.062509375,1.0,0,0.0,0.0
RSG,2026-08-21,207.02000427246094,P,200.0,0.0312596875,16.0,0,0.0,0.0
RSG,2026-08-21,207.02000427246094,P,210.0,1.0000000000000003e-05,2.0,0,0.0,0.0
RSG,2026-08-21,207.02000427246094,P,220.0,1.0000000000000003e-05,28.0,0,0.0,0.0
RSG,2026-08-21,207.02000427246094,P,240.0,1.0000000000000003e-05,1.0,0,0.0,0.0
MBX,2026-08-21,67.4800033569336,C,30.0,1.0000000000000003e-05,1.0,0,0.0,0.0
MBX,2026-08-21,67.4800033569336,C,35.0,1.0000000000000003e-05,2.0,0,0.0,0.0
MBX,2026-08-21,67.4800033569336,C,40.0,1.0000000000000003e-05,8.0,0,0.0,0.0
MBX,2026-08-21,67.4800033569336,C,45.0,1.0000000000000003e-05,1.0,0,0.0,0.0
MBX,2026-08-21,67.4800033569336,C,50.0,1.0000000000000003e-05,2.0,0,0.0,0.0
MBX,2026-08-21,67.4800033569336,C,55.0,1.0000000000000003e-05,2.0,0,0.0,0.0
MBX,2026-08-21,67.4800033569336,C,60.0,1.0000000000000003e-05,2.0,0,0.0,0.0
MBX,2026-08-21,67.4800033569336,C,65.0,1.0000000000000003e-05,2.0,0,0.0,0.0
MBX,2026-08-21,67.4800033569336,C,70.0,0.062509375,3.0,0,0.0,0.0
MBX,2026-08-21,67.4800033569336,C,75.0,0.12500875,1.0,0,0.0,0.0
MBX,2026-08-21,67.4800033569336,C,80.0,0.2500075,2.0,0,0.0,0.0
MBX,2026-08-21,67.4800033569336,C,85.0,0.2500075,10.0,0,0.0,0.0
MBX,2026-08-21,67.4800033569336,C,90.0,0.2500075,1.0,0,0.0,0.0
MBX,2026-08-21,67.4800033569336,C,95.0,0.2500075,,0,0.0,0.0
MBX,2026-08-21,67.4800033569336,P,35.0,0.500005,1.0,0,0.0,0.0
MBX,2026-08-21,67.4800033569336,P,45.0,0.500005,,0,0.0,0.0
MBX,2026-08-21,67.4800033569336,P,50.0,0.2500075,5.0,0,0.0,0.0
MBX,2026-08-21,67.4800033569336,P,55.0,0.2500075,4.0,0,0.0,0.0
MBX,2026-08-21,67.4800033569336,P,60.0,0.12500875,5.0,0,0.0,0.0
MBX,2026-08-21,67.4800033569336,P,65.0,0.062509375,32.0,0,0.0,0.0
MBX,2026-08-21,67.4800033569336,P,80.0,1.0000000000000003e-05,1.0,0,0.0,0.0
MBX,2026-08-21,67.4800033569336,P,85.0,1.0000000000000003e-05,2.0,0,0.0,0.0
IRTC,2026-08-21,124.5,C,60.0,1.0000000000000003e-05,,0,0.0,0.0
IRTC,2026-08-21,124.5,C,105.0,1.0000000000000003e-05,,0,0.0,0.0
IRTC,2026-08-21,124.5,C,110.0,1.0000000000000003e-05,1.0,0,0.0,0.0
IRTC,2026-08-21,124.5,C,115.0,1.0000000000000003e-05,26.0,0,0.0,0.0
IRTC,2026-08-21,124.5,C,120.0,1.0000000000000003e-05,40.0,0,0.0,0.0
IRTC,2026-08-21,124.5,C,125.0,0.007822421875,1.0,0,0.0,0.0
IRTC,2026-08-21,124.5,C,130.0,0.062509375,1.0,0,0.0,0.0
IRTC,2026-08-21,124.5,C,135.0,0.12500875,3.0,0,0.0,0.0
IRTC,2026-08-21,124.5,C,140.0,0.12500875,166.0,0,0.0,0.0
IRTC,2026-08-21,124.5,C,145.0,0.12500875,1.0,0,0.0,0.0
IRTC,2026-08-21,124.5,C,150.0,0.2500075,10.0,0,0.0,0.0
IRTC,2026-08-21,124.5,C,155.0,0.2500075,1.0,0,0.0,0.0
IRTC,2026-08-21,124.5,C,160.0,0.8940440283203124,1.0,2,0.0,2.2
IRTC,2026-08-21,124.5,C,165.0,0.9765627343750001,5.0,2,0.0,2.25
IRTC,2026-08-21,124.5,C,170.0,1.0610398510742187,5.0,5,0.0,2.35
IRTC,2026-08-21,124.5,C,175.0,1.1538128247070314,1.0,2,0.0,2.55
IRTC,2026-08-21,124.5,C,180.0,1.1865275048828123,6.0,20,0.0,2.25
IRTC,2026-08-21,124.5,C,195.0,0.500005,1.0,0,0.0,0.0
IRTC,2026-08-21,124.5,C,200.0,0.500005,,0,0.0,0.0
IRTC,2026-08-21,124.5,C,210.0,0.500005,,0,0.0,0.0
IRTC,2026-08-21,124.5,P,60.0,0.500005,1.0,0,0.0,0.0
IRTC,2026-08-21,124.5,P,75.0,0.500005,11.0,0,0.0,0.0
IRTC,2026-08-21,124.5,P,80.0,0.500005,1.0,0,0.0,0.0
IRTC,2026-08-21,124.5,P,90.0,0.2500075,80.0,0,0.0,0.0
IRTC,2026-08-21,124.5,P,95.0,0.2500075,1.0,0,0.0,0.0
IRTC,2026-08-21,124.5,P,100.0,0.2500075,5.0,0,0.0,0.0
IRTC,2026-08-21,124.5,P,105.0,0.2500075,5.0,0,0.0,0.0
IRTC,2026-08-21,124.5,P,110.0,0.12500875,7.0,0,0.0,0.0
IRTC,2026-08-21,124.5,P,115.0,0.062509375,6.0,0,0.0,0.0
IRTC,2026-08-21,124.5,P,120.0,0.0312596875,1.0,0,0.0,0.0
IRTC,2026-08-21,124.5,P,125.0,1.7905283911132814,3.0,4,17.5,20.1
IRTC,2026-08-21,124.5,P,135.0,1.0000000000000003e-05,,0,0.0,0.0
IRTC,2026-08-21,124.5,P,145.0,1.0000000000000003e-05,5.0,0,0.0,0.0
IRTC,2026-08-21,124.5,P,165.0,1.0000000000000003e-05,1.0,0,0.0,0.0
IRTC,2026-08-21,124.5,P,170.0,2.957033857421875,1.0,0,60.8,64.8
IRTC,2026-08-21,124.5,P,230.0,3.877197572631836,,0,120.8,124.2
IRTC,2026-08-21,124.5,P,240.0,1.0000000000000003e-05,,0,0.0,0.0
FOXF,2026-08-21,19.65999984741211,C,2.5,1.0000000000000003e-05,1.0,0,0.0,0.0
FOXF,2026-08-21,19.65999984741211,C,5.0,1.0000000000000003e-05,2.0,0,0.0,0.0
FOXF,2026-08-21,19.65999984741211,C,7.5,1.0000000000000003e-05,1.0,0,0.0,0.0
FOXF,2026-08-21,19.65999984741211,C,17.5,1.0000000000000003e-05,,0,0.0,0.0
FOXF,2026-08-21,19.65999984741211,C,20.0,0.0312596875,2.0,0,0.0,0.0
FOXF,2026-08-21,19.65999984741211,C,22.5,0.12500875,1614.0,0,0.0,0.0
FOXF,2026-08-21,19.65999984741211,C,25.0,0.2500075,1.0,0,0.0,0.0
FOXF,2026-08-21,19.65999984741211,P,2.5,0.500005,,0,0.0,0.0
FOXF,2026-08-21,19.65999984741211,P,5.0,0.500005,1.0,0,0.0,0.0
FOXF,2026-08-21,19.65999984741211,P,12.5,0.500005,100.0,0,0.0,0.0
FOXF,2026-08-21,19.65999984741211,P,15.0,0.2500075,3.0,0,0.0,0.0
FOXF,2026-08-21,19.65999984741211,P,17.5,0.12500875,5.0,0,0.0,0.0
FOXF,2026-08-21,19.65999984741211,P,25.0,1.0000000000000003e-05,,0,0.0,0.0
FOXF,2026-08-21,19.65999984741211,P,30.0,1.0000000000000003e-05,2.0,0,0.0,0.0
FOXF,2026-08-21,19.65999984741211,P,35.0,1.0000000000000003e-05,1.0,0,0.0,0.0
TCPC,2026-08-21,3.5,C,2.5,1.0000000000000003e-05,2.0,0,0.0,0.0
TCPC,2026-08-21,3.5,C,5.0,0.500005,2.0,0,0.0,0.0
TCPC,2026-08-21,3.5,C,7.5,0.500005,1.0,0,0.0,0.0
TCPC,2026-08-21,3.5,C,10.0,2.50000375,,1,0.0,0.05
TCPC,2026-08-21,3.5,P,2.5,0.500005,10.0,0,0.0,0.0
TCPC,2026-08-21,3.5,P,5.0,1.0000000000000003e-05,1.0,0,0.0,0.0
TCPC,2026-08-21,3.5,P,7.5,1.0000000000000003e-05,1.0,0,0.0,0.0
TCPC,2026-08-21,3.5,P,10.0,1.0000000000000003e-05,1.0,0,0.0,0.0
CON,2026-08-21,30.760000228881836,C,30.0,1.0000000000000003e-05,3.0,0,0.0,0.0
CON,2026-08-21,30.760000228881836,C,35.0,0.12500875,14.0,0,0.0,0.0
CON,2026-08-21,30.760000228881836,P,25.0,0.2500075,,0,0.0,0.0
CLSK,2026-08-07,13.5,C,3.0,1.0000000000000003e-05,23.0,0,0.0,0.0
CLSK,2026-08-07,13.5,C,4.0,1.0000000000000003e-05,12.0,0,0.0,0.0
CLSK,2026-08-07,13.5,C,5.0,1.0000000000000003e-05,28.0,0,0.0,0.0
CLSK,2026-08-07,13.5,C,6.0,1.0000000000000003e-05,15.0,0,0.0,0.0
CLSK,2026-08-07,13.5,C,7.0,1.0000000000000003e-05,11.0,0,0.0,0.0
CLSK,2026-08-07,13.5,C,8.0,1.0000000000000003e-05,8.0,0,0.0,0.0
CLSK,2026-08-07,13.5,C,9.0,1.0000000000000003e-05,5.0,0,0.0,0.0
CLSK,2026-08-07,13.5,C,9.5,1.0000000000000003e-05,10.0,0,0.0,0.0
CLSK,2026-08-07,13.5,C,10.0,1.0000000000000003e-05,12.0,0,0.0,0.0
CLSK,2026-08-07,13.5,C,10.5,1.0000000000000003e-05,3.0,0,0.0,0.0
CLSK,2026-08-07,13.5,C,11.0,1.0000000000000003e-05,4.0,0,0.0,0.0
CLSK,2026-08-07,13.5,C,11.5,1.0000000000000003e-05,2.0,0,0.0,0.0
CLSK,2026-08-07,13.5,C,12.0,1.0000000000000003e-05,16.0,0,0.0,0.0
CLSK,2026-08-07,13.5,C,12.5,1.0000000000000003e-05,20.0,0,0.0,0.0
CLSK,2026-08-07,13.5,C,13.0,1.0000000000000003e-05,24.0,0,0.0,0.0
CLSK,2026-08-07,13.5,C,13.5,0.00196310546875,433.0,0,0.0,0.0
CLSK,2026-08-07,13.5,C,14.0,0.12500875,715.0,0,0.0,0.0
CLSK,2026-08-07,13.5,C,14.5,0.2500075,1225.0,0,0.0,0.0
CLSK,2026-08-07,13.5,C,15.0,0.500005,1575.0,0,0.0,0.0
CLSK,2026-08-07,13.5,C,15.5,0.500005,403.0,0,0.0,0.0
CLSK,2026-08-07,13.5,C,16.0,0.500005,476.0,0,0.0,0.0
CLSK,2026-08-07,13.5,C,16.5,0.500005,292.0,0,0.0,0.0
CLSK,2026-08-07,13.5,C,17.0,0.500005,108.0,0,0.0,0.0
CLSK,2026-08-07,13.5,C,17.5,0.500005,179.0,0,0.0,0.0
CLSK,2026-08-07,13.5,C,18.0,0.500005,262.0,0,0.0,0.0
CLSK,2026-08-07,13.5,C,18.5,0.500005,142.0,0,0.0,0.0
CLSK,2026-08-07,13.5,C,19.0,0.500005,1.0,0,0.0,0.0
CLSK,2026-08-07,13.5,C,19.5,0.500005,2.0,0,0.0,0.0
CLSK,2026-08-07,13.5,C,20.0,0.500005,302.0,0,0.0,0.0
CLSK,2026-08-07,13.5,C,20.5,0.500005,2.0,0,0.0,0.0
CLSK,2026-08-07,13.5,C,21.0,0.500005,10.0,0,0.0,0.0
CLSK,2026-08-07,13.5,C,22.0,0.500005,2.0,0,0.0,0.0
CLSK,2026-08-07,13.5,C,23.0,0.500005,1.0,0,0.0,0.0
CLSK,2026-08-07,13.5,C,24.0,0.500005,2.0,0,0.0,0.0
CLSK,2026-08-07,13.5,C,25.0,1.000005,1.0,0,0.0,0.0
CLSK,2026-08-07,13.5,C,30.0,0.500005,1.0,0,0.0,0.0
CLSK,2026-08-07,13.5,P,3.0,0.500005,,0,0.0,0.0
CLSK,2026-08-07,13.5,P,5.0,0.500005,41.0,0,0.0,0.0
CLSK,2026-08-07,13.5,P,6.0,0.500005,1.0,0,0.0,0.0
CLSK,2026-08-07,13.5,P,8.0,0.500005,2.0,0,0.0,0.0
CLSK,2026-08-07,13.5,P,9.0,0.500005,5.0,0,0.0,0.0
CLSK,2026-08-07,13.5,P,9.5,0.500005,,0,0.0,0.0
CLSK,2026-08-07,13.5,P,10.0,0.500005,6.0,0,0.0,0.0
CLSK,2026-08-07,13.5,P,10.5,0.500005,186.0,0,0.0,0.0
CLSK,2026-08-07,13.5,P,11.0,0.500005,148.0,0,0.0,0.0
CLSK,2026-08-07,13.5,P,11.5,0.500005,379.0,0,0.0,0.0
CLSK,2026-08-07,13.5,P,12.0,0.500005,1034.0,0,0.0,0.0
CLSK,2026-08-07,13.5,P,12.5,0.2500075,297.0,0,0.0,0.0
CLSK,2026-08-07,13.5,P,13.0,0.12500875,464.0,0,0.0,0.0
CLSK,2026-08-07,13.5,P,13.5,0.00196310546875,603.0,0,0.0,0.0
CLSK,2026-08-07,13.5,P,14.0,1.0000000000000003e-05,273.0,0,0.0,0.0
CLSK,2026-08-07,13.5,P,14.5,1.0000000000000003e-05,687.0,0,0.0,0.0
CLSK,2026-08-07,13.5,P,15.0,1.0000000000000003e-05,309.0,0,0.0,0.0
CLSK,2026-08-07,13.5,P,15.5,1.0000000000000003e-05,4.0,0,0.0,0.0
CLSK,2026-08-07,13.5,P,16.0,1.0000000000000003e-05,2.0,0,0.0,0.0
CLSK,2026-08-07,13.5,P,16.5,1.0000000000000003e-05,68.0,0,0.0,0.0
CLSK,2026-08-07,13.5,P,17.0,1.0000000000000003e-05,1.0,0,0.0,0.0
CLSK,2026-08-07,13.5,P,17.5,1.0000000000000003e-05,1.0,0,0.0,0.0
CLSK,2026-08-07,13.5,P,18.5,1.0000000000000003e-05,3.0,0,0.0,0.0
CLSK,2026-08-07,13.5,P,19.0,1.0000000000000003e-05,1.0,0,0.0,0.0
CLSK,2026-08-07,13.5,P,19.5,1.0000000000000003e-05,4.0,0,0.0,0.0
CLSK,2026-08-07,13.5,P,20.0,1.0000000000000003e-05,9.0,0,0.0,0.0
CLSK,2026-08-07,13.5,P,20.5,1.0000000000000003e-05,2.0,0,0.0,0.0
CLSK,2026-08-07,13.5,P,21.0,1.0000000000000003e-05,1.0,0,0.0,0.0
CLSK,2026-08-07,13.5,P,22.0,1.0000000000000003e-05,2.0,0,0.0,0.0
CLSK,2026-08-07,13.5,P,23.0,1.0000000000000003e-05,1.0,0,0.0,0.0
CLSK,2026-08-07,13.5,P,24.0,1.0000000000000003e-05,6.0,0,0.0,0.0
CLSK,2026-08-07,13.5,P,25.0,1.0000000000000003e-05,9.0,0,0.0,0.0
CLSK,2026-08-07,13.5,P,26.0,1.0000000000000003e-05,11.0,0,0.0,0.0
CLSK,2026-08-07,13.5,P,29.0,1.0000000000000003e-05,38.0,0,0.0,0.0
CLSK,2026-08-07,13.5,P,30.0,1.0000000000000003e-05,68.0,0,0.0,0.0
CNR,2026-08-21,83.68000030517578,C,50.0,1.0000000000000003e-05,1.0,0,0.0,0.0
CNR,2026-08-21,83.68000030517578,C,75.0,1.0000000000000003e-05,5.0,0,0.0,0.0
CNR,2026-08-21,83.68000030517578,C,80.0,1.0000000000000003e-05,1.0,0,0.0,0.0
CNR,2026-08-21,83.68000030517578,C,85.0,0.015634843750000002,26.0,0,0.0,0.0
CNR,2026-08-21,83.68000030517578,C,90.0,0.062509375,6.0,0,0.0,0.0
CNR,2026-08-21,83.68000030517578,C,95.0,0.12500875,39.0,0,0.0,0.0
CNR,2026-08-21,83.68000030517578,C,100.0,0.2500075,6.0,0,0.0,0.0
CNR,2026-08-21,83.68000030517578,C,105.0,0.2500075,1.0,0,0.0,0.0
CNR,2026-08-21,83.68000030517578,C,110.0,0.2500075,3.0,0,0.0,0.0
CNR,2026-08-21,83.68000030517578,C,115.0,0.2500075,1.0,0,0.0,0.0
CNR,2026-08-21,83.68000030517578,C,125.0,0.500005,,0,0.0,0.0
CNR,2026-08-21,83.68000030517578,C,130.0,0.500005,,0,0.0,0.0
CNR,2026-08-21,83.68000030517578,P,60.0,0.2500075,1.0,0,0.0,0.0
CNR,2026-08-21,83.68000030517578,P,65.0,0.2500075,53.0,0,0.0,0.0
CNR,2026-08-21,83.68000030517578,P,70.0,0.2500075,1.0,0,0.0,0.0
CNR,2026-08-21,83.68000030517578,P,75.0,0.12500875,1.0,0,0.0,0.0
CNR,2026-08-21,83.68000030517578,P,80.0,0.062509375,753.0,0,0.0,0.0
CNR,2026-08-21,83.68000030517578,P,85.0,1.0000000000000003e-05,5.0,0,0.0,0.0
CNR,2026-08-21,83.68000030517578,P,90.0,1.0000000000000003e-05,1.0,0,0.0,0.0
CNR,2026-08-21,83.68000030517578,P,100.0,1.0000000000000003e-05,5.0,0,0.0,0.0
PLSE,2026-08-21,37.900001525878906,C,21.0,1.0000000000000003e-05,,0,0.0,0.0
PLSE,2026-08-21,37.900001525878906,C,22.0,1.0000000000000003e-05,6.0,0,0.0,0.0
PLSE,2026-08-21,37.900001525878906,C,24.0,1.0000000000000003e-05,10.0,0,0.0,0.0
PLSE,2026-08-21,37.900001525878906,C,25.0,1.0000000000000003e-05,,0,0.0,0.0
PLSE,2026-08-21,37.900001525878906,C,26.0,1.0000000000000003e-05,,0,0.0,0.0
PLSE,2026-08-21,37.900001525878906,C,28.0,1.0000000000000003e-05,6.0,0,0.0,0.0
PLSE,2026-08-21,37.900001525878906,C,30.0,1.0000000000000003e-05,5.0,0,0.0,0.0
PLSE,2026-08-21,37.900001525878906,C,31.0,1.0000000000000003e-05,5.0,0,0.0,0.0
PLSE,2026-08-21,37.900001525878906,C,32.0,1.0000000000000003e-05,1.0,0,0.0,0.0
PLSE,2026-08-21,37.900001525878906,C,33.0,1.0000000000000003e-05,1.0,0,0.0,0.0
PLSE,2026-08-21,37.900001525878906,C,34.0,1.0000000000000003e-05,8.0,0,0.0,0.0
PLSE,2026-08-21,37.900001525878906,C,35.0,1.0000000000000003e-05,52.0,0,0.0,0.0
PLSE,2026-08-21,37.900001525878906,C,36.0,1.0000000000000003e-05,11.0,0,0.0,0.0
PLSE,2026-08-21,37.900001525878906,C,37.0,1.0000000000000003e-05,,0,0.0,0.0
PLSE,2026-08-21,37.900001525878906,C,40.0,0.062509375,10.0,0,0.0,0.0
PLSE,2026-08-21,37.900001525878906,P,21.0,0.500005,2.0,0,0.0,0.0
PLSE,2026-08-21,37.900001525878906,P,22.0,0.500005,6.0,0,0.0,0.0
PLSE,2026-08-21,37.900001525878906,P,25.0,0.500005,1.0,0,0.0,0.0
PLSE,2026-08-21,37.900001525878906,P,26.0,0.500005,,0,0.0,0.0
PLSE,2026-08-21,37.900001525878906,P,27.0,0.500005,25.0,0,0.0,0.0
PLSE,2026-08-21,37.900001525878906,P,28.0,0.2500075,,0,0.0,0.0
PLSE,2026-08-21,37.900001525878906,P,29.0,0.2500075,1.0,0,0.0,0.0
PLSE,2026-08-21,37.900001525878906,P,30.0,0.2500075,2.0,0,0.0,0.0
PLSE,2026-08-21,37.900001525878906,P,31.0,0.2500075,1.0,0,0.0,0.0
PLSE,2026-08-21,37.900001525878906,P,32.0,0.2500075,3.0,0,0.0,0.0
PLSE,2026-08-21,37.900001525878906,P,33.0,0.12500875,,0,0.0,0.0
PLSE,2026-08-21,37.900001525878906,P,35.0,0.12500875,1.0,0,0.0,0.0
AVNT,2026-08-21,37.91999816894531,C,40.0,0.062509375,,0,0.0,0.0
AVNT,2026-08-21,37.91999816894531,P,20.0,0.500005,,0,0.0,0.0
AVNT,2026-08-21,37.91999816894531,P,35.0,0.12500875,4.0,0,0.0,0.0
RLJ,2026-08-21,12.319999694824219,C,2.5,1.0000000000000003e-05,20,0,0.0,0.0
RLJ,2026-08-21,12.319999694824219,C,5.0,1.0000000000000003e-05,2,0,0.0,0.0
RLJ,2026-08-21,12.319999694824219,C,7.5,1.0000000000000003e-05,2,0,0.0,0.0
RLJ,2026-08-21,12.319999694824219,C,10.0,1.0000000000000003e-05,1,0,0.0,0.0
RLJ,2026-08-21,12.319999694824219,C,12.5,0.0312596875,2,0,0.0,0.0
RLJ,2026-08-21,12.319999694824219,P,2.5,0.500005,2,0,0.0,0.0
RLJ,2026-08-21,12.319999694824219,P,5.0,0.500005,2,0,0.0,0.0
RLJ,2026-08-21,12.319999694824219,P,7.5,0.500005,1,0,0.0,0.0
RLJ,2026-08-21,12.319999694824219,P,10.0,0.2500075,1,0,0.0,0.0
CPK,2026-08-21,133.83999633789062,C,135.0,0.015634843750000002,2.0,0,0.0,0.0
CPK,2026-08-21,133.83999633789062,C,140.0,0.062509375,12.0,0,0.0,0.0
CPK,2026-08-21,133.83999633789062,P,115.0,0.12500875,,0,0.0,0.0
CPK,2026-08-21,133.83999633789062,P,130.0,0.0312596875,1.0,0,0.0,0.0
ICFI,2026-08-21,84.80999755859375,P,75.0,0.12500875,,0.0,0.0,0.0
EWTX,2026-08-21,44.9900016784668,C,14.0,1.0000000000000003e-05,2.0,2,19.4,23.5
EWTX,2026-08-21,44.9900016784668,C,18.0,1.0000000000000003e-05,,1,10.5,14.7
EWTX,2026-08-21,44.9900016784668,C,20.0,1.0000000000000003e-05,5.0,0,0.0,0.0
EWTX,2026-08-21,44.9900016784668,C,22.0,1.0000000000000003e-05,,0,0.0,0.0
EWTX,2026-08-21,44.9900016784668,C,24.0,1.0000000000000003e-05,4.0,0,0.0,0.0
EWTX,2026-08-21,44.9900016784668,C,25.0,1.0000000000000003e-05,1.0,0,0.0,0.0
EWTX,2026-08-21,44.9900016784668,C,27.0,1.0000000000000003e-05,1.0,0,0.0,0.0
EWTX,2026-08-21,44.9900016784668,C,28.0,1.0000000000000003e-05,1.0,0,0.0,0.0
EWTX,2026-08-21,44.9900016784668,C,29.0,1.0000000000000003e-05,,39,4.5,8.7
EWTX,2026-08-21,44.9900016784668,C,30.0,1.0000000000000003e-05,1.0,0,0.0,0.0
EWTX,2026-08-21,44.9900016784668,C,31.0,1.0000000000000003e-05,4.0,0,0.0,0.0
EWTX,2026-08-21,44.9900016784668,C,32.0,1.0000000000000003e-05,2.0,32,6.5,11.3
EWTX,2026-08-21,44.9900016784668,C,33.0,1.0000000000000003e-05,1.0,0,0.0,0.0
EWTX,2026-08-21,44.9900016784668,C,34.0,1.0000000000000003e-05,10.0,0,0.0,0.0
EWTX,2026-08-21,44.9900016784668,C,35.0,1.0000000000000003e-05,3.0,0,0.0,0.0
EWTX,2026-08-21,44.9900016784668,C,36.0,1.0000000000000003e-05,2.0,0,0.0,0.0
EWTX,2026-08-21,44.9900016784668,C,37.0,1.0000000000000003e-05,1.0,0,0.0,0.0
EWTX,2026-08-21,44.9900016784668,C,38.0,1.0000000000000003e-05,2.0,0,0.0,0.0
EWTX,2026-08-21,44.9900016784668,C,40.0,1.0000000000000003e-05,1.0,0,0.0,0.0
EWTX,2026-08-21,44.9900016784668,C,42.0,1.0000000000000003e-05,1.0,0,0.0,0.0
EWTX,2026-08-21,44.9900016784668,C,43.0,1.0000000000000003e-05,1.0,0,0.0,0.0
EWTX,2026-08-21,44.9900016784668,C,44.0,1.0000000000000003e-05,1.0,0,0.0,0.0
EWTX,2026-08-21,44.9900016784668,C,45.0,0.000986552734375,518.0,0,0.0,0.0
EWTX,2026-08-21,44.9900016784668,C,46.0,0.0312596875,1.0,0,0.0,0.0
EWTX,2026-08-21,44.9900016784668,C,47.0,0.062509375,5.0,0,0.0,0.0
EWTX,2026-08-21,44.9900016784668,C,48.0,0.062509375,1.0,0,0.0,0.0
EWTX,2026-08-21,44.9900016784668,C,50.0,0.12500875,308.0,0,0.0,0.0
EWTX,2026-08-21,44.9900016784668,C,55.0,0.2500075,125.0,0,0.0,0.0
EWTX,2026-08-21,44.9900016784668,C,60.0,0.2500075,12.0,0,0.0,0.0
EWTX,2026-08-21,44.9900016784668,P,16.0,5.3476595654296855,2.0,2,0.35,4.9
EWTX,2026-08-21,44.9900016784668,P,17.0,4.900394499511719,,1,0.0,4.8
EWTX,2026-08-21,44.9900016784668,P,18.0,4.652347934570313,1.0,1,0.0,4.8
EWTX,2026-08-21,44.9900016784668,P,19.0,4.4902387622070306,1.0,3,0.1,4.9
EWTX,2026-08-21,44.9900016784668,P,20.0,4.066411166992188,1.0,146,0.0,4.4
EWTX,2026-08-21,44.9900016784668,P,21.0,3.188478591308593,1.0,9,0.0,2.5
EWTX,2026-08-21,44.9900016784668,P,22.0,3.1201193872070307,2.0,4,0.0,2.75
EWTX,2026-08-21,44.9900016784668,P,23.0,3.615235336914063,1.0,3,0.0,4.8
EWTX,2026-08-21,44.9900016784668,P,24.0,0.500005,1.0,0,0.0,0.0
EWTX,2026-08-21,44.9900016784668,P,25.0,0.500005,1.0,0,0.0,0.0
EWTX,2026-08-21,44.9900016784668,P,26.0,4.580082399902344,12.0,12,3.4,7.5
EWTX,2026-08-21,44.9900016784668,P,27.0,2.950197937011718,1.0,1,0.0,4.8
EWTX,2026-08-21,44.9900016784668,P,29.0,2.6543002392578128,1.0,7,0.0,4.8
EWTX,2026-08-21,44.9900016784668,P,30.0,2.513675590820312,1031.0,896,0.0,4.8
EWTX,2026-08-21,44.9900016784668,P,31.0,2.3759806225585933,1.0,1,0.0,4.8
EWTX,2026-08-21,44.9900016784668,P,32.0,0.500005,,0,0.0,0.0
EWTX,2026-08-21,44.9900016784668,P,33.0,3.3964858837890626,4.0,11,3.6,8.0
EWTX,2026-08-21,44.9900016784668,P,35.0,0.2500075,50.0,0,0.0,0.0
EWTX,2026-08-21,44.9900016784668,P,36.0,0.2500075,10.0,0,0.0,0.0
EWTX,2026-08-21,44.9900016784668,P,37.0,0.2500075,50.0,0,0.0,0.0
EWTX,2026-08-21,44.9900016784668,P,38.0,0.2500075,1.0,0,0.0,0.0
EWTX,2026-08-21,44.9900016784668,P,40.0,0.12500875,4.0,0,0.0,0.0
EWTX,2026-08-21,44.9900016784668,P,43.0,0.062509375,50.0,0,0.0,0.0
EWTX,2026-08-21,44.9900016784668,P,44.0,0.0312596875,,0,0.0,0.0
EWTX,2026-08-21,44.9900016784668,P,45.0,1.0000000000000003e-05,5.0,0,0.0,0.0
EWTX,2026-08-21,44.9900016784668,P,46.0,1.0000000000000003e-05,1.0,0,0.0,0.0
EWTX,2026-08-21,44.9900016784668,P,48.0,1.0000000000000003e-05,50.0,0,0.0,0.0
EWTX,2026-08-21,44.9900016784668,P,50.0,1.0000000000000003e-05,5.0,0,0.0,0.0
U,2026-08-07,35.470001220703125,C,18.0,1.0000000000000003e-05,1,0,0.0,0.0
U,2026-08-07,35.470001220703125,C,19.0,1.0000000000000003e-05,6,0,0.0,0.0
U,2026-08-07,35.470001220703125,C,20.0,1.0000000000000003e-05,10,0,0.0,0.0
U,2026-08-07,35.470001220703125,C,21.0,1.0000000000000003e-05,8,0,0.0,0.0
U,2026-08-07,35.470001220703125,C,23.0,1.0000000000000003e-05,9,0,0.0,0.0
U,2026-08-07,35.470001220703125,C,23.5,1.0000000000000003e-05,25,0,0.0,0.0
U,2026-08-07,35.470001220703125,C,24.0,1.0000000000000003e-05,14,0,0.0,0.0
U,2026-08-07,35.470001220703125,C,24.5,1.0000000000000003e-05,16,0,0.0,0.0
U,2026-08-07,35.470001220703125,C,25.0,1.0000000000000003e-05,12,0,0.0,0.0
U,2026-08-07,35.470001220703125,C,25.5,1.0000000000000003e-05,5,0,0.0,0.0
U,2026-08-07,35.470001220703125,C,26.0,1.0000000000000003e-05,6,0,0.0,0.0
U,2026-08-07,35.470001220703125,C,26.5,1.0000000000000003e-05,1,0,0.0,0.0
U,2026-08-07,35.470001220703125,C,27.0,1.0000000000000003e-05,2,0,0.0,0.0
U,2026-08-07,35.470001220703125,C,27.5,1.0000000000000003e-05,1,0,0.0,0.0
U,2026-08-07,35.470001220703125,C,28.0,1.0000000000000003e-05,12,0,0.0,0.0
U,2026-08-07,35.470001220703125,C,28.5,1.0000000000000003e-05,1,0,0.0,0.0
U,2026-08-07,35.470001220703125,C,29.0,1.0000000000000003e-05,9,0,0.0,0.0
U,2026-08-07,35.470001220703125,C,29.5,1.0000000000000003e-05,10,0,0.0,0.0
U,2026-08-07,35.470001220703125,C,30.0,1.0000000000000003e-05,36,0,0.0,0.0
U,2026-08-07,35.470001220703125,C,30.5,1.0000000000000003e-05,8,0,0.0,0.0
U,2026-08-07,35.470001220703125,C,31.0,1.0000000000000003e-05,13,0,0.0,0.0
U,2026-08-07,35.470001220703125,C,31.5,1.0000000000000003e-05,2,0,0.0,0.0
U,2026-08-07,35.470001220703125,C,32.0,1.0000000000000003e-05,6,0,0.0,0.0
U,2026-08-07,35.470001220703125,C,32.5,1.0000000000000003e-05,34,0,0.0,0.0
U,2026-08-07,35.470001220703125,C,33.0,1.0000000000000003e-05,41,0,0.0,0.0
U,2026-08-07,35.470001220703125,C,33.5,1.0000000000000003e-05,80,0,0.0,0.0
U,2026-08-07,35.470001220703125,C,34.0,1.0000000000000003e-05,1122,0,0.0,0.0
U,2026-08-07,35.470001220703125,C,34.5,1.0000000000000003e-05,52,0,0.0,0.0
U,2026-08-07,35.470001220703125,C,35.0,1.0000000000000003e-05,823,0,0.0,0.0
U,2026-08-07,35.470001220703125,C,35.5,0.007822421875,270,0,0.0,0.0
U,2026-08-07,35.470001220703125,C,36.0,0.062509375,4689,0,0.0,0.0
U,2026-08-07,35.470001220703125,C,36.5,0.12500875,2269,0,0.0,0.0
U,2026-08-07,35.470001220703125,C,37.0,0.12500875,418,0,0.0,0.0
U,2026-08-07,35.470001220703125,C,37.5,0.2500075,132,0,0.0,0.0
U,2026-08-07,35.470001220703125,C,38.0,0.2500075,3582,0,0.0,0.0
U,2026-08-07,35.470001220703125,C,38.5,0.2500075,2292,0,0.0,0.0
U,2026-08-07,35.470001220703125,C,39.0,0.2500075,264,0,0.0,0.0
U,2026-08-07,35.470001220703125,C,39.5,0.500005,3211,0,0.0,0.0
U,2026-08-07,35.470001220703125,C,40.0,0.500005,4390,0,0.0,0.0
U,2026-08-07,35.470001220703125,C,40.5,0.500005,65,0,0.0,0.0
U,2026-08-07,35.470001220703125,C,42.0,0.500005,200,0,0.0,0.0
U,2026-08-07,35.470001220703125,P,18.0,0.500005,1,0,0.0,0.0
U,2026-08-07,35.470001220703125,P,19.0,0.500005,3,0,0.0,0.0
U,2026-08-07,35.470001220703125,P,20.0,0.500005,5,0,0.0,0.0
U,2026-08-07,35.470001220703125,P,21.0,0.500005,7,0,0.0,0.0
U,2026-08-07,35.470001220703125,P,22.0,0.500005,4,0,0.0,0.0
U,2026-08-07,35.470001220703125,P,22.5,0.500005,2,0,0.0,0.0
U,2026-08-07,35.470001220703125,P,23.0,0.500005,37,0,0.0,0.0
U,2026-08-07,35.470001220703125,P,23.5,0.500005,6,0,0.0,0.0
U,2026-08-07,35.470001220703125,P,24.0,0.500005,82,0,0.0,0.0
U,2026-08-07,35.470001220703125,P,24.5,0.500005,237,0,0.0,0.0
U,2026-08-07,35.470001220703125,P,25.0,0.500005,56,0,0.0,0.0
U,2026-08-07,35.470001220703125,P,25.5,0.500005,35,0,0.0,0.0
U,2026-08-07,35.470001220703125,P,26.0,0.500005,162,0,0.0,0.0
U,2026-08-07,35.470001220703125,P,26.5,0.500005,75,0,0.0,0.0
U,2026-08-07,35.470001220703125,P,27.0,0.500005,851,0,0.0,0.0
U,2026-08-07,35.470001220703125,P,27.5,0.500005,4,0,0.0,0.0
U,2026-08-07,35.470001220703125,P,28.0,0.500005,257,0,0.0,0.0
U,2026-08-07,35.470001220703125,P,28.5,0.500005,77,0,0.0,0.0
U,2026-08-07,35.470001220703125,P,29.0,0.500005,112,0,0.0,0.0
U,2026-08-07,35.470001220703125,P,29.5,0.500005,17,0,0.0,0.0
U,2026-08-07,35.470001220703125,P,30.0,0.500005,566,0,0.0,0.0
U,2026-08-07,35.470001220703125,P,30.5,0.500005,57,0,0.0,0.0
U,2026-08-07,35.470001220703125,P,31.0,0.500005,266,0,0.0,0.0
U,2026-08-07,35.470001220703125,P,31.5,0.500005,256,0,0.0,0.0
U,2026-08-07,35.470001220703125,P,32.0,0.2500075,929,0,0.0,0.0
U,2026-08-07,35.470001220703125,P,32.5,0.2500075,316,0,0.0,0.0
U,2026-08-07,35.470001220703125,P,33.0,0.2500075,27743,0,0.0,0.0
U,2026-08-07,35.470001220703125,P,33.5,0.2500075,1208,0,0.0,0.0
U,2026-08-07,35.470001220703125,P,34.0,0.12500875,49,0,0.0,0.0
ABX,2026-08-21,10.5600004196167,C,2.5,7.4531256835937505,4.0,4,7.0,8.7
ABX,2026-08-21,10.5600004196167,C,5.0,1.0000000000000003e-05,10.0,0,0.0,0.0
ABX,2026-08-21,10.5600004196167,C,7.5,1.0000000000000003e-05,10.0,0,0.0,0.0
ABX,2026-08-21,10.5600004196167,C,10.0,1.0000000000000003e-05,5.0,0,0.0,0.0
ABX,2026-08-21,10.5600004196167,C,12.5,0.2500075,23.0,0,0.0,0.0
ABX,2026-08-21,10.5600004196167,C,15.0,0.500005,2.0,0,0.0,0.0
ABX,2026-08-21,10.5600004196167,P,2.5,0.500005,,0,0.0,0.0
ABX,2026-08-21,10.5600004196167,P,5.0,0.500005,3.0,0,0.0,0.0
ABX,2026-08-21,10.5600004196167,P,7.5,0.500005,150.0,0,0.0,0.0
ABX,2026-08-21,10.5600004196167,P,10.0,0.062509375,12.0,0,0.0,0.0
ABX,2026-08-21,10.5600004196167,P,12.5,1.0000000000000003e-05,16.0,0,0.0,0.0
ABX,2026-08-21,10.5600004196167,P,15.0,1.0000000000000003e-05,2.0,0,0.0,0.0
RWAY,2026-08-21,5.75,C,5.0,1.0000000000000003e-05,18.0,0,0.0,0.0
RWAY,2026-08-21,5.75,C,7.5,0.2500075,1.0,0,0.0,0.0
RWAY,2026-08-21,5.75,C,10.0,0.500005,1.0,0,0.0,0.0
RWAY,2026-08-21,5.75,P,5.0,0.2500075,1.0,0,0.0,0.0
RWAY,2026-08-21,5.75,P,7.5,1.0000000000000003e-05,,0,0.0,0.0
EMBC,2026-08-21,3.569999933242798,C,2.5,1.0000000000000003e-05,1.0,0,0.0,0.0
EMBC,2026-08-21,3.569999933242798,C,5.0,0.500005,10.0,0,0.0,0.0
EMBC,2026-08-21,3.569999933242798,C,7.5,1.9062504687500001,1.0,417,0.0,0.05
EMBC,2026-08-21,3.569999933242798,C,10.0,0.500005,1.0,0,0.0,0.0
EMBC,2026-08-21,3.569999933242798,C,12.5,0.500005,1.0,0,0.0,0.0
EMBC,2026-08-21,3.569999933242798,C,15.0,3.7812505468750004,30.0,132,0.0,0.15
EMBC,2026-08-21,3.569999933242798,C,17.5,0.500005,4.0,0,0.0,0.0
EMBC,2026-08-21,3.569999933242798,P,2.5,0.500005,10.0,0,0.0,0.0
EMBC,2026-08-21,3.569999933242798,P,5.0,1.0000000000000003e-05,7.0,0,0.0,0.0
EMBC,2026-08-21,3.569999933242798,P,7.5,3.1718770703125,1.0,120,3.4,4.9
EMBC,2026-08-21,3.569999933242798,P,10.0,4.523441845703125,2.0,37,4.7,8.9
EMBC,2026-08-21,3.569999933242798,P,12.5,5.039066201171874,3.0,28,7.2,11.4
EMBC,2026-08-21,3.569999933242798,P,15.0,5.648440439453125,,1,10.1,13.6
EMBC,2026-08-21,3.569999933242798,P,17.5,1.0000000000000003e-05,,1,6.6,8.3
CENX,2026-08-21,46.900001525878906,C,30.0,1.0000000000000003e-05,12,0,0.0,0.0
CENX,2026-08-21,46.900001525878906,C,35.0,1.0000000000000003e-05,4,0,0.0,0.0
CENX,2026-08-21,46.900001525878906,C,40.0,1.0000000000000003e-05,40,0,0.0,0.0
CENX,2026-08-21,46.900001525878906,C,45.0,1.0000000000000003e-05,7,0,0.0,0.0
CENX,2026-08-21,46.900001525878906,C,50.0,0.062509375,47,0,0.0,0.0
CENX,2026-08-21,46.900001525878906,C,55.0,0.2500075,8,0,0.0,0.0
CENX,2026-08-21,46.900001525878906,C,60.0,0.2500075,15,0,0.0,0.0
CENX,2026-08-21,46.900001525878906,C,65.0,0.2500075,14,0,0.0,0.0
CENX,2026-08-21,46.900001525878906,C,70.0,0.500005,1,0,0.0,0.0
CENX,2026-08-21,46.900001525878906,C,75.0,0.500005,1,0,0.0,0.0
CENX,2026-08-21,46.900001525878906,C,80.0,0.500005,1,0,0.0,0.0
CENX,2026-08-21,46.900001525878906,C,85.0,0.500005,1,0,0.0,0.0
CENX,2026-08-21,46.900001525878906,C,90.0,0.500005,1,0,0.0,0.0
CENX,2026-08-21,46.900001525878906,C,95.0,2.057622043457031,1,8,0.0,1.2
CENX,2026-08-21,46.900001525878906,C,100.0,0.500005,3,0,0.0,0.0
CENX,2026-08-21,46.900001525878906,P,30.0,0.500005,3,0,0.0,0.0
CENX,2026-08-21,46.900001525878906,P,35.0,0.2500075,160,0,0.0,0.0
CENX,2026-08-21,46.900001525878906,P,40.0,0.2500075,66,0,0.0,0.0
CENX,2026-08-21,46.900001525878906,P,45.0,0.062509375,17,0,0.0,0.0
CENX,2026-08-21,46.900001525878906,P,50.0,1.0000000000000003e-05,5,0,0.0,0.0
CENX,2026-08-21,46.900001525878906,P,55.0,1.0000000000000003e-05,5,0,0.0,0.0
CENX,2026-08-21,46.900001525878906,P,60.0,1.0000000000000003e-05,32,0,0.0,0.0
CENX,2026-08-21,46.900001525878906,P,65.0,1.0000000000000003e-05,2,0,0.0,0.0
CENX,2026-08-21,46.900001525878906,P,70.0,1.0000000000000003e-05,6,0,0.0,0.0
CENX,2026-08-21,46.900001525878906,P,75.0,1.0000000000000003e-05,1,0,0.0,0.0
PBR,2026-08-07,18.360000610351562,C,11.0,1.0000000000000003e-05,2.0,0,0.0,0.0
PBR,2026-08-07,18.360000610351562,C,11.5,1.0000000000000003e-05,205.0,0,0.0,0.0
PBR,2026-08-07,18.360000610351562,C,12.0,1.0000000000000003e-05,4.0,0,0.0,0.0
PBR,2026-08-07,18.360000610351562,C,12.5,1.0000000000000003e-05,339.0,0,0.0,0.0
PBR,2026-08-07,18.360000610351562,C,13.0,1.0000000000000003e-05,4.0,0,0.0,0.0
PBR,2026-08-07,18.360000610351562,C,13.5,1.0000000000000003e-05,189.0,0,0.0,0.0
PBR,2026-08-07,18.360000610351562,C,14.0,1.0000000000000003e-05,54.0,0,0.0,0.0
PBR,2026-08-07,18.360000610351562,C,14.5,1.0000000000000003e-05,39.0,0,0.0,0.0
PBR,2026-08-07,18.360000610351562,C,15.0,1.0000000000000003e-05,243.0,0,0.0,0.0
PBR,2026-08-07,18.360000610351562,C,15.5,1.0000000000000003e-05,241.0,0,0.0,0.0
PBR,2026-08-07,18.360000610351562,C,16.0,1.0000000000000003e-05,55.0,0,0.0,0.0
PBR,2026-08-07,18.360000610351562,C,16.5,1.0000000000000003e-05,15.0,0,0.0,0.0
PBR,2026-08-07,18.360000610351562,C,17.0,1.0000000000000003e-05,37.0,0,0.0,0.0
PBR,2026-08-07,18.360000610351562,C,17.5,1.0000000000000003e-05,2.0,0,0.0,0.0
PBR,2026-08-07,18.360000610351562,C,18.0,1.0000000000000003e-05,98.0,0,0.0,0.0
PBR,2026-08-07,18.360000610351562,C,18.5,0.0312596875,1344.0,0,0.0,0.0
PBR,2026-08-07,18.360000610351562,C,19.0,0.12500875,646.0,0,0.0,0.0
PBR,2026-08-07,18.360000610351562,C,19.5,0.2500075,507.0,0,0.0,0.0
PBR,2026-08-07,18.360000610351562,C,20.0,0.2500075,553.0,0,0.0,0.0
PBR,2026-08-07,18.360000610351562,C,20.5,0.500005,14.0,0,0.0,0.0
PBR,2026-08-07,18.360000610351562,C,21.0,0.500005,1.0,0,0.0,0.0
PBR,2026-08-07,18.360000610351562,C,22.0,0.500005,2.0,0,0.0,0.0
PBR,2026-08-07,18.360000610351562,C,23.0,0.500005,,0,0.0,0.0
PBR,2026-08-07,18.360000610351562,C,26.0,0.500005,,0,0.0,0.0
PBR,2026-08-07,18.360000610351562,C,30.0,0.500005,,0,0.0,0.0
PBR,2026-08-07,18.360000610351562,P,11.0,0.500005,1.0,0,0.0,0.0
PBR,2026-08-07,18.360000610351562,P,11.5,0.500005,1.0,0,0.0,0.0
PBR,2026-08-07,18.360000610351562,P,12.0,0.500005,,0,0.0,0.0
PBR,2026-08-07,18.360000610351562,P,13.5,0.500005,1.0,0,0.0,0.0
PBR,2026-08-07,18.360000610351562,P,14.0,0.500005,,0,0.0,0.0
PBR,2026-08-07,18.360000610351562,P,14.5,0.500005,,0,0.0,0.0
PBR,2026-08-07,18.360000610351562,P,15.0,0.500005,51.0,0,0.0,0.0
PBR,2026-08-07,18.360000610351562,P,15.5,0.500005,2.0,0,0.0,0.0
PBR,2026-08-07,18.360000610351562,P,16.0,0.500005,1.0,0,0.0,0.0
PBR,2026-08-07,18.360000610351562,P,16.5,0.500005,2.0,0,0.0,0.0
PBR,2026-08-07,18.360000610351562,P,17.0,0.2500075,2.0,0,0.0,0.0
PBR,2026-08-07,18.360000610351562,P,17.5,0.2500075,23.0,0,0.0,0.0
PBR,2026-08-07,18.360000610351562,P,18.0,0.12500875,72.0,0,0.0,0.0
PBR,2026-08-07,18.360000610351562,P,18.5,1.0000000000000003e-05,67.0,0,0.0,0.0
PBR,2026-08-07,18.360000610351562,P,19.0,1.0000000000000003e-05,54.0,0,0.0,0.0
PBR,2026-08-07,18.360000610351562,P,19.5,1.0000000000000003e-05,1.0,0,0.0,0.0
PBR,2026-08-07,18.360000610351562,P,20.0,1.0000000000000003e-05,2.0,0,0.0,0.0
PBR,2026-08-07,18.360000610351562,P,20.5,1.0000000000000003e-05,33.0,0,0.0,0.0
PBR,2026-08-07,18.360000610351562,P,21.5,1.0000000000000003e-05,278.0,0,0.0,0.0
PBR,2026-08-07,18.360000610351562,P,22.0,1.0000000000000003e-05,278.0,0,0.0,0.0
PBR,2026-08-07,18.360000610351562,P,22.5,1.0000000000000003e-05,1.0,0,0.0,0.0
PBR,2026-08-07,18.360000610351562,P,23.0,1.0000000000000003e-05,3.0,0,0.0,0.0
PBR,2026-08-07,18.360000610351562,P,23.5,1.0000000000000003e-05,2.0,0,0.0,0.0
PBR,2026-08-07,18.360000610351562,P,24.0,1.0000000000000003e-05,1.0,0,0.0,0.0
PBR,2026-08-07,18.360000610351562,P,25.0,1.0000000000000003e-05,3.0,0,0.0,0.0
PBR,2026-08-07,18.360000610351562,P,26.0,1.0000000000000003e-05,317.0,0,0.0,0.0
PBR,2026-08-07,18.360000610351562,P,27.0,1.0000000000000003e-05,314.0,0,0.0,0.0
PBR,2026-08-07,18.360000610351562,P,30.0,1.0000000000000003e-05,,0,0.0,0.0
GSBD,2026-08-21,8.829999923706055,C,2.5,1.0000000000000003e-05,,0,0.0,0.0
GSBD,2026-08-21,8.829999923706055,C,10.0,0.12500875,1.0,0,0.0,0.0
GSBD,2026-08-21,8.829999923706055,C,12.5,0.500005,19.0,0,0.0,0.0
GSBD,2026-08-21,8.829999923706055,C,15.0,0.500005,,0,0.0,0.0
GSBD,2026-08-21,8.829999923706055,C,17.5,0.500005,2.0,0,0.0,0.0
GSBD,2026-08-21,8.829999923706055,P,2.5,0.500005,3.0,0,0.0,0.0
GSBD,2026-08-21,8.829999923706055,P,5.0,0.500005,,0,0.0,0.0
GSBD,2026-08-21,8.829999923706055,P,7.5,0.2500075,3.0,0,0.0,0.0
GSBD,2026-08-21,8.829999923706055,P,10.0,1.0000000000000003e-05,2.0,0,0.0,0.0
GSBD,2026-08-21,8.829999923706055,P,12.5,1.0000000000000003e-05,,0,0.0,0.0
LOMA,2026-08-21,11.170000076293945,C,12.5,0.12500875,1,0,0.0,0.0
LOMA,2026-08-21,11.170000076293945,P,10.0,0.12500875,428,0,0.0,0.0
LOMA,2026-08-21,11.170000076293945,P,12.5,1.0000000000000003e-05,5,0,0.0,0.0
VTGN,2026-08-21,0.30000001192092896,C,0.5,0.500005,31,0,0.0,0.0
VTGN,2026-08-21,0.30000001192092896,C,1.0,0.500005,1,0,0.0,0.0
VTGN,2026-08-21,0.30000001192092896,C,1.5,0.500005,5,0,0.0,0.0
VTGN,2026-08-21,0.30000001192092896,C,2.0,0.500005,10,0,0.0,0.0
VTGN,2026-08-21,0.30000001192092896,C,3.0,0.500005,1,0,0.0,0.0
VTGN,2026-08-21,0.30000001192092896,C,4.0,0.500005,3,0,0.0,0.0
VTGN,2026-08-21,0.30000001192092896,C,5.0,0.500005,25,0,0.0,0.0
VTGN,2026-08-21,0.30000001192092896,C,6.0,8.000005,9,334,0.0,0.05
VTGN,2026-08-21,0.30000001192092896,C,7.0,8.250004843749998,1,126,0.0,0.05
VTGN,2026-08-21,0.30000001192092896,C,8.0,0.500005,11,0,0.0,0.0
VTGN,2026-08-21,0.30000001192092896,C,9.0,0.500005,5,0,0.0,0.0
VTGN,2026-08-21,0.30000001192092896,P,0.5,1.0000000000000003e-05,1,0,0.0,0.0
VTGN,2026-08-21,0.30000001192092896,P,1.0,1.0000000000000003e-05,2,0,0.0,0.0
VTGN,2026-08-21,0.30000001192092896,P,1.5,1.0000000000000003e-05,1,0,0.0,0.0
VTGN,2026-08-21,0.30000001192092896,P,2.0,1.0000000000000003e-05,5,0,0.0,0.0
VTGN,2026-08-21,0.30000001192092896,P,3.0,1.0000000000000003e-05,7,0,0.0,0.0
VTGN,2026-08-21,0.30000001192092896,P,4.0,1.0000000000000003e-05,2,0,0.0,0.0
VTGN,2026-08-21,0.30000001192092896,P,5.0,1.0000000000000003e-05,13,0,0.0,0.0
VTGN,2026-08-21,0.30000001192092896,P,6.0,1.0000000000000003e-05,12,0,0.0,0.0
VTGN,2026-08-21,0.30000001192092896,P,7.0,1.0000000000000003e-05,2,0,0.0,0.0
VTGN,2026-08-21,0.30000001192092896,P,8.0,1.0000000000000003e-05,11,0,0.0,0.0
VTGN,2026-08-21,0.30000001192092896,P,9.0,1.0000000000000003e-05,15,0,0.0,0.0
EMA,2026-08-21,51.58000183105469,C,50.0,1.0000000000000003e-05,1.0,0,0.0,0.0
EMA,2026-08-21,51.58000183105469,C,55.0,0.062509375,1.0,0,0.0,0.0
EMA,2026-08-21,51.58000183105469,C,60.0,0.12500875,8.0,0,0.0,0.0
EMA,2026-08-21,51.58000183105469,P,40.0,0.2500075,,0,0.0,0.0
EMA,2026-08-21,51.58000183105469,P,45.0,0.12500875,289.0,0,0.0,0.0
EMA,2026-08-21,51.58000183105469,P,50.0,0.0312596875,9.0,0,0.0,0.0
EMA,2026-08-21,51.58000183105469,P,55.0,0.21289849609375,,1,0.6,3.5
SENS,2026-08-21,5.179999828338623,C,2.5,1.0000000000000003e-05,2.0,0,0.0,0.0
SENS,2026-08-21,5.179999828338623,C,5.0,1.0000000000000003e-05,41.0,0,0.0,0.0
SENS,2026-08-21,5.179999828338623,C,7.5,0.500005,110.0,0,0.0,0.0
SENS,2026-08-21,5.179999828338623,C,10.0,2.1406296484375,,3,0.0,0.2
SENS,2026-08-21,5.179999828338623,C,12.5,0.500005,,0,0.0,0.0
SENS,2026-08-21,5.179999828338623,P,2.5,0.500005,1.0,0,0.0,0.0
SENS,2026-08-21,5.179999828338623,P,5.0,0.062509375,6.0,0,0.0,0.0
SENS,2026-08-21,5.179999828338623,P,7.5,1.0000000000000003e-05,1.0,0,0.0,0.0
JANX,2026-08-21,16.0,C,12.5,1.0000000000000003e-05,5.0,0,0.0,0.0
JANX,2026-08-21,16.0,C,15.0,1.0000000000000003e-05,2.0,0,0.0,0.0
JANX,2026-08-21,16.0,C,17.5,0.12500875,1.0,0,0.0,0.0
JANX,2026-08-21,16.0,C,20.0,0.2500075,2.0,0,0.0,0.0
JANX,2026-08-21,16.0,C,22.5,0.500005,150.0,0,0.0,0.0
JANX,2026-08-21,16.0,C,25.0,0.500005,1.0,0,0.0,0.0
JANX,2026-08-21,16.0,C,30.0,0.500005,2.0,0,0.0,0.0
JANX,2026-08-21,16.0,P,5.0,0.500005,44.0,0,0.0,0.0
JANX,2026-08-21,16.0,P,7.5,2.9531276171874996,28.0,29,0.0,0.7
JANX,2026-08-21,16.0,P,10.0,2.0117237207031247,110.0,152,0.0,0.7
JANX,2026-08-21,16.0,P,12.5,0.8632826171875,10.0,1295,0.0,0.2
JANX,2026-08-21,16.0,P,15.0,0.12500875,2.0,0,0.0,0.0
JANX,2026-08-21,16.0,P,17.5,1.0000000000000003e-05,5.0,0,0.0,0.0
JANX,2026-08-21,16.0,P,22.5,2.285160537109375,,1,5.9,9.6
DFTX,2026-08-21,44.38999938964844,C,12.0,4.994144382324218,,3,29.5,33.5
DFTX,2026-08-21,44.38999938964844,C,18.0,3.470704448242188,,10,23.8,27.4
DFTX,2026-08-21,44.38999938964844,C,20.0,1.0000000000000003e-05,2.0,0,0.0,0.0
DFTX,2026-08-21,44.38999938964844,C,21.0,1.0000000000000003e-05,1.0,0,0.0,0.0
DFTX,2026-08-21,44.38999938964844,C,22.0,1.0000000000000003e-05,1.0,0,0.0,0.0
DFTX,2026-08-21,44.38999938964844,C,23.0,1.0000000000000003e-05,10.0,0,0.0,0.0
DFTX,2026-08-21,44.38999938964844,C,24.0,1.0000000000000003e-05,8.0,0,0.0,0.0
DFTX,2026-08-21,44.38999938964844,C,25.0,1.0000000000000003e-05,5.0,0,0.0,0.0
DFTX,2026-08-21,44.38999938964844,C,26.0,1.0000000000000003e-05,10.0,0,0.0,0.0
DFTX,2026-08-21,44.38999938964844,C,27.0,1.0000000000000003e-05,3.0,0,0.0,0.0
DFTX,2026-08-21,44.38999938964844,C,28.0,1.0000000000000003e-05,1.0,0,0.0,0.0
DFTX,2026-08-21,44.38999938964844,C,29.0,1.0000000000000003e-05,3.0,0,0.0,0.0
DFTX,2026-08-21,44.38999938964844,C,30.0,1.0000000000000003e-05,1.0,0,0.0,0.0
DFTX,2026-08-21,44.38999938964844,C,31.0,1.0000000000000003e-05,2.0,0,0.0,0.0
DFTX,2026-08-21,44.38999938964844,C,32.0,1.0000000000000003e-05,5.0,0,0.0,0.0
DFTX,2026-08-21,44.38999938964844,C,33.0,1.0000000000000003e-05,1.0,0,0.0,0.0
DFTX,2026-08-21,44.38999938964844,C,34.0,1.0000000000000003e-05,1.0,0,0.0,0.0
DFTX,2026-08-21,44.38999938964844,C,35.0,1.0000000000000003e-05,1.0,0,0.0,0.0
DFTX,2026-08-21,44.38999938964844,C,36.0,1.0000000000000003e-05,2.0,0,0.0,0.0
DFTX,2026-08-21,44.38999938964844,C,37.0,1.0000000000000003e-05,3.0,0,0.0,0.0
DFTX,2026-08-21,44.38999938964844,C,38.0,1.0000000000000003e-05,2.0,0,0.0,0.0
DFTX,2026-08-21,44.38999938964844,C,39.0,1.0000000000000003e-05,1.0,0,0.0,0.0
DFTX,2026-08-21,44.38999938964844,C,40.0,1.0000000000000003e-05,1.0,0,0.0,0.0
DFTX,2026-08-21,44.38999938964844,C,41.0,1.0000000000000003e-05,40.0,0,0.0,0.0
DFTX,2026-08-21,44.38999938964844,C,42.0,1.0000000000000003e-05,10.0,0,0.0,0.0
DFTX,2026-08-21,44.38999938964844,C,43.0,1.0000000000000003e-05,50.0,0,0.0,0.0
DFTX,2026-08-21,44.38999938964844,C,44.0,1.0000000000000003e-05,58.0,0,0.0,0.0
DFTX,2026-08-21,44.38999938964844,C,45.0,0.015634843750000002,5644.0,0,0.0,0.0
DFTX,2026-08-21,44.38999938964844,C,46.0,0.062509375,43.0,0,0.0,0.0
DFTX,2026-08-21,44.38999938964844,C,47.0,0.062509375,35.0,0,0.0,0.0
DFTX,2026-08-21,44.38999938964844,C,48.0,0.12500875,92.0,0,0.0,0.0
DFTX,2026-08-21,44.38999938964844,C,49.0,0.12500875,12.0,0,0.0,0.0
DFTX,2026-08-21,44.38999938964844,C,50.0,0.12500875,172.0,0,0.0,0.0
DFTX,2026-08-21,44.38999938964844,C,55.0,0.2500075,22.0,0,0.0,0.0
DFTX,2026-08-21,44.38999938964844,C,60.0,0.2500075,5383.0,0,0.0,0.0
DFTX,2026-08-21,44.38999938964844,C,65.0,0.500005,107.0,0,0.0,0.0
DFTX,2026-08-21,44.38999938964844,C,70.0,0.500005,2.0,0,0.0,0.0
DFTX,2026-08-21,44.38999938964844,P,12.0,0.500005,,0,0.0,0.0
DFTX,2026-08-21,44.38999938964844,P,13.0,3.50000125,,30,0.0,0.65
DFTX,2026-08-21,44.38999938964844,P,14.0,3.2500018749999997,1.0,0,0.0,0.6
DFTX,2026-08-21,44.38999938964844,P,17.0,0.500005,1.0,0,0.0,0.0
DFTX,2026-08-21,44.38999938964844,P,18.0,2.593753515625,3.0,6,0.0,0.6
DFTX,2026-08-21,44.38999938964844,P,19.0,0.500005,2.0,0,0.0,0.0
DFTX,2026-08-21,44.38999938964844,P,20.0,0.500005,1.0,0,0.0,0.0
DFTX,2026-08-21,44.38999938964844,P,21.0,0.500005,3.0,0,0.0,0.0
DFTX,2026-08-21,44.38999938964844,P,22.0,2.03906740234375,,1,0.0,0.55
DFTX,2026-08-21,44.38999938964844,P,23.0,2.0898485253906243,1.0,6,0.0,0.8
DFTX,2026-08-21,44.38999938964844,P,24.0,0.500005,1.0,0,0.0,0.0
DFTX,2026-08-21,44.38999938964844,P,25.0,0.500005,1.0,0,0.0,0.0
DFTX,2026-08-21,44.38999938964844,P,26.0,0.500005,1.0,0,0.0,0.0
DFTX,2026-08-21,44.38999938964844,P,27.0,0.500005,1.0,0,0.0,0.0
DFTX,2026-08-21,44.38999938964844,P,28.0,0.500005,2.0,0,0.0,0.0
DFTX,2026-08-21,44.38999938964844,P,29.0,0.500005,1.0,0,0.0,0.0
DFTX,2026-08-21,44.38999938964844,P,30.0,0.500005,3.0,0,0.0,0.0
DFTX,2026-08-21,44.38999938964844,P,31.0,0.500005,1.0,0,0.0,0.0
DFTX,2026-08-21,44.38999938964844,P,32.0,0.500005,1.0,0,0.0,0.0
DFTX,2026-08-21,44.38999938964844,P,33.0,0.2500075,10.0,0,0.0,0.0
DFTX,2026-08-21,44.38999938964844,P,34.0,0.2500075,1.0,0,0.0,0.0
DFTX,2026-08-21,44.38999938964844,P,35.0,0.2500075,34.0,0,0.0,0.0
DFTX,2026-08-21,44.38999938964844,P,36.0,0.2500075,1.0,0,0.0,0.0
DFTX,2026-08-21,44.38999938964844,P,37.0,0.2500075,1.0,0,0.0,0.0
DFTX,2026-08-21,44.38999938964844,P,38.0,0.2500075,1.0,0,0.0,0.0
DFTX,2026-08-21,44.38999938964844,P,39.0,0.12500875,2.0,0,0.0,0.0
DFTX,2026-08-21,44.38999938964844,P,40.0,0.12500875,12.0,0,0.0,0.0
DFTX,2026-08-21,44.38999938964844,P,41.0,0.12500875,1.0,0,0.0,0.0
DFTX,2026-08-21,44.38999938964844,P,42.0,0.062509375,47.0,0,0.0,0.0
DFTX,2026-08-21,44.38999938964844,P,43.0,0.0312596875,7.0,0,0.0,0.0
DFTX,2026-08-21,44.38999938964844,P,44.0,0.015634843750000002,4.0,0,0.0,0.0
DFTX,2026-08-21,44.38999938964844,P,45.0,1.0000000000000003e-05,65.0,0,0.0,0.0
DFTX,2026-08-21,44.38999938964844,P,46.0,1.0000000000000003e-05,4.0,0,0.0,0.0
DFTX,2026-08-21,44.38999938964844,P,47.0,1.0000000000000003e-05,64.0,0,0.0,0.0
DFTX,2026-08-21,44.38999938964844,P,48.0,1.0000000000000003e-05,10.0,0,0.0,0.0
DFTX,2026-08-21,44.38999938964844,P,49.0,1.0000000000000003e-05,1.0,0,0.0,0.0
DFTX,2026-08-21,44.38999938964844,P,50.0,1.0000000000000003e-05,2.0,0,0.0,0.0
DFTX,2026-08-21,44.38999938964844,P,55.0,1.0000000000000003e-05,1.0,0,0.0,0.0
DFTX,2026-08-21,44.38999938964844,P,60.0,1.0000000000000003e-05,,0,0.0,0.0
PRTS,2026-08-21,5.670000076293945,C,5.0,1.0000000000000003e-05,25.0,0,0.0,0.0
PRTS,2026-08-21,5.670000076293945,C,7.5,0.500005,3.0,0,0.0,0.0
PRTS,2026-08-21,5.670000076293945,C,10.0,4.398442001953125,,1,0.0,2.15
PRTS,2026-08-21,5.670000076293945,P,5.0,0.2500075,,0,0.0,0.0
CLNE,2026-08-21,1.8799999952316284,C,0.5,1.0000000000000003e-05,8,0,0.0,0.0
CLNE,2026-08-21,1.8799999952316284,C,1.0,1.0000000000000003e-05,2,0,0.0,0.0
CLNE,2026-08-21,1.8799999952316284,C,1.5,1.0000000000000003e-05,5,0,0.0,0.0
CLNE,2026-08-21,1.8799999952316284,C,2.0,0.12500875,104,0,0.0,0.0
CLNE,2026-08-21,1.8799999952316284,C,3.0,0.500005,3,0,0.0,0.0
CLNE,2026-08-21,1.8799999952316284,C,4.0,0.500005,1,0,0.0,0.0
CLNE,2026-08-21,1.8799999952316284,C,5.0,0.500005,1,0,0.0,0.0
CLNE,2026-08-21,1.8799999952316284,P,0.5,0.500005,4,0,0.0,0.0
CLNE,2026-08-21,1.8799999952316284,P,1.0,0.500005,1,0,0.0,0.0
CLNE,2026-08-21,1.8799999952316284,P,1.5,0.500005,3,0,0.0,0.0
CLNE,2026-08-21,1.8799999952316284,P,2.0,1.0000000000000003e-05,1,0,0.0,0.0
NRDY,2026-08-21,0.8299999833106995,C,2.5,0.500005,1.0,0,0.0,0.0
NRDY,2026-08-21,0.8299999833106995,P,2.5,1.0000000000000003e-05,,0,0.0,0.0
XENE,2026-08-21,64.30000305175781,C,35.0,1.0000000000000003e-05,3.0,0,0.0,0.0
XENE,2026-08-21,64.30000305175781,C,37.5,1.0000000000000003e-05,2.0,0,0.0,0.0
XENE,2026-08-21,64.30000305175781,C,45.0,1.0000000000000003e-05,,0,0.0,0.0
XENE,2026-08-21,64.30000305175781,C,47.5,1.0000000000000003e-05,2.0,0,0.0,0.0
XENE,2026-08-21,64.30000305175781,C,50.0,1.0000000000000003e-05,180.0,0,0.0,0.0
XENE,2026-08-21,64.30000305175781,C,60.0,1.0000000000000003e-05,2.0,0,0.0,0.0
XENE,2026-08-21,64.30000305175781,C,65.0,0.015634843750000002,2.0,0,0.0,0.0
XENE,2026-08-21,64.30000305175781,C,67.5,0.062509375,66.0,0,0.0,0.0
XENE,2026-08-21,64.30000305175781,C,70.0,0.12500875,13.0,0,0.0,0.0
XENE,2026-08-21,64.30000305175781,C,75.0,0.12500875,3.0,0,0.0,0.0
XENE,2026-08-21,64.30000305175781,C,77.5,0.2500075,,0,0.0,0.0
XENE,2026-08-21,64.30000305175781,C,80.0,0.2500075,2.0,0,0.0,0.0
XENE,2026-08-21,64.30000305175781,C,85.0,0.2500075,2.0,0,0.0,0.0
XENE,2026-08-21,64.30000305175781,C,90.0,0.2500075,52.0,0,0.0,0.0
XENE,2026-08-21,64.30000305175781,C,100.0,0.500005,50.0,0,0.0,0.0
XENE,2026-08-21,64.30000305175781,C,105.0,0.500005,,0,0.0,0.0
XENE,2026-08-21,64.30000305175781,P,50.0,0.2500075,10.0,0,0.0,0.0
XENE,2026-08-21,64.30000305175781,P,52.5,0.2500075,,0,0.0,0.0
XENE,2026-08-21,64.30000305175781,P,55.0,0.12500875,1.0,0,0.0,0.0
XENE,2026-08-21,64.30000305175781,P,57.5,0.12500875,1006.0,0,0.0,0.0
XENE,2026-08-21,64.30000305175781,P,60.0,0.062509375,10.0,0,0.0,0.0
XENE,2026-08-21,64.30000305175781,P,62.5,0.0312596875,1.0,0,0.0,0.0
XENE,2026-08-21,64.30000305175781,P,65.0,1.0000000000000003e-05,25.0,0,0.0,0.0
XENE,2026-08-21,64.30000305175781,P,67.5,1.0000000000000003e-05,1.0,0,0.0,0.0
XENE,2026-08-21,64.30000305175781,P,70.0,1.0000000000000003e-05,5.0,0,0.0,0.0
XENE,2026-08-21,64.30000305175781,P,75.0,1.0000000000000003e-05,,0,0.0,0.0
CBL,2026-08-21,56.66999816894531,C,50.0,1.0000000000000003e-05,1,0,0.0,0.0
CBL,2026-08-21,56.66999816894531,C,55.0,1.0000000000000003e-05,3,0,0.0,0.0
CBL,2026-08-21,56.66999816894531,C,60.0,0.062509375,1,0,0.0,0.0
CBL,2026-08-21,56.66999816894531,P,49.0,0.12500875,1,0,0.0,0.0
CBL,2026-08-21,56.66999816894531,P,50.0,0.12500875,90,0,0.0,0.0
CBL,2026-08-21,56.66999816894531,P,55.0,0.0312596875,1,0,0.0,0.0
GAU,2026-08-21,1.9299999475479126,C,0.5,1.0000000000000003e-05,3.0,0,0.0,0.0
GAU,2026-08-21,1.9299999475479126,C,1.0,1.0000000000000003e-05,2.0,0,0.0,0.0
GAU,2026-08-21,1.9299999475479126,C,1.5,1.0000000000000003e-05,11.0,0,0.0,0.0
GAU,2026-08-21,1.9299999475479126,C,2.0,0.062509375,83.0,0,0.0,0.0
GAU,2026-08-21,1.9299999475479126,C,2.5,0.500005,8.0,0,0.0,0.0
GAU,2026-08-21,1.9299999475479126,C,5.0,0.500005,2.0,0,0.0,0.0
GAU,2026-08-21,1.9299999475479126,C,7.5,4.6406291992187505,5.0,961,0.0,0.25
GAU,2026-08-21,1.9299999475479126,P,0.5,0.500005,1.0,0,0.0,0.0
GAU,2026-08-21,1.9299999475479126,P,1.0,0.500005,,0,0.0,0.0
GAU,2026-08-21,1.9299999475479126,P,1.5,4.0781299023437505,,1,0.0,0.75
GAU,2026-08-21,1.9299999475479126,P,2.0,1.0000000000000003e-05,10.0,0,0.0,0.0
GAU,2026-08-21,1.9299999475479126,P,2.5,1.0000000000000003e-05,1.0,0,0.0,0.0
GAU,2026-08-21,1.9299999475479126,P,5.0,1.0000000000000003e-05,1.0,5,2.15,3.0
REFR,2026-08-21,0.4699999988079071,C,2.5,1.000005,2,0,0.0,0.0
REFR,2026-08-21,0.4699999988079071,C,5.0,0.500005,1,0,0.0,0.0
REFR,2026-08-21,0.4699999988079071,C,7.5,0.500005,2,0,0.0,0.0
REFR,2026-08-21,0.4699999988079071,P,2.5,1.0000000000000003e-05,3,0,0.0,0.0
REFR,2026-08-21,0.4699999988079071,P,5.0,1.0000000000000003e-05,1,0,0.0,0.0
REFR,2026-08-21,0.4699999988079071,P,7.5,1.0000000000000003e-05,1,0,0.0,0.0
SRE,2026-08-21,84.66000366210938,C,65.0,1.0000000000000003e-05,,0,0.0,0.0
SRE,2026-08-21,84.66000366210938,C,70.0,2.3776896026611327,3.0,5,22.3,24.9
SRE,2026-08-21,84.66000366210938,C,80.0,1.0000000000000003e-05,2.0,0,0.0,0.0
SRE,2026-08-21,84.66000366210938,C,85.0,0.007822421875,20.0,0,0.0,0.0
SRE,2026-08-21,84.66000366210938,C,90.0,0.062509375,32.0,0,0.0,0.0
SRE,2026-08-21,84.66000366210938,C,95.0,0.12500875,27.0,0,0.0,0.0
SRE,2026-08-21,84.66000366210938,C,100.0,0.2500075,18.0,0,0.0,0.0
SRE,2026-08-21,84.66000366210938,C,105.0,0.2500075,2.0,0,0.0,0.0
SRE,2026-08-21,84.66000366210938,C,110.0,0.2500075,2.0,0,0.0,0.0
SRE,2026-08-21,84.66000366210938,C,115.0,0.2500075,1.0,0,0.0,0.0
SRE,2026-08-21,84.66000366210938,C,120.0,0.2500075,2.0,0,0.0,0.0
SRE,2026-08-21,84.66000366210938,C,125.0,0.500005,1.0,0,0.0,0.0
SRE,2026-08-21,84.66000366210938,C,130.0,0.500005,1.0,0,0.0,0.0
SRE,2026-08-21,84.66000366210938,P,50.0,0.500005,1.0,0,0.0,0.0
SRE,2026-08-21,84.66000366210938,P,55.0,1.2714880175781247,1.0,2,0.05,0.75
SRE,2026-08-21,84.66000366210938,P,60.0,0.500005,1.0,0,0.0,0.0
SRE,2026-08-21,84.66000366210938,P,65.0,0.2500075,2.0,0,0.0,0.0
SRE,2026-08-21,84.66000366210938,P,70.0,0.2500075,1.0,0,0.0,0.0
SRE,2026-08-21,84.66000366210938,P,75.0,0.12500875,1.0,0,0.0,0.0
SRE,2026-08-21,84.66000366210938,P,80.0,0.062509375,44.0,0,0.0,0.0
SRE,2026-08-21,84.66000366210938,P,85.0,1.0000000000000003e-05,25.0,0,0.0,0.0
SRE,2026-08-21,84.66000366210938,P,90.0,1.0000000000000003e-05,15.0,0,0.0,0.0
SRE,2026-08-21,84.66000366210938,P,95.0,1.0000000000000003e-05,5.0,0,0.0,0.0
SRE,2026-08-21,84.66000366210938,P,100.0,1.0000000000000003e-05,2.0,7,9.6,11.8
SRE,2026-08-21,84.66000366210938,P,105.0,1.0000000000000003e-05,1.0,0,0.0,0.0
DCO,2026-08-21,191.72000122070312,C,170.0,1.0000000000000003e-05,1.0,0,0.0,0.0
DCO,2026-08-21,191.72000122070312,C,175.0,1.0000000000000003e-05,1.0,0,0.0,0.0
DCO,2026-08-21,191.72000122070312,C,180.0,1.0000000000000003e-05,1.0,0,0.0,0.0
DCO,2026-08-21,191.72000122070312,C,185.0,1.0000000000000003e-05,1.0,0,0.0,0.0
DCO,2026-08-21,191.72000122070312,C,190.0,1.0000000000000003e-05,1.0,0,0.0,0.0
DCO,2026-08-21,191.72000122070312,C,195.0,0.015634843750000002,12.0,0,0.0,0.0
DCO,2026-08-21,191.72000122070312,C,200.0,0.062509375,1.0,0,0.0,0.0
DCO,2026-08-21,191.72000122070312,C,210.0,0.12500875,1.0,0,0.0,0.0
DCO,2026-08-21,191.72000122070312,C,220.0,0.12500875,1.0,0,0.0,0.0
DCO,2026-08-21,191.72000122070312,P,125.0,0.500005,1.0,0,0.0,0.0
DCO,2026-08-21,191.72000122070312,P,130.0,0.500005,,0,0.0,0.0
DCO,2026-08-21,191.72000122070312,P,135.0,0.2500075,,0,0.0,0.0
DCO,2026-08-21,191.72000122070312,P,140.0,0.2500075,1.0,0,0.0,0.0
DCO,2026-08-21,191.72000122070312,P,145.0,0.2500075,,0,0.0,0.0
DCO,2026-08-21,191.72000122070312,P,150.0,0.2500075,1.0,0,0.0,0.0
DCO,2026-08-21,191.72000122070312,P,155.0,0.2500075,1.0,0,0.0,0.0
DCO,2026-08-21,191.72000122070312,P,160.0,0.2500075,,0,0.0,0.0
DCO,2026-08-21,191.72000122070312,P,170.0,0.12500875,1.0,0,0.0,0.0
DCO,2026-08-21,191.72000122070312,P,175.0,0.12500875,,0,0.0,0.0
DCO,2026-08-21,191.72000122070312,P,200.0,1.0000000000000003e-05,,0,0.0,0.0
PLTK,2026-08-21,3.890000104904175,C,2.5,1.0000000000000003e-05,1,0,0.0,0.0
PLTK,2026-08-21,3.890000104904175,C,5.0,0.2500075,1,0,0.0,0.0
PLTK,2026-08-21,3.890000104904175,C,7.5,1.71875140625,6,66,0.0,0.05
PLTK,2026-08-21,3.890000104904175,P,2.5,2.6250034375,2,128,0.0,0.4
PLTK,2026-08-21,3.890000104904175,P,5.0,1.0000000000000003e-05,3,0,0.0,0.0
PPL,2026-08-21,34.95000076293945,C,34.0,1.0000000000000003e-05,1.0,0,0.0,0.0
PPL,2026-08-21,34.95000076293945,C,35.0,0.0039162109375,6.0,0,0.0,0.0
PPL,2026-08-21,34.95000076293945,C,36.0,0.0312596875,3.0,0,0.0,0.0
PPL,2026-08-21,34.95000076293945,C,37.0,0.062509375,12.0,0,0.0,0.0
PPL,2026-08-21,34.95000076293945,C,38.0,0.12500875,10.0,0,0.0,0.0
PPL,2026-08-21,34.95000076293945,C,39.0,0.12500875,5.0,0,0.0,0.0
PPL,2026-08-21,34.95000076293945,C,40.0,0.12500875,1.0,0,0.0,0.0
PPL,2026-08-21,34.95000076293945,C,41.0,0.2500075,1.0,0,0.0,0.0
PPL,2026-08-21,34.95000076293945,C,42.0,0.2500075,2.0,0,0.0,0.0
PPL,2026-08-21,34.95000076293945,C,43.0,0.2500075,2.0,0,0.0,0.0
PPL,2026-08-21,34.95000076293945,C,44.0,0.2500075,105.0,0,0.0,0.0
PPL,2026-08-21,34.95000076293945,P,28.0,0.2500075,1.0,0,0.0,0.0
PPL,2026-08-21,34.95000076293945,P,29.0,0.2500075,35.0,0,0.0,0.0
PPL,2026-08-21,34.95000076293945,P,30.0,0.2500075,1.0,0,0.0,0.0
PPL,2026-08-21,34.95000076293945,P,31.0,0.12500875,2.0,0,0.0,0.0
PPL,2026-08-21,34.95000076293945,P,32.0,0.12500875,2.0,0,0.0,0.0
PPL,2026-08-21,34.95000076293945,P,33.0,0.062509375,2.0,0,0.0,0.0
PPL,2026-08-21,34.95000076293945,P,34.0,0.0312596875,2.0,0,0.0,0.0
PPL,2026-08-21,34.95000076293945,P,35.0,1.0000000000000003e-05,28.0,0,0.0,0.0
PPL,2026-08-21,34.95000076293945,P,36.0,1.0000000000000003e-05,61.0,0,0.0,0.0
PPL,2026-08-21,34.95000076293945,P,37.0,1.0000000000000003e-05,5.0,0,0.0,0.0
PPL,2026-08-21,34.95000076293945,P,40.0,1.0000000000000003e-05,,0,0.0,0.0
PPL,2026-08-21,34.95000076293945,P,41.0,1.0000000000000003e-05,8.0,0,0.0,0.0
PPL,2026-08-21,34.95000076293945,P,42.0,1.0000000000000003e-05,,0,0.0,0.0
PPL,2026-08-21,34.95000076293945,P,43.0,1.0000000000000003e-05,,0,0.0,0.0
PPL,2026-08-21,34.95000076293945,P,44.0,1.0000000000000003e-05,,0,0.0,0.0
LCTX,2026-08-21,1.1399999856948853,C,1.5,0.500005,2,0,0.0,0.0
LCTX,2026-08-21,1.1399999856948853,P,1.5,1.0000000000000003e-05,1,0,0.0,0.0
ASIX,2026-08-21,20.030000686645508,C,20.0,1.0000000000000003e-05,,0,0.0,0.0
ASIX,2026-08-21,20.030000686645508,C,22.5,0.12500875,5.0,0,0.0,0.0
ASIX,2026-08-21,20.030000686645508,C,25.0,0.2500075,26.0,0,0.0,0.0
ASIX,2026-08-21,20.030000686645508,C,30.0,0.500005,,0,0.0,0.0
ASIX,2026-08-21,20.030000686645508,P,12.5,0.500005,2.0,0,0.0,0.0
ASIX,2026-08-21,20.030000686645508,P,15.0,0.2500075,,0,0.0,0.0
ASIX,2026-08-21,20.030000686645508,P,17.5,0.12500875,5.0,0,0.0,0.0
ASIX,2026-08-21,20.030000686645508,P,20.0,0.0039162109375,5.0,0,0.0,0.0
NNI,2026-08-21,135.83999633789062,C,130.0,1.0000000000000003e-05,2.0,0,0.0,0.0
NNI,2026-08-21,135.83999633789062,C,135.0,1.0000000000000003e-05,1.0,0,0.0,0.0
NNI,2026-08-21,135.83999633789062,C,140.0,0.0312596875,,0,0.0,0.0
NNI,2026-08-21,135.83999633789062,P,130.0,0.062509375,,0,0.0,0.0
NNI,2026-08-21,135.83999633789062,P,140.0,1.0000000000000003e-05,1.0,0,0.0,0.0
EVH,2026-08-21,3.0799999237060547,C,2.5,1.0000000000000003e-05,8,0,0.0,0.0
EVH,2026-08-21,3.0799999237060547,C,5.0,0.500005,7,0,0.0,0.0
EVH,2026-08-21,3.0799999237060547,C,7.5,0.500005,6,0,0.0,0.0
EVH,2026-08-21,3.0799999237060547,P,2.5,0.2500075,52,0,0.0,0.0
EVH,2026-08-21,3.0799999237060547,P,5.0,1.0000000000000003e-05,1,0,0.0,0.0
KRP,2026-08-21,14.4399995803833,C,5.0,1.0000000000000003e-05,,0,0.0,0.0
KRP,2026-08-21,14.4399995803833,C,7.5,1.0000000000000003e-05,2.0,0,0.0,0.0
KRP,2026-08-21,14.4399995803833,C,10.0,1.0000000000000003e-05,1.0,0,0.0,0.0
KRP,2026-08-21,14.4399995803833,C,12.5,1.0000000000000003e-05,2.0,0,0.0,0.0
KRP,2026-08-21,14.4399995803833,C,15.0,0.062509375,17.0,0,0.0,0.0
KRP,2026-08-21,14.4399995803833,C,17.5,0.2500075,2.0,0,0.0,0.0
KRP,2026-08-21,14.4399995803833,C,20.0,0.500005,1.0,0,0.0,0.0
KRP,2026-08-21,14.4399995803833,C,22.5,0.500005,3.0,0,0.0,0.0
KRP,2026-08-21,14.4399995803833,C,25.0,0.500005,,0,0.0,0.0
KRP,2026-08-21,14.4399995803833,P,5.0,0.500005,3.0,0,0.0,0.0
KRP,2026-08-21,14.4399995803833,P,12.5,0.2500075,1.0,0,0.0,0.0
KRP,2026-08-21,14.4399995803833,P,15.0,1.0000000000000003e-05,5.0,0,0.0,0.0
KRP,2026-08-21,14.4399995803833,P,20.0,1.0000000000000003e-05,1.0,0,0.0,0.0
MMI,2026-08-21,31.239999771118164,C,30.0,1.0000000000000003e-05,10.0,0,0.0,0.0
MMI,2026-08-21,31.239999771118164,C,35.0,0.12500875,,0,0.0,0.0
MMI,2026-08-21,31.239999771118164,C,40.0,0.2500075,,0,0.0,0.0
MMI,2026-08-21,31.239999771118164,P,20.0,3.16406458984375,,10,0.0,4.8
MMI,2026-08-21,31.239999771118164,P,25.0,2.112309406738281,,10,0.0,4.8
MMI,2026-08-21,31.239999771118164,P,30.0,0.062509375,,0,0.0,0.0
ALTG,2026-08-21,7.480000019073486,C,5.0,1.0000000000000003e-05,,0,0.0,0.0
ALTG,2026-08-21,7.480000019073486,C,7.5,0.007822421875,2.0,0,0.0,0.0
ALTG,2026-08-21,7.480000019073486,C,10.0,0.500005,2.0,0,0.0,0.0
ALTG,2026-08-21,7.480000019073486,P,5.0,0.500005,1.0,0,0.0,0.0
ALTG,2026-08-21,7.480000019073486,P,7.5,1.0000000000000003e-05,30.0,0,0.0,0.0
ALTG,2026-08-21,7.480000019073486,P,10.0,2.8281279296874997,,77,2.65,4.4
ONL,2026-08-21,2.6600000858306885,C,2.5,1.0000000000000003e-05,22.0,0,0.0,0.0
ONL,2026-08-21,2.6600000858306885,C,5.0,0.500005,1.0,0,0.0,0.0
ONL,2026-08-21,2.6600000858306885,C,7.5,0.500005,,0,0.0,0.0
ONL,2026-08-21,2.6600000858306885,P,2.5,0.12500875,20.0,0,0.0,0.0
LLYVA,2026-08-21,99.94000244140625,C,90.0,1.0000000000000003e-05,60.0,0,0.0,0.0
LLYVA,2026-08-21,99.94000244140625,C,95.0,1.0000000000000003e-05,1.0,0,0.0,0.0
LLYVA,2026-08-21,99.94000244140625,C,100.0,0.000986552734375,,0,0.0,0.0
LLYVA,2026-08-21,99.94000244140625,C,105.0,0.062509375,,0,0.0,0.0
LLYVA,2026-08-21,99.94000244140625,C,120.0,0.9987793090820312,,1,0.0,4.8
LLYVA,2026-08-21,99.94000244140625,P,70.0,0.500005,,0,0.0,0.0
LLYVA,2026-08-21,99.94000244140625,P,90.0,0.12500875,1.0,0,0.0,0.0
LLYVA,2026-08-21,99.94000244140625,P,95.0,0.062509375,6.0,0,0.0,0.0
LLYVA,2026-08-21,99.94000244140625,P,105.0,1.0000000000000003e-05,3.0,0,0.0,0.0
LLYVA,2026-08-21,99.94000244140625,P,125.0,1.0000000000000003e-05,,0,0.0,0.0
LLYVA,2026-08-21,99.94000244140625,P,130.0,1.0000000000000003e-05,,0,0.0,0.0
GRDN,2026-08-21,40.5,C,40.0,1.0000000000000003e-05,,0,0.0,0.0
GRDN,2026-08-21,40.5,C,45.0,0.12500875,4.0,0,0.0,0.0
GRDN,2026-08-21,40.5,C,50.0,0.2500075,1.0,0,0.0,0.0
GRDN,2026-08-21,40.5,P,40.0,0.015634843750000002,2.0,0,0.0,0.0
GRDN,2026-08-21,40.5,P,45.0,1.0000000000000003e-05,1.0,0,0.0,0.0
MLCO,2026-08-21,5.650000095367432,C,3.0,1.0000000000000003e-05,,0,0.0,0.0
MLCO,2026-08-21,5.650000095367432,C,4.0,1.0000000000000003e-05,,0,0.0,0.0
MLCO,2026-08-21,5.650000095367432,C,5.0,1.0000000000000003e-05,190.0,0,0.0,0.0
MLCO,2026-08-21,5.650000095367432,C,6.0,0.12500875,100.0,0,0.0,0.0
MLCO,2026-08-21,5.650000095367432,C,7.0,0.2500075,1.0,0,0.0,0.0
MLCO,2026-08-21,5.650000095367432,C,10.0,0.500005,,0,0.0,0.0
MLCO,2026-08-21,5.650000095367432,C,11.0,0.500005,,0,0.0,0.0
MLCO,2026-08-21,5.650000095367432,P,3.0,0.500005,,0,0.0,0.0
MLCO,2026-08-21,5.650000095367432,P,4.0,0.500005,2.0,0,0.0,0.0
MLCO,2026-08-21,5.650000095367432,P,5.0,0.2500075,300.0,0,0.0,0.0
MLCO,2026-08-21,5.650000095367432,P,6.0,1.0000000000000003e-05,15.0,0,0.0,0.0
OBIO,2026-08-21,4.21999979019165,C,2.5,1.0000000000000003e-05,3,0,0.0,0.0
OBIO,2026-08-21,4.21999979019165,C,5.0,0.2500075,2,0,0.0,0.0
OBIO,2026-08-21,4.21999979019165,C,7.5,0.500005,3,0,0.0,0.0
OBIO,2026-08-21,4.21999979019165,P,2.5,2.8593778515625,1,1,0.0,0.4
OBIO,2026-08-21,4.21999979019165,P,5.0,2.5273474316406244,2,104,0.1,2.7
OBIO,2026-08-21,4.21999979019165,P,7.5,1.0000000000000003e-05,2,0,0.0,0.0
RGCO,2026-08-21,21.700000762939453,C,22.5,0.062509375,,0,0.0,0.0
RGCO,2026-08-21,21.700000762939453,C,25.0,0.12500875,1.0,0,0.0,0.0
RGCO,2026-08-21,21.700000762939453,C,30.0,0.500005,1.0,0,0.0,0.0
RGCO,2026-08-21,21.700000762939453,P,25.0,1.0000000000000003e-05,,0,0.0,0.0
FUN,2026-08-21,18.75,C,10.0,1.0000000000000003e-05,1.0,0,0.0,0.0
FUN,2026-08-21,18.75,C,17.5,1.0000000000000003e-05,1.0,0,0.0,0.0
FUN,2026-08-21,18.75,C,20.0,0.062509375,1540.0,0,0.0,0.0
FUN,2026-08-21,18.75,C,22.5,0.2500075,32.0,0,0.0,0.0
FUN,2026-08-21,18.75,C,25.0,0.2500075,90.0,0,0.0,0.0
FUN,2026-08-21,18.75,C,27.5,0.500005,1.0,0,0.0,0.0
FUN,2026-08-21,18.75,C,30.0,0.500005,3.0,0,0.0,0.0
FUN,2026-08-21,18.75,C,32.5,0.500005,5.0,0,0.0,0.0
FUN,2026-08-21,18.75,C,35.0,0.500005,1.0,0,0.0,0.0
FUN,2026-08-21,18.75,P,12.5,0.500005,1.0,0,0.0,0.0
FUN,2026-08-21,18.75,P,15.0,0.2500075,18.0,0,0.0,0.0
FUN,2026-08-21,18.75,P,17.5,0.12500875,51.0,0,0.0,0.0
FUN,2026-08-21,18.75,P,20.0,1.0000000000000003e-05,3.0,0,0.0,0.0
FUN,2026-08-21,18.75,P,22.5,1.0000000000000003e-05,1.0,0,0.0,0.0
FUN,2026-08-21,18.75,P,25.0,1.0000000000000003e-05,3.0,0,0.0,0.0
FUN,2026-08-21,18.75,P,30.0,1.0000000000000003e-05,,0,0.0,0.0
TCX,2026-08-21,14.119999885559082,C,10.0,1.0000000000000003e-05,10.0,0,0.0,0.0
TCX,2026-08-21,14.119999885559082,C,12.5,1.0000000000000003e-05,21.0,0,0.0,0.0
TCX,2026-08-21,14.119999885559082,C,15.0,0.062509375,4.0,0,0.0,0.0
TCX,2026-08-21,14.119999885559082,C,17.5,0.2500075,1.0,0,0.0,0.0
TCX,2026-08-21,14.119999885559082,C,20.0,0.500005,1.0,0,0.0,0.0
TCX,2026-08-21,14.119999885559082,C,30.0,2.2578168554687497,,3,0.0,0.45
TCX,2026-08-21,14.119999885559082,P,2.5,1.000005,,0,0.0,0.0
TCX,2026-08-21,14.119999885559082,P,5.0,0.500005,4.0,0,0.0,0.0
TCX,2026-08-21,14.119999885559082,P,10.0,0.500005,2.0,0,0.0,0.0
TCX,2026-08-21,14.119999885559082,P,12.5,0.12500875,2.0,0,0.0,0.0
TCX,2026-08-21,14.119999885559082,P,15.0,1.0000000000000003e-05,38.0,0,0.0,0.0
TCX,2026-08-21,14.119999885559082,P,17.5,1.0000000000000003e-05,5.0,0,0.0,0.0
TCX,2026-08-21,14.119999885559082,P,30.0,1.0000000000000003e-05,37.0,67,6.5,9.8
ARCT,2026-08-21,6.260000228881836,C,2.5,1.0000000000000003e-05,,0,0.0,0.0
ARCT,2026-08-21,6.260000228881836,C,5.0,1.0000000000000003e-05,1.0,0,0.0,0.0
ARCT,2026-08-21,6.260000228881836,C,7.5,0.2500075,2.0,0,0.0,0.0
ARCT,2026-08-21,6.260000228881836,C,10.0,0.500005,10.0,0,0.0,0.0
ARCT,2026-08-21,6.260000228881836,C,12.5,0.500005,,0,0.0,0.0
ARCT,2026-08-21,6.260000228881836,P,5.0,0.2500075,2.0,0,0.0,0.0
ARCT,2026-08-21,6.260000228881836,P,7.5,1.0000000000000003e-05,10.0,0,0.0,0.0
ARCT,2026-08-21,6.260000228881836,P,12.5,1.0000000000000003e-05,,0,0.0,0.0
DNLI,2026-08-21,24.420000076293945,C,20.0,1.0000000000000003e-05,3.0,0,0.0,0.0
DNLI,2026-08-21,24.420000076293945,C,22.5,0.5507857421875001,,1,0.2,4.4
DNLI,2026-08-21,24.420000076293945,C,25.0,0.0312596875,23.0,0,0.0,0.0
DNLI,2026-08-21,24.420000076293945,C,30.0,0.2500075,1.0,0,0.0,0.0
DNLI,2026-08-21,24.420000076293945,P,20.0,0.2500075,1.0,0,0.0,0.0
DNLI,2026-08-21,24.420000076293945,P,22.5,0.12500875,5.0,0,0.0,0.0
DNLI,2026-08-21,24.420000076293945,P,25.0,1.0000000000000003e-05,,0,0.0,0.0
KOP,2026-08-21,51.029998779296875,C,40.0,1.0000000000000003e-05,1.0,0,0.0,0.0
KOP,2026-08-21,51.029998779296875,C,50.0,1.0000000000000003e-05,1.0,0,0.0,0.0
KOP,2026-08-21,51.029998779296875,C,55.0,0.12500875,1.0,0,0.0,0.0
KOP,2026-08-21,51.029998779296875,C,60.0,0.2500075,,0,0.0,0.0
KOP,2026-08-21,51.029998779296875,P,40.0,0.2500075,1.0,0,0.0,0.0
KOP,2026-08-21,51.029998779296875,P,45.0,0.12500875,1.0,0,0.0,0.0
KOP,2026-08-21,51.029998779296875,P,50.0,0.0312596875,2.0,0,0.0,0.0
KOP,2026-08-21,51.029998779296875,P,55.0,1.0000000000000003e-05,,0,0.0,0.0
BKSY,2026-08-21,25.18000030517578,C,2.5,1.0000000000000003e-05,1.0,0,0.0,0.0
BKSY,2026-08-21,25.18000030517578,C,5.0,20.046878735351562,2.0,3,23.0,26.6
BKSY,2026-08-21,25.18000030517578,C,7.5,1.0000000000000003e-05,2.0,3,13.2,17.3
BKSY,2026-08-21,25.18000030517578,C,10.0,1.0000000000000003e-05,10.0,0,0.0,0.0
BKSY,2026-08-21,25.18000030517578,C,12.5,0.0,1.0,2,23.6,26.9
BKSY,2026-08-21,25.18000030517578,C,15.0,1.0000000000000003e-05,20.0,0,0.0,0.0
BKSY,2026-08-21,25.18000030517578,C,17.5,1.0000000000000003e-05,10.0,0,0.0,0.0
BKSY,2026-08-21,25.18000030517578,C,20.0,1.0000000000000003e-05,2.0,0,0.0,0.0
BKSY,2026-08-21,25.18000030517578,C,22.5,1.0000000000000003e-05,2.0,0,0.0,0.0
BKSY,2026-08-21,25.18000030517578,C,25.0,1.0000000000000003e-05,19.0,0,0.0,0.0
BKSY,2026-08-21,25.18000030517578,C,30.0,0.2500075,166.0,0,0.0,0.0
BKSY,2026-08-21,25.18000030517578,C,35.0,0.500005,10.0,0,0.0,0.0
BKSY,2026-08-21,25.18000030517578,C,40.0,0.500005,6.0,0,0.0,0.0
BKSY,2026-08-21,25.18000030517578,C,45.0,0.500005,1.0,0,0.0,0.0
BKSY,2026-08-21,25.18000030517578,C,50.0,0.500005,2.0,0,0.0,0.0
BKSY,2026-08-21,25.18000030517578,C,55.0,0.500005,10.0,0,0.0,0.0
BKSY,2026-08-21,25.18000030517578,C,60.0,0.500005,1.0,0,0.0,0.0
BKSY,2026-08-21,25.18000030517578,C,65.0,0.500005,2.0,0,0.0,0.0
BKSY,2026-08-21,25.18000030517578,C,70.0,3.1308615478515627,1.0,8,0.0,1.35
BKSY,2026-08-21,25.18000030517578,C,75.0,3.27343931640625,10.0,34,0.0,1.35
BKSY,2026-08-21,25.18000030517578,P,2.5,0.500005,1.0,0,0.0,0.0
BKSY,2026-08-21,25.18000030517578,P,5.0,4.867191416015624,9.0,20,0.0,0.5
BKSY,2026-08-21,25.18000030517578,P,7.5,0.500005,1.0,0,0.0,0.0
BKSY,2026-08-21,25.18000030517578,P,10.0,0.500005,1.0,0,0.0,0.0
BKSY,2026-08-21,25.18000030517578,P,12.5,0.500005,4.0,0,0.0,0.0
BKSY,2026-08-21,25.18000030517578,P,15.0,0.500005,42.0,0,0.0,0.0
BKSY,2026-08-21,25.18000030517578,P,17.5,0.500005,6.0,0,0.0,0.0
BKSY,2026-08-21,25.18000030517578,P,20.0,0.2500075,39.0,0,0.0,0.0
BKSY,2026-08-21,25.18000030517578,P,22.5,0.12500875,1.0,0,0.0,0.0
BKSY,2026-08-21,25.18000030517578,P,25.0,0.015634843750000002,7.0,0,0.0,0.0
BKSY,2026-08-21,25.18000030517578,P,30.0,1.0000000000000003e-05,5.0,0,0.0,0.0
BKSY,2026-08-21,25.18000030517578,P,35.0,1.0000000000000003e-05,11.0,0,0.0,0.0
BKSY,2026-08-21,25.18000030517578,P,40.0,1.0000000000000003e-05,3.0,0,0.0,0.0
BKSY,2026-08-21,25.18000030517578,P,45.0,1.0000000000000003e-05,1.0,0,0.0,0.0
BKSY,2026-08-21,25.18000030517578,P,50.0,1.0000000000000003e-05,10.0,0,0.0,0.0
BKSY,2026-08-21,25.18000030517578,P,55.0,1.9921875390625,1.0,3,28.6,31.4
BKSY,2026-08-21,25.18000030517578,P,60.0,1.0000000000000003e-05,,2,29.4,32.1
ACET,2026-08-21,9.15999984741211,C,10.0,0.12500875,5,0,0.0,0.0
ACET,2026-08-21,9.15999984741211,C,12.5,0.500005,26,0,0.0,0.0
ACET,2026-08-21,9.15999984741211,C,15.0,0.500005,8,0,0.0,0.0
ACET,2026-08-21,9.15999984741211,C,17.5,0.500005,2,0,0.0,0.0
ACET,2026-08-21,9.15999984741211,P,7.5,0.2500075,1,0,0.0,0.0
ACET,2026-08-21,9.15999984741211,P,12.5,1.0000000000000003e-05,1,0,0.0,0.0
GLP,2026-08-21,48.650001525878906,C,50.0,0.0312596875,1.0,0,0.0,0.0
GLP,2026-08-21,48.650001525878906,C,55.0,0.12500875,15.0,0,0.0,0.0
GLP,2026-08-21,48.650001525878906,P,35.0,1.57422087890625,,100,0.0,2.25
GLP,2026-08-21,48.650001525878906,P,40.0,1.162113564453125,50.0,50,0.0,2.55
GLP,2026-08-21,48.650001525878906,P,45.0,0.12500875,1.0,0,0.0,0.0
GLP,2026-08-21,48.650001525878906,P,50.0,1.0000000000000003e-05,6.0,0,0.0,0.0
GENI,2026-08-21,8.329999923706055,C,2.5,1.0000000000000003e-05,2.0,1,3.4,4.2
GENI,2026-08-21,8.329999923706055,C,5.0,1.0000000000000003e-05,24.0,0,0.0,0.0
GENI,2026-08-21,8.329999923706055,C,7.5,1.0000000000000003e-05,379.0,0,0.0,0.0
GENI,2026-08-21,8.329999923706055,C,10.0,0.2500075,306.0,0,0.0,0.0
GENI,2026-08-21,8.329999923706055,P,5.0,0.500005,1.0,0,0.0,0.0
GENI,2026-08-21,8.329999923706055,P,7.5,0.12500875,695.0,0,0.0,0.0
GENI,2026-08-21,8.329999923706055,P,10.0,1.0000000000000003e-05,,0,0.0,0.0
FOUR,2026-08-21,53.380001068115234,C,20.0,1.0000000000000003e-05,3.0,0,0.0,0.0
FOUR,2026-08-21,53.380001068115234,C,22.5,1.0000000000000003e-05,1.0,0,0.0,0.0
FOUR,2026-08-21,53.380001068115234,C,25.0,1.0000000000000003e-05,,0,0.0,0.0
FOUR,2026-08-21,53.380001068115234,C,30.0,2.8281279296874997,6.0,6,20.5,25.4
FOUR,2026-08-21,53.380001068115234,C,35.0,1.0000000000000003e-05,2.0,0,0.0,0.0
FOUR,2026-08-21,53.380001068115234,C,40.0,1.0000000000000003e-05,1.0,0,0.0,0.0
FOUR,2026-08-21,53.380001068115234,C,45.0,1.0000000000000003e-05,18.0,0,0.0,0.0
FOUR,2026-08-21,53.380001068115234,C,50.0,1.0000000000000003e-05,90.0,0,0.0,0.0
FOUR,2026-08-21,53.380001068115234,C,55.0,0.0312596875,79.0,0,0.0,0.0
FOUR,2026-08-21,53.380001068115234,C,60.0,0.12500875,415.0,0,0.0,0.0
FOUR,2026-08-21,53.380001068115234,C,65.0,0.2500075,445.0,0,0.0,0.0
FOUR,2026-08-21,53.380001068115234,C,70.0,0.2500075,103.0,0,0.0,0.0
FOUR,2026-08-21,53.380001068115234,P,20.0,2.2421918945312496,,1,0.0,0.2
FOUR,2026-08-21,53.380001068115234,P,22.5,1.9140629296875002,1.0,3,0.0,0.15
FOUR,2026-08-21,53.380001068115234,P,25.0,2.3847696630859367,1.0,2,0.0,1.0
FOUR,2026-08-21,53.380001068115234,P,30.0,0.500005,5.0,0,0.0,0.0
FOUR,2026-08-21,53.380001068115234,P,35.0,0.500005,3.0,0,0.0,0.0
FOUR,2026-08-21,53.380001068115234,P,40.0,0.2500075,45.0,0,0.0,0.0
FOUR,2026-08-21,53.380001068115234,P,45.0,0.2500075,25.0,0,0.0,0.0
FOUR,2026-08-21,53.380001068115234,P,50.0,0.062509375,732.0,0,0.0,0.0
FOUR,2026-08-21,53.380001068115234,P,55.0,1.0000000000000003e-05,42.0,0,0.0,0.0
FOUR,2026-08-21,53.380001068115234,P,60.0,1.0000000000000003e-05,11.0,0,0.0,0.0
FOUR,2026-08-21,53.380001068115234,P,65.0,1.0000000000000003e-05,,0,0.0,0.0
CTRE,2026-08-21,41.13999938964844,C,37.5,1.0000000000000003e-05,2.0,0,0.0,0.0
CTRE,2026-08-21,41.13999938964844,C,40.0,1.0000000000000003e-05,1.0,0,0.0,0.0
CTRE,2026-08-21,41.13999938964844,C,42.5,0.0312596875,4.0,0,0.0,0.0
CTRE,2026-08-21,41.13999938964844,C,45.0,0.12500875,16.0,0,0.0,0.0
CTRE,2026-08-21,41.13999938964844,C,47.5,0.12500875,1.0,0,0.0,0.0
CTRE,2026-08-21,41.13999938964844,C,50.0,0.2500075,2.0,0,0.0,0.0
CTRE,2026-08-21,41.13999938964844,P,30.0,0.2500075,1.0,0,0.0,0.0
CTRE,2026-08-21,41.13999938964844,P,32.5,0.8457046679687499,,2,0.0,0.55
CTRE,2026-08-21,41.13999938964844,P,35.0,0.2500075,1.0,0,0.0,0.0
CTRE,2026-08-21,41.13999938964844,P,37.5,0.12500875,4.0,0,0.0,0.0
CTRE,2026-08-21,41.13999938964844,P,40.0,0.0312596875,4.0,0,0.0,0.0
CTRE,2026-08-21,41.13999938964844,P,42.5,1.0000000000000003e-05,1.0,0,0.0,0.0
CTRE,2026-08-21,41.13999938964844,P,45.0,1.0000000000000003e-05,,0,0.0,0.0
CTRE,2026-08-21,41.13999938964844,P,47.5,1.0000000000000003e-05,,0,0.0,0.0
CTRE,2026-08-21,41.13999938964844,P,50.0,1.0000000000000003e-05,,0,0.0,0.0
ED,2026-08-21,108.31999969482422,C,80.0,1.0000000000000003e-05,3.0,0,0.0,0.0
ED,2026-08-21,108.31999969482422,C,85.0,1.1049849438476564,3.0,0,23.5,26.5
ED,2026-08-21,108.31999969482422,C,92.5,0.5590864404296876,1.0,7,14.5,16.3
ED,2026-08-21,108.31999969482422,C,95.0,1.1770060681152343,10.0,2,16.0,20.0
ED,2026-08-21,108.31999969482422,C,97.5,0.6213416772460938,7.0,9,11.3,13.5
ED,2026-08-21,108.31999969482422,C,100.0,1.0000000000000003e-05,2.0,0,0.0,0.0
ED,2026-08-21,108.31999969482422,C,105.0,1.0000000000000003e-05,14.0,0,0.0,0.0
ED,2026-08-21,108.31999969482422,C,110.0,0.015634843750000002,29.0,0,0.0,0.0
ED,2026-08-21,108.31999969482422,C,115.0,0.062509375,7.0,0,0.0,0.0
ED,2026-08-21,108.31999969482422,C,120.0,0.12500875,1.0,0,0.0,0.0
ED,2026-08-21,108.31999969482422,C,125.0,0.12500875,28.0,0,0.0,0.0
ED,2026-08-21,108.31999969482422,C,130.0,0.2500075,4.0,0,0.0,0.0
ED,2026-08-21,108.31999969482422,C,135.0,0.6533237792968751,1.0,41,0.0,0.75
ED,2026-08-21,108.31999969482422,C,140.0,0.8945323046874999,35.0,85,0.0,1.8
ED,2026-08-21,108.31999969482422,P,65.0,1.501955615234375,,1,0.0,1.15
ED,2026-08-21,108.31999969482422,P,70.0,0.500005,2.0,0,0.0,0.0
ED,2026-08-21,108.31999969482422,P,75.0,1.0439500927734378,1.0,2,0.0,0.75
ED,2026-08-21,108.31999969482422,P,80.0,0.2500075,16.0,0,0.0,0.0
ED,2026-08-21,108.31999969482422,P,85.0,0.2500075,1.0,0,0.0,0.0
ED,2026-08-21,108.31999969482422,P,90.0,0.2500075,1.0,0,0.0,0.0
ED,2026-08-21,108.31999969482422,P,92.5,0.12500875,1.0,0,0.0,0.0
ED,2026-08-21,108.31999969482422,P,95.0,0.12500875,2.0,0,0.0,0.0
ED,2026-08-21,108.31999969482422,P,97.5,0.12500875,2.0,0,0.0,0.0
ED,2026-08-21,108.31999969482422,P,100.0,0.12500875,3.0,0,0.0,0.0
ED,2026-08-21,108.31999969482422,P,105.0,0.0312596875,4.0,0,0.0,0.0
ED,2026-08-21,108.31999969482422,P,110.0,1.0000000000000003e-05,1.0,0,0.0,0.0
ED,2026-08-21,108.31999969482422,P,115.0,1.0000000000000003e-05,1.0,0,0.0,0.0
ED,2026-08-21,108.31999969482422,P,120.0,1.0000000000000003e-05,3.0,0,0.0,0.0
ED,2026-08-21,108.31999969482422,P,125.0,1.0000000000000003e-05,1.0,0,0.0,0.0
BARK,2026-08-21,9.289999961853027,C,0.5,1.0000000000000003e-05,1.0,0,0.0,0.0
BARK,2026-08-21,9.289999961853027,C,1.0,1.0000000000000003e-05,16.0,0,0.0,0.0
BARK,2026-08-21,9.289999961853027,C,1.5,1.0000000000000003e-05,,1,0.0,0.0
BARK,2026-08-21,9.289999961853027,C,2.0,1.0000000000000003e-05,10.0,663,0.0,0.0
BARK,2026-08-21,9.289999961853027,C,3.0,1.0000000000000003e-05,,150,0.0,0.1
BARK,2026-08-21,9.289999961853027,C,4.0,1.0000000000000003e-05,6.0,0,0.0,0.0
BARK,2026-08-21,9.289999961853027,P,0.5,0.500005,10.0,20,0.0,0.0
BARK,2026-08-21,9.289999961853027,P,1.0,0.500005,3.0,0,0.0,0.0
BARK,2026-08-21,9.289999961853027,P,2.0,11.5000028125,,50,0.65,1.6
BARK,2026-08-21,9.289999961853027,P,4.0,14.289063569335939,,0,2.7,3.7
PZZA,2026-08-21,29.75,C,27.5,1.0000000000000003e-05,28,0,0.0,0.0
PZZA,2026-08-21,29.75,C,30.0,0.015634843750000002,270,0,0.0,0.0
PZZA,2026-08-21,29.75,C,32.5,0.12500875,146,0,0.0,0.0
PZZA,2026-08-21,29.75,C,35.0,0.2500075,376,0,0.0,0.0
PZZA,2026-08-21,29.75,C,37.5,0.2500075,721,0,0.0,0.0
PZZA,2026-08-21,29.75,C,40.0,0.2500075,278,0,0.0,0.0
PZZA,2026-08-21,29.75,C,42.5,0.500005,663,0,0.0,0.0
PZZA,2026-08-21,29.75,C,45.0,0.500005,96,0,0.0,0.0
PZZA,2026-08-21,29.75,C,47.5,0.500005,40,0,0.0,0.0
PZZA,2026-08-21,29.75,C,50.0,0.500005,2,0,0.0,0.0
PZZA,2026-08-21,29.75,P,17.5,0.500005,5,0,0.0,0.0
PZZA,2026-08-21,29.75,P,20.0,0.500005,1,0,0.0,0.0
PZZA,2026-08-21,29.75,P,22.5,0.2500075,1518,0,0.0,0.0
PZZA,2026-08-21,29.75,P,25.0,0.2500075,193,0,0.0,0.0
PZZA,2026-08-21,29.75,P,27.5,0.12500875,988,0,0.0,0.0
PZZA,2026-08-21,29.75,P,30.0,1.0000000000000003e-05,507,0,0.0,0.0
PZZA,2026-08-21,29.75,P,32.5,1.0000000000000003e-05,5,0,0.0,0.0
PZZA,2026-08-21,29.75,P,35.0,1.0000000000000003e-05,8,0,0.0,0.0
PZZA,2026-08-21,29.75,P,37.5,1.0000000000000003e-05,10,0,0.0,0.0
PZZA,2026-08-21,29.75,P,40.0,1.0000000000000003e-05,2,0,0.0,0.0
PZZA,2026-08-21,29.75,P,42.5,1.0000000000000003e-05,2,0,0.0,0.0
PSIX,2026-08-21,32.93000030517578,C,22.5,1.0000000000000003e-05,21.0,0,0.0,0.0
PSIX,2026-08-21,32.93000030517578,C,25.0,1.0000000000000003e-05,1.0,0,0.0,0.0
PSIX,2026-08-21,32.93000030517578,C,30.0,1.0000000000000003e-05,5.0,0,0.0,0.0
PSIX,2026-08-21,32.93000030517578,C,35.0,0.062509375,39.0,0,0.0,0.0
PSIX,2026-08-21,32.93000030517578,C,40.0,0.2500075,63.0,0,0.0,0.0
PSIX,2026-08-21,32.93000030517578,C,45.0,0.2500075,41.0,0,0.0,0.0
PSIX,2026-08-21,32.93000030517578,C,50.0,0.500005,47.0,0,0.0,0.0
PSIX,2026-08-21,32.93000030517578,C,55.0,0.500005,82.0,0,0.0,0.0
PSIX,2026-08-21,32.93000030517578,C,60.0,0.500005,14.0,0,0.0,0.0
PSIX,2026-08-21,32.93000030517578,C,65.0,0.500005,34.0,0,0.0,0.0
PSIX,2026-08-21,32.93000030517578,C,70.0,0.500005,32.0,0,0.0,0.0
PSIX,2026-08-21,32.93000030517578,C,75.0,0.500005,15.0,0,0.0,0.0
PSIX,2026-08-21,32.93000030517578,C,80.0,0.500005,12.0,0,0.0,0.0
PSIX,2026-08-21,32.93000030517578,C,85.0,0.500005,9.0,0,0.0,0.0
PSIX,2026-08-21,32.93000030517578,C,90.0,0.500005,16.0,0,0.0,0.0
PSIX,2026-08-21,32.93000030517578,C,95.0,0.500005,15.0,0,0.0,0.0
PSIX,2026-08-21,32.93000030517578,C,100.0,0.500005,1.0,0,0.0,0.0
PSIX,2026-08-21,32.93000030517578,C,105.0,3.134767788085937,10.0,22,0.0,1.15
PSIX,2026-08-21,32.93000030517578,C,110.0,0.500005,3.0,0,0.0,0.0
PSIX,2026-08-21,32.93000030517578,C,115.0,3.7656255859375003,1.0,128,0.0,2.2
PSIX,2026-08-21,32.93000030517578,C,120.0,0.500005,14.0,0,0.0,0.0
PSIX,2026-08-21,32.93000030517578,C,125.0,0.500005,5.0,0,0.0,0.0
PSIX,2026-08-21,32.93000030517578,C,130.0,3.2949236376953124,3.0,9,0.0,0.75
PSIX,2026-08-21,32.93000030517578,C,135.0,3.6093759765625,1.0,3,0.0,1.15
PSIX,2026-08-21,32.93000030517578,C,140.0,0.500005,5.0,0,0.0,0.0
PSIX,2026-08-21,32.93000030517578,P,17.5,0.500005,1.0,0,0.0,0.0
PSIX,2026-08-21,32.93000030517578,P,20.0,0.500005,42.0,0,0.0,0.0
PSIX,2026-08-21,32.93000030517578,P,22.5,0.500005,1.0,0,0.0,0.0
PSIX,2026-08-21,32.93000030517578,P,25.0,0.2500075,8.0,0,0.0,0.0
PSIX,2026-08-21,32.93000030517578,P,30.0,0.12500875,27.0,0,0.0,0.0
PSIX,2026-08-21,32.93000030517578,P,35.0,1.0000000000000003e-05,4.0,0,0.0,0.0
PSIX,2026-08-21,32.93000030517578,P,40.0,1.0000000000000003e-05,7.0,0,0.0,0.0
PSIX,2026-08-21,32.93000030517578,P,45.0,1.0000000000000003e-05,6.0,0,0.0,0.0
PSIX,2026-08-21,32.93000030517578,P,50.0,1.0000000000000003e-05,17.0,0,0.0,0.0
PSIX,2026-08-21,32.93000030517578,P,55.0,1.0000000000000003e-05,6.0,0,0.0,0.0
PSIX,2026-08-21,32.93000030517578,P,60.0,1.0000000000000003e-05,1.0,0,0.0,0.0
PSIX,2026-08-21,32.93000030517578,P,65.0,1.0000000000000003e-05,1.0,0,0.0,0.0
PSIX,2026-08-21,32.93000030517578,P,70.0,1.0000000000000003e-05,5.0,0,0.0,0.0
PSIX,2026-08-21,32.93000030517578,P,75.0,1.0000000000000003e-05,1.0,0,0.0,0.0
PSIX,2026-08-21,32.93000030517578,P,80.0,3.2880877172851566,2.0,43,46.6,50.7
PSIX,2026-08-21,32.93000030517578,P,85.0,3.339845400390624,1.0,7,51.4,55.6
PSIX,2026-08-21,32.93000030517578,P,90.0,3.557618293457031,1.0,0,56.6,60.7
PSIX,2026-08-21,32.93000030517578,P,95.0,1.0000000000000003e-05,1.0,0,0.0,0.0
PSIX,2026-08-21,32.93000030517578,P,100.0,1.0000000000000003e-05,,0,0.0,0.0
PSIX,2026-08-21,32.93000030517578,P,125.0,1.0000000000000003e-05,,0,0.0,0.0
MTW,2026-08-21,14.25,C,10.0,1.0000000000000003e-05,2.0,0,0.0,0.0
MTW,2026-08-21,14.25,C,12.0,1.0000000000000003e-05,2.0,0,0.0,0.0
MTW,2026-08-21,14.25,C,13.0,1.0000000000000003e-05,,0,0.0,0.0
MTW,2026-08-21,14.25,C,14.0,1.0000000000000003e-05,10.0,0,0.0,0.0
MTW,2026-08-21,14.25,C,15.0,0.062509375,6.0,0,0.0,0.0
MTW,2026-08-21,14.25,P,5.0,0.500005,2.0,0,0.0,0.0
MTW,2026-08-21,14.25,P,6.0,0.500005,2.0,0,0.0,0.0
MTW,2026-08-21,14.25,P,7.0,0.500005,2.0,0,0.0,0.0
MTW,2026-08-21,14.25,P,8.0,0.500005,,0,0.0,0.0
MTW,2026-08-21,14.25,P,10.0,0.500005,,0,0.0,0.0
MTW,2026-08-21,14.25,P,12.0,0.2500075,,0,0.0,0.0
MTW,2026-08-21,14.25,P,13.0,0.12500875,1.0,0,0.0,0.0
PROF,2026-08-21,7.989999771118164,C,7.5,1.0000000000000003e-05,1004.0,0,0.0,0.0
PROF,2026-08-21,7.989999771118164,P,7.5,0.12500875,,0,0.0,0.0
CGBD,2026-08-21,10.279999732971191,C,2.5,1.0000000000000003e-05,410.0,0,0.0,0.0
CGBD,2026-08-21,10.279999732971191,C,5.0,1.0000000000000003e-05,86.0,0,0.0,0.0
CGBD,2026-08-21,10.279999732971191,C,7.5,1.0000000000000003e-05,10.0,0,0.0,0.0
CGBD,2026-08-21,10.279999732971191,C,10.0,1.0000000000000003e-05,2.0,0,0.0,0.0
CGBD,2026-08-21,10.279999732971191,C,12.5,0.2500075,1.0,0,0.0,0.0
CGBD,2026-08-21,10.279999732971191,C,15.0,1.15234798828125,22.0,46,0.0,0.15
CGBD,2026-08-21,10.279999732971191,C,17.5,0.500005,,0,0.0,0.0
CGBD,2026-08-21,10.279999732971191,P,7.5,2.003911240234375,5.0,11,0.0,0.95
CGBD,2026-08-21,10.279999732971191,P,10.0,0.062509375,2.0,0,0.0,0.0
CGBD,2026-08-21,10.279999732971191,P,12.5,1.0000000000000003e-05,5.0,0,0.0,0.0
CGBD,2026-08-21,10.279999732971191,P,15.0,1.0000000000000003e-05,5.0,0,0.0,0.0
IFRX,2026-08-21,1.7699999809265137,C,1.5,1.0000000000000003e-05,,0,0.0,0.0
IFRX,2026-08-21,1.7699999809265137,C,2.0,0.2500075,3.0,0,0.0,0.0
IFRX,2026-08-21,1.7699999809265137,C,2.5,0.500005,1.0,0,0.0,0.0
IFRX,2026-08-21,1.7699999809265137,P,1.5,0.2500075,,0,0.0,0.0
IFRX,2026-08-21,1.7699999809265137,P,2.0,1.0000000000000003e-05,10.0,0,0.0,0.0
IFRX,2026-08-21,1.7699999809265137,P,2.5,1.0000000000000003e-05,5.0,0,0.0,0.0
ARW,2026-08-21,226.85000610351562,C,195.0,1.0000000000000003e-05,3.0,0,0.0,0.0
ARW,2026-08-21,226.85000610351562,C,200.0,1.0000000000000003e-05,1.0,0,0.0,0.0
ARW,2026-08-21,226.85000610351562,C,210.0,1.0000000000000003e-05,3.0,0,0.0,0.0
ARW,2026-08-21,226.85000610351562,C,220.0,1.0000000000000003e-05,3.0,0,0.0,0.0
ARW,2026-08-21,226.85000610351562,C,230.0,0.015634843750000002,9.0,0,0.0,0.0
ARW,2026-08-21,226.85000610351562,C,240.0,0.062509375,510.0,0,0.0,0.0
ARW,2026-08-21,226.85000610351562,C,250.0,0.12500875,5.0,0,0.0,0.0
ARW,2026-08-21,226.85000610351562,C,260.0,0.12500875,1.0,0,0.0,0.0
ARW,2026-08-21,226.85000610351562,P,145.0,0.500005,,0,0.0,0.0
ARW,2026-08-21,226.85000610351562,P,160.0,0.2500075,,0,0.0,0.0
ARW,2026-08-21,226.85000610351562,P,165.0,0.2500075,1.0,0,0.0,0.0
ARW,2026-08-21,226.85000610351562,P,175.0,0.2500075,1.0,0,0.0,0.0
ARW,2026-08-21,226.85000610351562,P,180.0,0.2500075,2.0,0,0.0,0.0
ARW,2026-08-21,226.85000610351562,P,185.0,0.2500075,2.0,0,0.0,0.0
ARW,2026-08-21,226.85000610351562,P,190.0,0.2500075,2.0,0,0.0,0.0
ARW,2026-08-21,226.85000610351562,P,195.0,0.12500875,1.0,0,0.0,0.0
ARW,2026-08-21,226.85000610351562,P,200.0,0.12500875,1.0,0,0.0,0.0
ARW,2026-08-21,226.85000610351562,P,210.0,0.062509375,500.0,0,0.0,0.0
ARW,2026-08-21,226.85000610351562,P,220.0,0.0312596875,3.0,0,0.0,0.0
TECX,2026-08-21,29.559999465942383,C,20.0,1.0000000000000003e-05,1,0,0.0,0.0
TECX,2026-08-21,29.559999465942383,C,25.0,1.0000000000000003e-05,30,0,0.0,0.0
TECX,2026-08-21,29.559999465942383,C,30.0,0.0312596875,1,0,0.0,0.0
TECX,2026-08-21,29.559999465942383,C,35.0,0.2500075,1,0,0.0,0.0
TECX,2026-08-21,29.559999465942383,C,40.0,0.2500075,2,0,0.0,0.0
TECX,2026-08-21,29.559999465942383,C,45.0,0.500005,1,0,0.0,0.0
TECX,2026-08-21,29.559999465942383,C,50.0,0.500005,52,0,0.0,0.0
TECX,2026-08-21,29.559999465942383,C,55.0,0.500005,1,0,0.0,0.0
TECX,2026-08-21,29.559999465942383,P,22.5,0.2500075,100,0,0.0,0.0
TECX,2026-08-21,29.559999465942383,P,25.0,0.2500075,2,0,0.0,0.0
TECX,2026-08-21,29.559999465942383,P,30.0,1.0000000000000003e-05,5,0,0.0,0.0
UTZ,2026-08-21,14.119999885559082,C,2.5,1.0000000000000003e-05,5,0,0.0,0.0
UTZ,2026-08-21,14.119999885559082,C,7.5,1.0000000000000003e-05,2,0,0.0,0.0
UTZ,2026-08-21,14.119999885559082,C,10.0,1.0000000000000003e-05,1,0,0.0,0.0
UTZ,2026-08-21,14.119999885559082,C,12.5,1.0000000000000003e-05,3,0,0.0,0.0
UTZ,2026-08-21,14.119999885559082,C,15.0,0.062509375,4,0,0.0,0.0
UTZ,2026-08-21,14.119999885559082,P,5.0,0.500005,22,0,0.0,0.0
UTZ,2026-08-21,14.119999885559082,P,7.5,0.500005,2,0,0.0,0.0
UTZ,2026-08-21,14.119999885559082,P,10.0,0.500005,4,0,0.0,0.0
UTZ,2026-08-21,14.119999885559082,P,12.5,0.12500875,13,0,0.0,0.0
UTZ,2026-08-21,14.119999885559082,P,15.0,1.0000000000000003e-05,10,0,0.0,0.0
UTZ,2026-08-21,14.119999885559082,P,17.5,1.0000000000000003e-05,1,0,0.0,0.0
DCGO,2026-08-21,0.628000020980835,C,0.5,1.0000000000000003e-05,3.0,0,0.0,0.0
DCGO,2026-08-21,0.628000020980835,C,1.0,0.500005,1.0,0,0.0,0.0
DCGO,2026-08-21,0.628000020980835,C,1.5,0.500005,1.0,0,0.0,0.0
DCGO,2026-08-21,0.628000020980835,C,2.0,5.5937530078124995,,2,0.0,0.2
DCGO,2026-08-21,0.628000020980835,P,0.5,0.500005,3.0,0,0.0,0.0
DCGO,2026-08-21,0.628000020980835,P,1.0,1.0000000000000003e-05,1.0,0,0.0,0.0
DCGO,2026-08-21,0.628000020980835,P,2.0,1.0000000000000003e-05,20.0,0,0.0,0.0
SABS,2026-08-21,3.7699999809265137,C,3.0,1.0000000000000003e-05,14.0,0,0.0,0.0
SABS,2026-08-21,3.7699999809265137,C,4.0,0.12500875,10.0,0,0.0,0.0
SABS,2026-08-21,3.7699999809265137,C,5.0,0.500005,,0,0.0,0.0
SABS,2026-08-21,3.7699999809265137,C,6.0,0.500005,14.0,0,0.0,0.0
SABS,2026-08-21,3.7699999809265137,P,1.0,0.500005,,0,0.0,0.0
SABS,2026-08-21,3.7699999809265137,P,2.0,0.500005,4.0,0,0.0,0.0
SABS,2026-08-21,3.7699999809265137,P,3.0,0.2500075,1.0,0,0.0,0.0
SABS,2026-08-21,3.7699999809265137,P,4.0,1.0000000000000003e-05,10.0,0,0.0,0.0
SABS,2026-08-21,3.7699999809265137,P,5.0,1.0000000000000003e-05,2.0,0,0.0,0.0
HTT,2026-08-21,2.559999942779541,C,2.5,1.0000000000000003e-05,1,0,0.0,0.0
HTT,2026-08-21,2.559999942779541,C,5.0,0.500005,3,0,0.0,0.0
HTT,2026-08-21,2.559999942779541,C,7.5,5.218753476562499,1,16,0.0,0.75
HTT,2026-08-21,2.559999942779541,P,2.5,0.062509375,10,0,0.0,0.0
HTZ,2026-08-07,1.559999942779541,C,0.5,1.0000000000000003e-05,99.0,0,0.0,0.0
HTZ,2026-08-07,1.559999942779541,C,1.0,1.0000000000000003e-05,31.0,0,0.0,0.0
HTZ,2026-08-07,1.559999942779541,C,1.5,1.0000000000000003e-05,1831.0,0,0.0,0.0
HTZ,2026-08-07,1.559999942779541,C,2.0,0.500005,9507.0,0,0.0,0.0
HTZ,2026-08-07,1.559999942779541,C,2.5,0.500005,1943.0,0,0.0,0.0
HTZ,2026-08-07,1.559999942779541,C,3.0,0.500005,45.0,0,0.0,0.0
HTZ,2026-08-07,1.559999942779541,C,3.5,0.500005,1.0,0,0.0,0.0
HTZ,2026-08-07,1.559999942779541,C,4.0,0.500005,30.0,0,0.0,0.0
HTZ,2026-08-07,1.559999942779541,C,4.5,0.500005,25.0,0,0.0,0.0
HTZ,2026-08-07,1.559999942779541,C,5.0,0.500005,1.0,0,0.0,0.0
HTZ,2026-08-07,1.559999942779541,C,5.5,0.500005,10.0,0,0.0,0.0
HTZ,2026-08-07,1.559999942779541,C,6.0,0.500005,2.0,0,0.0,0.0
HTZ,2026-08-07,1.559999942779541,C,6.5,0.500005,,0,0.0,0.0
HTZ,2026-08-07,1.559999942779541,P,1.0,0.500005,1587.0,0,0.0,0.0
HTZ,2026-08-07,1.559999942779541,P,1.5,0.2500075,1718.0,0,0.0,0.0
HTZ,2026-08-07,1.559999942779541,P,2.0,1.0000000000000003e-05,6.0,0,0.0,0.0
HTZ,2026-08-07,1.559999942779541,P,2.5,1.0000000000000003e-05,25.0,0,0.0,0.0
HTZ,2026-08-07,1.559999942779541,P,3.0,1.0000000000000003e-05,23.0,0,0.0,0.0
HTZ,2026-08-07,1.559999942779541,P,3.5,1.0000000000000003e-05,26.0,0,0.0,0.0
HTZ,2026-08-07,1.559999942779541,P,4.0,1.0000000000000003e-05,25.0,0,0.0,0.0
HTZ,2026-08-07,1.559999942779541,P,4.5,1.0000000000000003e-05,20.0,0,0.0,0.0
HTZ,2026-08-07,1.559999942779541,P,5.0,1.0000000000000003e-05,6.0,0,0.0,0.0
HTZ,2026-08-07,1.559999942779541,P,5.5,1.0000000000000003e-05,1.0,0,0.0,0.0
HTZ,2026-08-07,1.559999942779541,P,6.5,1.0000000000000003e-05,,0,0.0,0.0
HTZ,2026-08-07,1.559999942779541,P,7.5,1.0000000000000003e-05,3.0,0,0.0,0.0
HUBG,2026-08-21,47.58000183105469,C,50.0,0.062509375,12.0,0,0.0,0.0
HUBG,2026-08-21,47.58000183105469,C,55.0,0.12500875,,0,0.0,0.0
HUBG,2026-08-21,47.58000183105469,P,35.0,0.2500075,,0,0.0,0.0
HUBG,2026-08-21,47.58000183105469,P,40.0,0.2500075,,0,0.0,0.0
HUBG,2026-08-21,47.58000183105469,P,45.0,0.062509375,2.0,0,0.0,0.0
HUBG,2026-08-21,47.58000183105469,P,50.0,1.0000000000000003e-05,1.0,0,0.0,0.0
BMRN,2026-08-21,59.90999984741211,C,32.5,2.5214880712890624,1.0,0,24.8,28.8
BMRN,2026-08-21,59.90999984741211,C,40.0,1.0000000000000003e-05,2.0,0,0.0,0.0
BMRN,2026-08-21,59.90999984741211,C,50.0,1.0000000000000003e-05,2.0,0,0.0,0.0
BMRN,2026-08-21,59.90999984741211,C,52.5,1.0000000000000003e-05,2.0,0,0.0,0.0
BMRN,2026-08-21,59.90999984741211,C,55.0,1.0000000000000003e-05,150.0,0,0.0,0.0
BMRN,2026-08-21,59.90999984741211,C,57.5,1.0000000000000003e-05,120.0,0,0.0,0.0
BMRN,2026-08-21,59.90999984741211,C,60.0,0.0039162109375,6.0,0,0.0,0.0
BMRN,2026-08-21,59.90999984741211,C,62.5,0.062509375,18.0,0,0.0,0.0
BMRN,2026-08-21,59.90999984741211,C,65.0,0.12500875,12.0,0,0.0,0.0
BMRN,2026-08-21,59.90999984741211,C,67.5,0.12500875,4.0,0,0.0,0.0
BMRN,2026-08-21,59.90999984741211,C,70.0,0.12500875,2.0,0,0.0,0.0
BMRN,2026-08-21,59.90999984741211,C,72.5,0.2500075,4.0,0,0.0,0.0
BMRN,2026-08-21,59.90999984741211,C,75.0,0.2500075,3.0,0,0.0,0.0
BMRN,2026-08-21,59.90999984741211,C,80.0,0.2500075,149.0,0,0.0,0.0
BMRN,2026-08-21,59.90999984741211,C,85.0,0.500005,10.0,0,0.0,0.0
BMRN,2026-08-21,59.90999984741211,C,95.0,0.500005,8.0,0,0.0,0.0
BMRN,2026-08-21,59.90999984741211,P,30.0,0.500005,1.0,0,0.0,0.0
BMRN,2026-08-21,59.90999984741211,P,37.5,0.500005,6.0,0,0.0,0.0
BMRN,2026-08-21,59.90999984741211,P,40.0,1.3847687011718748,1.0,1,0.2,0.85
BMRN,2026-08-21,59.90999984741211,P,45.0,0.2500075,3.0,0,0.0,0.0
BMRN,2026-08-21,59.90999984741211,P,47.5,0.2500075,1.0,0,0.0,0.0
BMRN,2026-08-21,59.90999984741211,P,50.0,0.2500075,2.0,0,0.0,0.0
BMRN,2026-08-21,59.90999984741211,P,52.5,0.12500875,4.0,0,0.0,0.0
BMRN,2026-08-21,59.90999984741211,P,55.0,0.12500875,2.0,0,0.0,0.0
BMRN,2026-08-21,59.90999984741211,P,57.5,0.062509375,100.0,0,0.0,0.0
BMRN,2026-08-21,59.90999984741211,P,60.0,1.0000000000000003e-05,6.0,0,0.0,0.0
BMRN,2026-08-21,59.90999984741211,P,62.5,1.0000000000000003e-05,17.0,0,0.0,0.0
BMRN,2026-08-21,59.90999984741211,P,65.0,1.0000000000000003e-05,5.0,0,0.0,0.0
BMRN,2026-08-21,59.90999984741211,P,67.5,1.1865275048828123,,1,9.4,12.2
BMRN,2026-08-21,59.90999984741211,P,70.0,1.0000000000000003e-05,3.0,0,0.0,0.0
BMRN,2026-08-21,59.90999984741211,P,75.0,2.047856442871094,15.0,0,18.4,22.6
BMRN,2026-08-21,59.90999984741211,P,80.0,1.0000000000000003e-05,,0,0.0,0.0
ESNT,2026-08-21,66.51000213623047,C,65.0,1.0000000000000003e-05,1,0,0.0,0.0
ESNT,2026-08-21,66.51000213623047,C,70.0,0.062509375,1,0,0.0,0.0
ESNT,2026-08-21,66.51000213623047,C,80.0,0.2500075,1,0,0.0,0.0
ESNT,2026-08-21,66.51000213623047,P,65.0,0.0312596875,1,0,0.0,0.0
SHAZ,2026-08-21,57.02000045776367,C,30.0,1.0000000000000003e-05,,0,0.0,0.0
SHAZ,2026-08-21,57.02000045776367,C,35.0,1.0000000000000003e-05,2.0,0,0.0,0.0
SHAZ,2026-08-21,57.02000045776367,C,40.0,1.0000000000000003e-05,1.0,0,0.0,0.0
SHAZ,2026-08-21,57.02000045776367,C,45.0,1.0000000000000003e-05,8.0,0,0.0,0.0
SHAZ,2026-08-21,57.02000045776367,C,50.0,1.0000000000000003e-05,22.0,0,0.0,0.0
SHAZ,2026-08-21,57.02000045776367,C,55.0,1.0000000000000003e-05,82.0,0,0.0,0.0
SHAZ,2026-08-21,57.02000045776367,C,60.0,0.062509375,1536.0,0,0.0,0.0
SHAZ,2026-08-21,57.02000045776367,C,65.0,0.12500875,898.0,0,0.0,0.0
SHAZ,2026-08-21,57.02000045776367,C,70.0,0.2500075,7.0,0,0.0,0.0
SHAZ,2026-08-21,57.02000045776367,C,75.0,0.2500075,12.0,0,0.0,0.0
SHAZ,2026-08-21,57.02000045776367,C,80.0,0.2500075,21.0,0,0.0,0.0
SHAZ,2026-08-21,57.02000045776367,C,85.0,0.500005,6.0,0,0.0,0.0
SHAZ,2026-08-21,57.02000045776367,C,90.0,0.500005,20.0,0,0.0,0.0
SHAZ,2026-08-21,57.02000045776367,C,95.0,0.500005,9.0,0,0.0,0.0
SHAZ,2026-08-21,57.02000045776367,C,100.0,0.500005,21.0,0,0.0,0.0
SHAZ,2026-08-21,57.02000045776367,C,105.0,0.500005,13.0,0,0.0,0.0
SHAZ,2026-08-21,57.02000045776367,C,110.0,0.500005,1.0,0,0.0,0.0
SHAZ,2026-08-21,57.02000045776367,C,115.0,0.500005,4.0,0,0.0,0.0
SHAZ,2026-08-21,57.02000045776367,C,120.0,0.500005,13.0,0,0.0,0.0
SHAZ,2026-08-21,57.02000045776367,C,125.0,0.500005,1.0,0,0.0,0.0
SHAZ,2026-08-21,57.02000045776367,C,130.0,0.500005,1.0,0,0.0,0.0
SHAZ,2026-08-21,57.02000045776367,C,140.0,0.500005,1.0,0,0.0,0.0
SHAZ,2026-08-21,57.02000045776367,C,145.0,0.500005,1.0,0,0.0,0.0
SHAZ,2026-08-21,57.02000045776367,P,25.0,0.500005,,0,0.0,0.0
SHAZ,2026-08-21,57.02000045776367,P,35.0,0.500005,13.0,0,0.0,0.0
SHAZ,2026-08-21,57.02000045776367,P,40.0,0.500005,11.0,0,0.0,0.0
SHAZ,2026-08-21,57.02000045776367,P,45.0,0.2500075,40.0,0,0.0,0.0
SHAZ,2026-08-21,57.02000045776367,P,50.0,0.12500875,76.0,0,0.0,0.0
SHAZ,2026-08-21,57.02000045776367,P,55.0,0.062509375,102.0,0,0.0,0.0
SHAZ,2026-08-21,57.02000045776367,P,60.0,1.0000000000000003e-05,1.0,0,0.0,0.0
SHAZ,2026-08-21,57.02000045776367,P,65.0,1.0000000000000003e-05,2.0,0,0.0,0.0
SHAZ,2026-08-21,57.02000045776367,P,70.0,1.0000000000000003e-05,2.0,0,0.0,0.0
SHAZ,2026-08-21,57.02000045776367,P,75.0,1.0000000000000003e-05,2.0,0,0.0,0.0
SHAZ,2026-08-21,57.02000045776367,P,80.0,1.0000000000000003e-05,1.0,0,0.0,0.0
SHAZ,2026-08-21,57.02000045776367,P,85.0,1.0000000000000003e-05,1.0,0,0.0,0.0
SHAZ,2026-08-21,57.02000045776367,P,90.0,1.0000000000000003e-05,70.0,0,0.0,0.0
SHAZ,2026-08-21,57.02000045776367,P,110.0,1.0000000000000003e-05,4.0,0,0.0,0.0
SHAZ,2026-08-21,57.02000045776367,P,115.0,1.0000000000000003e-05,9.0,0,0.0,0.0
SHAZ,2026-08-21,57.02000045776367,P,120.0,1.0000000000000003e-05,,0,0.0,0.0
SHAZ,2026-08-21,57.02000045776367,P,125.0,1.0000000000000003e-05,,0,0.0,0.0
SHAZ,2026-08-21,57.02000045776367,P,145.0,1.0000000000000003e-05,,0,0.0,0.0
BHF,2026-08-21,61.86000061035156,C,55.0,0.92773509765625,1.0,8,6.6,10.9
BHF,2026-08-21,61.86000061035156,C,60.0,0.9772951489257813,1.0,14,4.0,7.9
BHF,2026-08-21,61.86000061035156,C,65.0,0.062509375,8.0,0,0.0,0.0
BHF,2026-08-21,61.86000061035156,C,70.0,0.38867798828125,2.0,59,0.0,0.15
BHF,2026-08-21,61.86000061035156,C,75.0,0.2500075,4.0,0,0.0,0.0
BHF,2026-08-21,61.86000061035156,P,30.0,1.5937520312499998,,1,0.0,0.15
BHF,2026-08-21,61.86000061035156,P,35.0,1.5625021874999998,1.0,2,0.0,0.5
BHF,2026-08-21,61.86000061035156,P,40.0,1.7714855175781248,202.0,254,0.0,2.15
BHF,2026-08-21,61.86000061035156,P,45.0,0.2500075,1.0,0,0.0,0.0
BHF,2026-08-21,61.86000061035156,P,50.0,0.2500075,40.0,0,0.0,0.0
BHF,2026-08-21,61.86000061035156,P,55.0,0.12500875,530.0,0,0.0,0.0
BHF,2026-08-21,61.86000061035156,P,60.0,0.0312596875,201.0,0,0.0,0.0
BHF,2026-08-21,61.86000061035156,P,65.0,1.0000000000000003e-05,20.0,0,0.0,0.0
BHF,2026-08-21,61.86000061035156,P,70.0,1.0000000000000003e-05,2.0,0,0.0,0.0
BHF,2026-08-21,61.86000061035156,P,75.0,1.0000000000000003e-05,15.0,0,0.0,0.0
BHF,2026-08-21,61.86000061035156,P,80.0,1.3002964672851558,,0,15.3,19.9
EVRG,2026-08-21,83.05999755859375,C,85.0,0.0312596875,6.0,0,0.0,0.0
EVRG,2026-08-21,83.05999755859375,C,87.5,0.062509375,8.0,0,0.0,0.0
EVRG,2026-08-21,83.05999755859375,C,90.0,0.12500875,3.0,0,0.0,0.0
EVRG,2026-08-21,83.05999755859375,C,92.5,0.12500875,11.0,0,0.0,0.0
EVRG,2026-08-21,83.05999755859375,P,60.0,0.2500075,1.0,0,0.0,0.0
EVRG,2026-08-21,83.05999755859375,P,65.0,0.2500075,1.0,0,0.0,0.0
EVRG,2026-08-21,83.05999755859375,P,75.0,0.12500875,1.0,0,0.0,0.0
EVRG,2026-08-21,83.05999755859375,P,77.5,0.062509375,2.0,0,0.0,0.0
EVRG,2026-08-21,83.05999755859375,P,80.0,0.062509375,6.0,0,0.0,0.0
EVRG,2026-08-21,83.05999755859375,P,82.5,0.007822421875,3.0,0,0.0,0.0
EVRG,2026-08-21,83.05999755859375,P,85.0,1.0000000000000003e-05,25.0,0,0.0,0.0
EVRG,2026-08-21,83.05999755859375,P,87.5,1.0000000000000003e-05,,0,0.0,0.0
CHGG,2026-08-21,1.0299999713897705,C,0.5,1.0000000000000003e-05,1.0,0,0.0,0.0
CHGG,2026-08-21,1.0299999713897705,C,1.0,1.0000000000000003e-05,3058.0,0,0.0,0.0
CHGG,2026-08-21,1.0299999713897705,C,1.5,0.500005,302.0,0,0.0,0.0
CHGG,2026-08-21,1.0299999713897705,C,2.0,0.500005,1.0,0,0.0,0.0
CHGG,2026-08-21,1.0299999713897705,C,2.5,0.500005,5.0,0,0.0,0.0
CHGG,2026-08-21,1.0299999713897705,C,3.0,0.500005,1.0,0,0.0,0.0
CHGG,2026-08-21,1.0299999713897705,C,4.0,0.500005,67.0,0,0.0,0.0
CHGG,2026-08-21,1.0299999713897705,C,5.0,0.500005,1.0,0,0.0,0.0
CHGG,2026-08-21,1.0299999713897705,P,0.5,0.500005,1.0,0,0.0,0.0
CHGG,2026-08-21,1.0299999713897705,P,1.0,0.062509375,1.0,0,0.0,0.0
CHGG,2026-08-21,1.0299999713897705,P,1.5,1.0000000000000003e-05,6.0,0,0.0,0.0
CHGG,2026-08-21,1.0299999713897705,P,2.0,1.0000000000000003e-05,,0,0.0,0.0
CHGG,2026-08-21,1.0299999713897705,P,3.0,1.0000000000000003e-05,20.0,0,0.0,0.0
CHGG,2026-08-21,1.0299999713897705,P,4.0,1.0000000000000003e-05,6.0,0,0.0,0.0
CHGG,2026-08-21,1.0299999713897705,P,5.0,1.0000000000000003e-05,6.0,0,0.0,0.0
MERC,2026-08-21,0.6800000071525574,C,1.0,0.500005,68.0,0,0.0,0.0
MERC,2026-08-21,0.6800000071525574,C,2.0,0.500005,1.0,0,0.0,0.0
MERC,2026-08-21,0.6800000071525574,C,3.0,5.062503671875,1.0,262,0.0,0.1
MERC,2026-08-21,0.6800000071525574,C,4.0,0.500005,1.0,0,0.0,0.0
MERC,2026-08-21,0.6800000071525574,P,1.0,2.43750390625,5.0,13,0.0,0.75
MERC,2026-08-21,0.6800000071525574,P,2.0,1.0000000000000003e-05,1.0,0,0.0,0.0
MERC,2026-08-21,0.6800000071525574,P,3.0,6.7187516015625,,0,1.75,2.45
MERC,2026-08-21,0.6800000071525574,P,4.0,11.9375025390625,,0,2.5,3.7
MERC,2026-08-21,0.6800000071525574,P,5.0,1.0000000000000003e-05,,0,0.0,0.0
MERC,2026-08-21,0.6800000071525574,P,6.0,0.0,,0,3.9,6.3
DAN,2026-08-21,28.020000457763672,C,14.0,3.8886721533203126,,3,11.6,15.7
DAN,2026-08-21,28.020000457763672,C,16.0,1.0000000000000003e-05,,0,0.0,0.0
DAN,2026-08-21,28.020000457763672,C,20.0,1.0000000000000003e-05,33.0,0,0.0,0.0
DAN,2026-08-21,28.020000457763672,C,24.0,1.0000000000000003e-05,1.0,0,0.0,0.0
DAN,2026-08-21,28.020000457763672,C,25.0,1.0000000000000003e-05,8.0,0,0.0,0.0
DAN,2026-08-21,28.020000457763672,C,26.0,1.0000000000000003e-05,2.0,0,0.0,0.0
DAN,2026-08-21,28.020000457763672,C,27.0,1.0000000000000003e-05,1.0,0,0.0,0.0
DAN,2026-08-21,28.020000457763672,C,28.0,1.0000000000000003e-05,10.0,0,0.0,0.0
DAN,2026-08-21,28.020000457763672,C,29.0,0.062509375,1.0,0,0.0,0.0
DAN,2026-08-21,28.020000457763672,C,30.0,0.062509375,2.0,0,0.0,0.0
DAN,2026-08-21,28.020000457763672,C,31.0,0.12500875,2.0,0,0.0,0.0
DAN,2026-08-21,28.020000457763672,C,32.0,0.12500875,1.0,0,0.0,0.0
DAN,2026-08-21,28.020000457763672,C,33.0,1.0332079589843752,1.0,16,0.0,1.7
DAN,2026-08-21,28.020000457763672,C,34.0,0.2500075,1.0,0,0.0,0.0
DAN,2026-08-21,28.020000457763672,C,35.0,1.1669963525390625,1.0,12,0.0,1.5
DAN,2026-08-21,28.020000457763672,C,37.0,1.0742233789062503,1.0,6,0.0,0.75
DAN,2026-08-21,28.020000457763672,C,38.0,1.1435589697265625,2.0,18,0.0,0.75
DAN,2026-08-21,28.020000457763672,C,39.0,0.500005,1.0,0,0.0,0.0
DAN,2026-08-21,28.020000457763672,C,40.0,0.8476577734374999,19.0,44,0.0,0.1
DAN,2026-08-21,28.020000457763672,C,41.0,0.500005,,0,0.0,0.0
DAN,2026-08-21,28.020000457763672,C,45.0,0.500005,4.0,0,0.0,0.0
DAN,2026-08-21,28.020000457763672,C,50.0,1.8007822460937497,5.0,163,0.0,0.75
DAN,2026-08-21,28.020000457763672,P,18.0,0.500005,,0,0.0,0.0
DAN,2026-08-21,28.020000457763672,P,19.0,0.500005,,0,0.0,0.0
DAN,2026-08-21,28.020000457763672,P,20.0,0.500005,7.0,0,0.0,0.0
DAN,2026-08-21,28.020000457763672,P,22.0,0.2500075,1.0,0,0.0,0.0
DAN,2026-08-21,28.020000457763672,P,23.0,0.2500075,1.0,0,0.0,0.0
DAN,2026-08-21,28.020000457763672,P,24.0,0.2500075,1.0,0,0.0,0.0
DAN,2026-08-21,28.020000457763672,P,25.0,0.12500875,8.0,0,0.0,0.0
DAN,2026-08-21,28.020000457763672,P,26.0,0.12500875,1.0,0,0.0,0.0
DAN,2026-08-21,28.020000457763672,P,27.0,0.062509375,4.0,0,0.0,0.0
DAN,2026-08-21,28.020000457763672,P,28.0,0.00196310546875,4.0,0,0.0,0.0
DAN,2026-08-21,28.020000457763672,P,29.0,1.0000000000000003e-05,2.0,0,0.0,0.0
DAN,2026-08-21,28.020000457763672,P,30.0,0.9179695703125,1.0,21,2.1,4.6
DAN,2026-08-21,28.020000457763672,P,31.0,0.9160164648437501,10.0,13,2.8,5.3
DAN,2026-08-21,28.020000457763672,P,32.0,0.805666005859375,1.0,5,3.6,5.6
DAN,2026-08-21,28.020000457763672,P,35.0,1.0000000000000003e-05,5.0,0,0.0,0.0
DAN,2026-08-21,28.020000457763672,P,36.0,1.3789093554687497,1.0,5,7.4,10.5
DAN,2026-08-21,28.020000457763672,P,37.0,1.4052764111328124,,0,8.3,11.4
DAN,2026-08-21,28.020000457763672,P,38.0,1.484377578125,1.0,1,9.3,12.4
DAN,2026-08-21,28.020000457763672,P,39.0,1.5595725146484374,,0,10.3,13.4
DAN,2026-08-21,28.020000457763672,P,41.0,1.0000000000000003e-05,1.0,1,5.4,7.1
DAN,2026-08-21,28.020000457763672,P,45.0,1.0000000000000003e-05,4.0,2,8.5,10.3
CLDX,2026-08-21,41.060001373291016,C,23.0,1.0000000000000003e-05,200.0,0,0.0,0.0
CLDX,2026-08-21,41.060001373291016,C,24.0,1.0000000000000003e-05,38.0,0,0.0,0.0
CLDX,2026-08-21,41.060001373291016,C,25.0,1.0000000000000003e-05,2.0,0,0.0,0.0
CLDX,2026-08-21,41.060001373291016,C,26.0,1.0000000000000003e-05,1.0,0,0.0,0.0
CLDX,2026-08-21,41.060001373291016,C,27.0,1.0000000000000003e-05,2.0,0,5.1,8.6
CLDX,2026-08-21,41.060001373291016,C,28.0,1.0000000000000003e-05,1.0,1,5.0,8.5
CLDX,2026-08-21,41.060001373291016,C,30.0,1.0000000000000003e-05,40.0,0,0.0,0.0
CLDX,2026-08-21,41.060001373291016,C,31.0,1.0000000000000003e-05,1.0,0,0.0,0.0
CLDX,2026-08-21,41.060001373291016,C,32.0,1.0000000000000003e-05,1.0,0,0.0,0.0
CLDX,2026-08-21,41.060001373291016,C,33.0,1.0000000000000003e-05,1.0,0,0.0,0.0
CLDX,2026-08-21,41.060001373291016,C,34.0,1.0000000000000003e-05,1.0,0,0.0,0.0
CLDX,2026-08-21,41.060001373291016,C,35.0,1.0000000000000003e-05,1.0,0,0.0,0.0
CLDX,2026-08-21,41.060001373291016,C,36.0,1.0000000000000003e-05,1.0,0,0.0,0.0
CLDX,2026-08-21,41.060001373291016,C,37.0,1.0000000000000003e-05,10.0,0,0.0,0.0
CLDX,2026-08-21,41.060001373291016,C,38.0,1.0000000000000003e-05,2.0,0,0.0,0.0
CLDX,2026-08-21,41.060001373291016,C,39.0,1.0000000000000003e-05,1.0,0,0.0,0.0
CLDX,2026-08-21,41.060001373291016,C,40.0,1.0000000000000003e-05,50.0,0,0.0,0.0
CLDX,2026-08-21,41.060001373291016,C,41.0,1.0000000000000003e-05,11.0,0,0.0,0.0
CLDX,2026-08-21,41.060001373291016,C,42.0,0.8798840136718749,1.0,2,0.0,2.6
CLDX,2026-08-21,41.060001373291016,C,43.0,0.7133817724609376,1.0,5,0.0,3.3
CLDX,2026-08-21,41.060001373291016,C,44.0,0.062509375,20.0,0,0.0,0.0
CLDX,2026-08-21,41.060001373291016,C,45.0,0.12500875,3.0,0,0.0,0.0
CLDX,2026-08-21,41.060001373291016,C,46.0,0.7729514892578125,,1,0.0,2.0
CLDX,2026-08-21,41.060001373291016,C,47.0,0.12500875,,0,0.0,0.0
CLDX,2026-08-21,41.060001373291016,C,49.0,0.2500075,1.0,0,0.0,0.0
CLDX,2026-08-21,41.060001373291016,C,50.0,0.2500075,1.0,0,0.0,0.0
CLDX,2026-08-21,41.060001373291016,C,55.0,0.2500075,4.0,0,0.0,0.0
CLDX,2026-08-21,41.060001373291016,P,15.0,0.500005,1.0,0,0.0,0.0
CLDX,2026-08-21,41.060001373291016,P,16.0,0.500005,1.0,0,0.0,0.0
CLDX,2026-08-21,41.060001373291016,P,17.0,0.500005,,0,0.0,0.0
CLDX,2026-08-21,41.060001373291016,P,18.0,0.500005,1.0,0,0.0,0.0
CLDX,2026-08-21,41.060001373291016,P,19.0,4.179692275390625,1.0,2,0.0,4.8
CLDX,2026-08-21,41.060001373291016,P,20.0,3.9580079174804688,1.0,2,0.0,4.8
CLDX,2026-08-21,41.060001373291016,P,21.0,0.500005,50.0,0,0.0,0.0
CLDX,2026-08-21,41.060001373291016,P,22.0,0.500005,1.0,0,0.0,0.0
CLDX,2026-08-21,41.060001373291016,P,23.0,0.500005,,0,0.0,0.0
CLDX,2026-08-21,41.060001373291016,P,24.0,0.500005,1.0,0,0.0,0.0
CLDX,2026-08-21,41.060001373291016,P,25.0,0.500005,1.0,0,0.0,0.0
CLDX,2026-08-21,41.060001373291016,P,26.0,0.500005,,0,0.0,0.0
CLDX,2026-08-21,41.060001373291016,P,27.0,0.500005,,0,0.0,0.0
CLDX,2026-08-21,41.060001373291016,P,28.0,0.500005,1.0,0,0.0,0.0
CLDX,2026-08-21,41.060001373291016,P,29.0,0.500005,1.0,0,0.0,0.0
CLDX,2026-08-21,41.060001373291016,P,30.0,1.3095737646484373,1.0,7,0.0,1.2
CLDX,2026-08-21,41.060001373291016,P,31.0,0.2500075,1.0,0,0.0,0.0
CLDX,2026-08-21,41.060001373291016,P,32.0,0.2500075,1.0,0,0.0,0.0
CLDX,2026-08-21,41.060001373291016,P,33.0,0.2500075,39.0,0,0.0,0.0
CLDX,2026-08-21,41.060001373291016,P,34.0,2.339359620361327,,1,3.6,4.9
CLDX,2026-08-21,41.060001373291016,P,35.0,2.3203166992187496,,1,3.3,6.0
CLDX,2026-08-21,41.060001373291016,P,36.0,0.12500875,1.0,0,0.0,0.0
CLDX,2026-08-21,41.060001373291016,P,37.0,0.12500875,1.0,0,0.0,0.0
AQN,2026-08-21,5.769999980926514,C,2.5,1.0000000000000003e-05,7.0,0,0.0,0.0
AQN,2026-08-21,5.769999980926514,C,5.0,1.0000000000000003e-05,15.0,0,0.0,0.0
AQN,2026-08-21,5.769999980926514,C,7.5,0.2500075,2.0,0,0.0,0.0
AQN,2026-08-21,5.769999980926514,C,10.0,0.500005,,0,0.0,0.0
AQN,2026-08-21,5.769999980926514,P,2.5,0.500005,1.0,0,0.0,0.0
AQN,2026-08-21,5.769999980926514,P,5.0,0.2500075,,0,0.0,0.0
AQN,2026-08-21,5.769999980926514,P,7.5,1.0000000000000003e-05,4.0,0,0.0,0.0
AQN,2026-08-21,5.769999980926514,P,10.0,1.0000000000000003e-05,2.0,0,0.0,0.0
GEO,2026-08-21,31.420000076293945,C,3.0,1.0000000000000003e-05,,0,0.0,0.0
GEO,2026-08-21,31.420000076293945,C,6.0,1.0000000000000003e-05,,0,0.0,0.0
GEO,2026-08-21,31.420000076293945,C,7.0,1.0000000000000003e-05,,0,0.0,0.0
GEO,2026-08-21,31.420000076293945,C,9.0,5.273440908203124,,1,20.8,23.5
GEO,2026-08-21,31.420000076293945,C,13.0,1.0000000000000003e-05,8.0,3,12.4,14.3
GEO,2026-08-21,31.420000076293945,C,14.0,1.0000000000000003e-05,2.0,1,12.2,13.3
GEO,2026-08-21,31.420000076293945,C,15.0,1.0000000000000003e-05,1.0,0,0.0,0.0
GEO,2026-08-21,31.420000076293945,C,16.0,1.0000000000000003e-05,1.0,0,0.0,0.0
GEO,2026-08-21,31.420000076293945,C,17.0,1.0000000000000003e-05,15.0,0,0.0,0.0
GEO,2026-08-21,31.420000076293945,C,18.0,1.0000000000000003e-05,2.0,0,0.0,0.0
GEO,2026-08-21,31.420000076293945,C,19.0,1.0000000000000003e-05,4.0,0,0.0,0.0
GEO,2026-08-21,31.420000076293945,C,20.0,1.0000000000000003e-05,20.0,0,0.0,0.0
GEO,2026-08-21,31.420000076293945,C,21.0,1.0000000000000003e-05,5.0,0,0.0,0.0
GEO,2026-08-21,31.420000076293945,C,22.0,1.0000000000000003e-05,13.0,0,0.0,0.0
GEO,2026-08-21,31.420000076293945,C,23.0,1.0000000000000003e-05,5.0,0,0.0,0.0
GEO,2026-08-21,31.420000076293945,C,24.0,1.0000000000000003e-05,1.0,0,0.0,0.0
GEO,2026-08-21,31.420000076293945,C,25.0,1.0000000000000003e-05,4.0,0,0.0,0.0
GEO,2026-08-21,31.420000076293945,C,26.0,1.0000000000000003e-05,1.0,0,0.0,0.0
GEO,2026-08-21,31.420000076293945,C,27.0,1.0000000000000003e-05,1.0,0,0.0,0.0
GEO,2026-08-21,31.420000076293945,C,28.0,1.0000000000000003e-05,20.0,0,0.0,0.0
GEO,2026-08-21,31.420000076293945,C,29.0,1.0000000000000003e-05,2500.0,0,0.0,0.0
GEO,2026-08-21,31.420000076293945,C,30.0,1.0000000000000003e-05,52.0,0,0.0,0.0
GEO,2026-08-21,31.420000076293945,C,31.0,1.0000000000000003e-05,49.0,0,0.0,0.0
GEO,2026-08-21,31.420000076293945,C,32.0,0.0312596875,2601.0,0,0.0,0.0
GEO,2026-08-21,31.420000076293945,C,33.0,0.062509375,2788.0,0,0.0,0.0
GEO,2026-08-21,31.420000076293945,C,34.0,0.12500875,1162.0,0,0.0,0.0
GEO,2026-08-21,31.420000076293945,C,35.0,0.12500875,31.0,0,0.0,0.0
GEO,2026-08-21,31.420000076293945,C,36.0,0.12500875,11.0,0,0.0,0.0
GEO,2026-08-21,31.420000076293945,C,37.0,0.2500075,10.0,0,0.0,0.0
GEO,2026-08-21,31.420000076293945,C,38.0,0.2500075,1.0,0,0.0,0.0
GEO,2026-08-21,31.420000076293945,C,39.0,0.2500075,4.0,0,0.0,0.0
GEO,2026-08-21,31.420000076293945,C,40.0,0.2500075,1052.0,0,0.0,0.0
GEO,2026-08-21,31.420000076293945,P,4.0,0.500005,,0,0.0,0.0
GEO,2026-08-21,31.420000076293945,P,5.0,0.500005,,0,0.0,0.0
GEO,2026-08-21,31.420000076293945,P,6.0,0.500005,1.0,0,0.0,0.0
GEO,2026-08-21,31.420000076293945,P,7.0,0.500005,,0,0.0,0.0
GEO,2026-08-21,31.420000076293945,P,8.0,0.500005,,0,0.0,0.0
GEO,2026-08-21,31.420000076293945,P,11.0,3.2578143554687498,,5,0.0,0.65
GEO,2026-08-21,31.420000076293945,P,12.0,2.156254609375,5.0,44,0.0,0.1
GEO,2026-08-21,31.420000076293945,P,13.0,2.832034169921875,,3,0.0,0.7
GEO,2026-08-21,31.420000076293945,P,14.0,2.6230503173828126,,3,0.0,0.7
GEO,2026-08-21,31.420000076293945,P,15.0,0.500005,1.0,0,0.0,0.0
GEO,2026-08-21,31.420000076293945,P,16.0,0.500005,,0,0.0,0.0
GEO,2026-08-21,31.420000076293945,P,17.0,1.4296903515625,6.0,40,0.0,0.1
GEO,2026-08-21,31.420000076293945,P,18.0,1.3046909765624997,6.0,38,0.0,0.1
GEO,2026-08-21,31.420000076293945,P,19.0,0.500005,2.0,0,0.0,0.0
GEO,2026-08-21,31.420000076293945,P,20.0,0.500005,1.0,0,0.0,0.0
GEO,2026-08-21,31.420000076293945,P,21.0,0.500005,10.0,0,0.0,0.0
GEO,2026-08-21,31.420000076293945,P,22.0,0.500005,2.0,0,0.0,0.0
GEO,2026-08-21,31.420000076293945,P,23.0,0.2500075,2.0,0,0.0,0.0
GEO,2026-08-21,31.420000076293945,P,24.0,0.2500075,2.0,0,0.0,0.0
GEO,2026-08-21,31.420000076293945,P,25.0,0.2500075,1.0,0,0.0,0.0
GEO,2026-08-21,31.420000076293945,P,26.0,0.2500075,2.0,0,0.0,0.0
GEO,2026-08-21,31.420000076293945,P,27.0,0.2500075,5.0,0,0.0,0.0
GEO,2026-08-21,31.420000076293945,P,28.0,0.12500875,78.0,0,0.0,0.0
GEO,2026-08-21,31.420000076293945,P,29.0,0.12500875,24.0,0,0.0,0.0
GEO,2026-08-21,31.420000076293945,P,30.0,0.062509375,84.0,0,0.0,0.0
GEO,2026-08-21,31.420000076293945,P,31.0,0.015634843750000002,116.0,0,0.0,0.0
GEO,2026-08-21,31.420000076293945,P,32.0,1.0000000000000003e-05,10.0,0,0.0,0.0
GEO,2026-08-21,31.420000076293945,P,33.0,0.8652357226562499,2.0,1,3.0,3.4
GEO,2026-08-21,31.420000076293945,P,34.0,1.0000000000000003e-05,,0,0.0,0.0
GEO,2026-08-21,31.420000076293945,P,35.0,1.0000000000000003e-05,6.0,0,0.0,0.0
GEO,2026-08-21,31.420000076293945,P,36.0,1.0000000000000003e-05,,0,0.0,0.0
GEO,2026-08-21,31.420000076293945,P,37.0,1.0000000000000003e-05,,0,0.0,0.0
GEO,2026-08-21,31.420000076293945,P,38.0,1.0000000000000003e-05,,0,0.0,0.0
BLNK,2026-08-21,0.5540000200271606,C,0.5,1.0000000000000003e-05,3.0,0,0.0,0.0
BLNK,2026-08-21,0.5540000200271606,C,1.0,0.500005,102.0,0,0.0,0.0
BLNK,2026-08-21,0.5540000200271606,C,1.5,0.500005,41.0,0,0.0,0.0
BLNK,2026-08-21,0.5540000200271606,C,2.0,0.500005,,0,0.0,0.0
BLNK,2026-08-21,0.5540000200271606,P,0.5,0.2500075,2.0,0,0.0,0.0
BLNK,2026-08-21,0.5540000200271606,P,1.0,1.0000000000000003e-05,3.0,0,0.0,0.0
BLNK,2026-08-21,0.5540000200271606,P,1.5,1.0000000000000003e-05,,0,0.0,0.0
BLNK,2026-08-21,0.5540000200271606,P,2.0,1.0000000000000003e-05,,0,0.0,0.0
CNTY,2026-08-21,1.190000057220459,C,2.5,0.500005,,0.0,0.0,0.0
SG,2026-08-07,6.099999904632568,C,3.0,1.0000000000000003e-05,5,0,0.0,0.0
SG,2026-08-07,6.099999904632568,C,3.5,1.0000000000000003e-05,1,0,0.0,0.0
SG,2026-08-07,6.099999904632568,C,4.0,1.0000000000000003e-05,1,0,0.0,0.0
SG,2026-08-07,6.099999904632568,C,4.5,1.0000000000000003e-05,6,0,0.0,0.0
SG,2026-08-07,6.099999904632568,C,5.0,1.0000000000000003e-05,145,0,0.0,0.0
SG,2026-08-07,6.099999904632568,C,5.5,1.0000000000000003e-05,141,0,0.0,0.0
SG,2026-08-07,6.099999904632568,C,6.0,1.0000000000000003e-05,473,0,0.0,0.0
SG,2026-08-07,6.099999904632568,C,6.5,0.2500075,292,0,0.0,0.0
SG,2026-08-07,6.099999904632568,C,7.0,0.500005,290,0,0.0,0.0
SG,2026-08-07,6.099999904632568,C,7.5,0.500005,343,0,0.0,0.0
SG,2026-08-07,6.099999904632568,C,8.0,0.500005,149,0,0.0,0.0
SG,2026-08-07,6.099999904632568,C,8.5,0.500005,1201,0,0.0,0.0
SG,2026-08-07,6.099999904632568,C,9.0,0.500005,74,0,0.0,0.0
SG,2026-08-07,6.099999904632568,C,9.5,0.500005,98,0,0.0,0.0
SG,2026-08-07,6.099999904632568,C,10.0,0.500005,1,0,0.0,0.0
SG,2026-08-07,6.099999904632568,C,10.5,0.500005,1,0,0.0,0.0
SG,2026-08-07,6.099999904632568,C,11.0,0.500005,8,0,0.0,0.0
SG,2026-08-07,6.099999904632568,C,11.5,0.500005,2,0,0.0,0.0
SG,2026-08-07,6.099999904632568,C,12.0,0.500005,1,0,0.0,0.0
SG,2026-08-07,6.099999904632568,C,12.5,0.500005,2,0,0.0,0.0
SG,2026-08-07,6.099999904632568,C,13.0,0.500005,10,0,0.0,0.0
SG,2026-08-07,6.099999904632568,C,17.0,0.500005,2,0,0.0,0.0
SG,2026-08-07,6.099999904632568,P,3.0,0.500005,4,0,0.0,0.0
SG,2026-08-07,6.099999904632568,P,3.5,0.500005,4,0,0.0,0.0
SG,2026-08-07,6.099999904632568,P,4.0,0.500005,1,0,0.0,0.0
SG,2026-08-07,6.099999904632568,P,4.5,0.500005,125,0,0.0,0.0
SG,2026-08-07,6.099999904632568,P,5.0,0.500005,132,0,0.0,0.0
SG,2026-08-07,6.099999904632568,P,5.5,0.500005,314,0,0.0,0.0
SG,2026-08-07,6.099999904632568,P,6.0,0.12500875,111,0,0.0,0.0
SG,2026-08-07,6.099999904632568,P,6.5,1.0000000000000003e-05,61,0,0.0,0.0
SG,2026-08-07,6.099999904632568,P,7.0,1.0000000000000003e-05,2,0,0.0,0.0
SG,2026-08-07,6.099999904632568,P,7.5,1.0000000000000003e-05,2,0,0.0,0.0
SG,2026-08-07,6.099999904632568,P,8.0,1.0000000000000003e-05,1,0,0.0,0.0
SG,2026-08-07,6.099999904632568,P,8.5,1.0000000000000003e-05,1,0,0.0,0.0
SG,2026-08-07,6.099999904632568,P,9.0,1.0000000000000003e-05,4,0,0.0,0.0
SG,2026-08-07,6.099999904632568,P,9.5,1.0000000000000003e-05,2,0,0.0,0.0
SG,2026-08-07,6.099999904632568,P,11.5,1.0000000000000003e-05,3,0,0.0,0.0
SG,2026-08-07,6.099999904632568,P,12.5,1.0000000000000003e-05,2,0,0.0,0.0
SG,2026-08-07,6.099999904632568,P,13.0,1.0000000000000003e-05,8,0,0.0,0.0
SG,2026-08-07,6.099999904632568,P,14.0,1.0000000000000003e-05,2,0,0.0,0.0
SG,2026-08-07,6.099999904632568,P,15.0,1.0000000000000003e-05,2,0,0.0,0.0
SG,2026-08-07,6.099999904632568,P,16.0,1.0000000000000003e-05,1,0,0.0,0.0
SG,2026-08-07,6.099999904632568,P,17.0,1.0000000000000003e-05,2,0,0.0,0.0
RLAY,2026-08-21,19.690000534057617,C,7.0,1.0000000000000003e-05,17.0,0,0.0,0.0
RLAY,2026-08-21,19.690000534057617,C,11.0,1.0000000000000003e-05,16.0,0,0.0,0.0
RLAY,2026-08-21,19.690000534057617,C,15.0,1.0000000000000003e-05,,0,0.0,0.0
RLAY,2026-08-21,19.690000534057617,C,16.0,1.0000000000000003e-05,3.0,0,0.0,0.0
RLAY,2026-08-21,19.690000534057617,C,17.0,1.0000000000000003e-05,42.0,0,0.0,0.0
RLAY,2026-08-21,19.690000534057617,C,18.0,1.0000000000000003e-05,1.0,0,0.0,0.0
RLAY,2026-08-21,19.690000534057617,C,19.0,1.0000000000000003e-05,1.0,0,0.0,0.0
RLAY,2026-08-21,19.690000534057617,C,20.0,0.0312596875,5.0,0,0.0,0.0
RLAY,2026-08-21,19.690000534057617,C,21.0,0.062509375,2.0,0,0.0,0.0
RLAY,2026-08-21,19.690000534057617,C,22.0,0.12500875,1.0,0,0.0,0.0
RLAY,2026-08-21,19.690000534057617,C,23.0,0.2500075,43.0,0,0.0,0.0
RLAY,2026-08-21,19.690000534057617,C,24.0,0.2500075,2.0,0,0.0,0.0
RLAY,2026-08-21,19.690000534057617,C,25.0,0.2500075,,0,0.0,0.0
RLAY,2026-08-21,19.690000534057617,C,28.0,0.500005,30.0,0,0.0,0.0
RLAY,2026-08-21,19.690000534057617,P,7.0,0.500005,20.0,0,0.0,0.0
RLAY,2026-08-21,19.690000534057617,P,13.0,0.500005,,0,0.0,0.0
RLAY,2026-08-21,19.690000534057617,P,15.0,0.2500075,10.0,0,0.0,0.0
RLAY,2026-08-21,19.690000534057617,P,16.0,0.2500075,2.0,0,0.0,0.0
RLAY,2026-08-21,19.690000534057617,P,17.0,0.2500075,42.0,0,0.0,0.0
RLAY,2026-08-21,19.690000534057617,P,18.0,0.12500875,80.0,0,0.0,0.0
RLAY,2026-08-21,19.690000534057617,P,19.0,0.062509375,3.0,0,0.0,0.0
RLAY,2026-08-21,19.690000534057617,P,20.0,1.0000000000000003e-05,20.0,0,0.0,0.0
RLAY,2026-08-21,19.690000534057617,P,25.0,1.0000000000000003e-05,,0,0.0,0.0
AGEN,2026-08-21,7.78000020980835,C,1.0,1.0000000000000003e-05,8.0,0,0.0,0.0
AGEN,2026-08-21,7.78000020980835,C,2.0,1.0000000000000003e-05,20.0,0,0.0,0.0
AGEN,2026-08-21,7.78000020980835,C,3.0,1.0000000000000003e-05,1.0,0,0.0,0.0
AGEN,2026-08-21,7.78000020980835,C,4.0,1.0000000000000003e-05,1.0,0,0.0,0.0
AGEN,2026-08-21,7.78000020980835,C,5.0,1.0000000000000003e-05,1.0,0,0.0,0.0
AGEN,2026-08-21,7.78000020980835,C,6.0,1.0000000000000003e-05,19.0,0,0.0,0.0
AGEN,2026-08-21,7.78000020980835,C,7.0,1.0000000000000003e-05,63.0,0,0.0,0.0
AGEN,2026-08-21,7.78000020980835,C,8.0,0.062509375,154.0,0,0.0,0.0
AGEN,2026-08-21,7.78000020980835,C,9.0,0.2500075,45.0,0,0.0,0.0
AGEN,2026-08-21,7.78000020980835,C,10.0,0.2500075,6.0,0,0.0,0.0
AGEN,2026-08-21,7.78000020980835,C,12.0,0.500005,,0,0.0,0.0
AGEN,2026-08-21,7.78000020980835,C,14.0,0.500005,,0,0.0,0.0
AGEN,2026-08-21,7.78000020980835,C,15.0,0.500005,,0,0.0,0.0
AGEN,2026-08-21,7.78000020980835,C,16.0,0.500005,5.0,0,0.0,0.0
AGEN,2026-08-21,7.78000020980835,P,1.0,0.500005,3.0,0,0.0,0.0
AGEN,2026-08-21,7.78000020980835,P,2.0,0.500005,4.0,0,0.0,0.0
AGEN,2026-08-21,7.78000020980835,P,3.0,0.500005,26.0,0,0.0,0.0
AGEN,2026-08-21,7.78000020980835,P,4.0,0.500005,5.0,0,0.0,0.0
AGEN,2026-08-21,7.78000020980835,P,5.0,0.500005,6.0,0,0.0,0.0
AGEN,2026-08-21,7.78000020980835,P,6.0,0.2500075,9.0,0,0.0,0.0
AGEN,2026-08-21,7.78000020980835,P,7.0,0.12500875,689.0,0,0.0,0.0
AGEN,2026-08-21,7.78000020980835,P,8.0,1.0000000000000003e-05,9.0,0,0.0,0.0
AGEN,2026-08-21,7.78000020980835,P,10.0,1.0000000000000003e-05,,0,0.0,0.0
AGEN,2026-08-21,7.78000020980835,P,11.0,1.0000000000000003e-05,,0,0.0,0.0
PDYN,2026-08-21,5.96999979019165,C,1.0,1.0000000000000003e-05,2.0,0,0.0,0.0
PDYN,2026-08-21,5.96999979019165,C,2.0,1.0000000000000003e-05,,0,0.0,0.0
PDYN,2026-08-21,5.96999979019165,C,4.0,1.0000000000000003e-05,10.0,0,0.0,0.0
PDYN,2026-08-21,5.96999979019165,C,5.0,1.0000000000000003e-05,14.0,0,0.0,0.0
PDYN,2026-08-21,5.96999979019165,C,6.0,0.015634843750000002,76.0,0,0.0,0.0
PDYN,2026-08-21,5.96999979019165,C,7.0,0.2500075,19.0,0,0.0,0.0
PDYN,2026-08-21,5.96999979019165,C,8.0,0.500005,15.0,0,0.0,0.0
PDYN,2026-08-21,5.96999979019165,C,9.0,0.500005,1.0,0,0.0,0.0
PDYN,2026-08-21,5.96999979019165,C,10.0,0.500005,3.0,0,0.0,0.0
PDYN,2026-08-21,5.96999979019165,C,11.0,0.500005,1.0,0,0.0,0.0
PDYN,2026-08-21,5.96999979019165,C,12.0,0.500005,1.0,0,0.0,0.0
PDYN,2026-08-21,5.96999979019165,P,1.0,0.500005,,0,0.0,0.0
PDYN,2026-08-21,5.96999979019165,P,2.0,0.500005,14.0,0,0.0,0.0
PDYN,2026-08-21,5.96999979019165,P,3.0,0.500005,1.0,0,0.0,0.0
PDYN,2026-08-21,5.96999979019165,P,4.0,0.500005,2.0,0,0.0,0.0
PDYN,2026-08-21,5.96999979019165,P,5.0,0.2500075,13.0,0,0.0,0.0
PDYN,2026-08-21,5.96999979019165,P,6.0,1.0000000000000003e-05,10.0,0,0.0,0.0
PDYN,2026-08-21,5.96999979019165,P,7.0,1.0000000000000003e-05,3.0,0,0.0,0.0
PDYN,2026-08-21,5.96999979019165,P,8.0,1.0000000000000003e-05,5.0,0,0.0,0.0
PDYN,2026-08-21,5.96999979019165,P,9.0,1.0000000000000003e-05,1.0,0,0.0,0.0
CTEV,2026-08-21,26.1299991607666,C,20.0,1.0000000000000003e-05,,0,0.0,0.0
CTEV,2026-08-21,26.1299991607666,C,30.0,0.12500875,1.0,0,0.0,0.0
CTEV,2026-08-21,26.1299991607666,C,35.0,0.2500075,2.0,0,0.0,0.0
CTEV,2026-08-21,26.1299991607666,C,40.0,0.500005,1.0,0,0.0,0.0
CTEV,2026-08-21,26.1299991607666,C,45.0,0.500005,1.0,0,0.0,0.0
CTEV,2026-08-21,26.1299991607666,C,50.0,0.500005,28.0,0,0.0,0.0
CTEV,2026-08-21,26.1299991607666,P,12.5,0.500005,,0,0.0,0.0
CTEV,2026-08-21,26.1299991607666,P,15.0,0.500005,71.0,0,0.0,0.0
CTEV,2026-08-21,26.1299991607666,P,17.5,0.500005,37.0,0,0.0,0.0
CTEV,2026-08-21,26.1299991607666,P,20.0,0.2500075,50.0,0,0.0,0.0
CTEV,2026-08-21,26.1299991607666,P,22.5,0.2500075,1.0,0,0.0,0.0
CTEV,2026-08-21,26.1299991607666,P,25.0,0.062509375,32.0,0,0.0,0.0
CTEV,2026-08-21,26.1299991607666,P,30.0,1.0000000000000003e-05,1.0,0,0.0,0.0
AES,2026-08-07,14.699999809265137,C,5.0,1.0000000000000003e-05,,0,0.0,0.0
AES,2026-08-07,14.699999809265137,C,6.0,1.0000000000000003e-05,,0,0.0,0.0
AES,2026-08-07,14.699999809265137,C,12.5,1.0000000000000003e-05,,0,0.0,0.0
AES,2026-08-07,14.699999809265137,C,13.5,1.0000000000000003e-05,,0,0.0,0.0
AES,2026-08-07,14.699999809265137,C,14.0,1.0000000000000003e-05,1.0,0,0.0,0.0
AES,2026-08-07,14.699999809265137,C,14.5,1.0000000000000003e-05,1.0,0,0.0,0.0
AES,2026-08-07,14.699999809265137,C,15.0,0.12500875,82.0,0,0.0,0.0
AES,2026-08-07,14.699999809265137,P,13.0,0.500005,1.0,0,0.0,0.0
AES,2026-08-07,14.699999809265137,P,14.0,0.2500075,1.0,0,0.0,0.0
AES,2026-08-07,14.699999809265137,P,14.5,0.062509375,21.0,0,0.0,0.0
AES,2026-08-07,14.699999809265137,P,15.0,1.0000000000000003e-05,6.0,0,0.0,0.0
AES,2026-08-07,14.699999809265137,P,20.0,1.0000000000000003e-05,2.0,0,0.0,0.0
AES,2026-08-07,14.699999809265137,P,24.0,1.0000000000000003e-05,4.0,0,0.0,0.0
AES,2026-08-07,14.699999809265137,P,25.0,1.0000000000000003e-05,2.0,0,0.0,0.0
SLVM,2026-08-21,38.72999954223633,C,35.0,1.0000000000000003e-05,10.0,0,0.0,0.0
SLVM,2026-08-21,38.72999954223633,C,37.5,1.0000000000000003e-05,10.0,0,0.0,0.0
SLVM,2026-08-21,38.72999954223633,C,40.0,0.0312596875,1.0,0,0.0,0.0
SLVM,2026-08-21,38.72999954223633,C,42.5,0.12500875,3.0,0,0.0,0.0
SLVM,2026-08-21,38.72999954223633,C,45.0,0.12500875,1.0,0,0.0,0.0
SLVM,2026-08-21,38.72999954223633,C,47.5,1.0410204199218753,1.0,13,0.0,1.75
SLVM,2026-08-21,38.72999954223633,C,50.0,0.2500075,1.0,0,0.0,0.0
SLVM,2026-08-21,38.72999954223633,C,52.5,0.2500075,6.0,0,0.0,0.0
SLVM,2026-08-21,38.72999954223633,C,55.0,1.4609401953124999,2.0,34,0.0,1.75
SLVM,2026-08-21,38.72999954223633,C,57.5,1.4677760986328123,1.0,2,0.0,1.35
SLVM,2026-08-21,38.72999954223633,C,60.0,0.500005,1.0,0,0.0,0.0
SLVM,2026-08-21,38.72999954223633,C,65.0,0.500005,1.0,0,0.0,0.0
SLVM,2026-08-21,38.72999954223633,C,70.0,0.500005,1.0,0,0.0,0.0
SLVM,2026-08-21,38.72999954223633,C,75.0,0.500005,1.0,0,0.0,0.0
SLVM,2026-08-21,38.72999954223633,P,20.0,0.500005,2.0,0,0.0,0.0
SLVM,2026-08-21,38.72999954223633,P,25.0,0.500005,,0,0.0,0.0
SLVM,2026-08-21,38.72999954223633,P,27.5,0.500005,5.0,0,0.0,0.0
SLVM,2026-08-21,38.72999954223633,P,30.0,0.2500075,2.0,0,0.0,0.0
SLVM,2026-08-21,38.72999954223633,P,32.5,0.2500075,1.0,0,0.0,0.0
SLVM,2026-08-21,38.72999954223633,P,35.0,0.12500875,13.0,0,0.0,0.0
SLVM,2026-08-21,38.72999954223633,P,37.5,0.0312596875,1.0,0,0.0,0.0
SLVM,2026-08-21,38.72999954223633,P,40.0,0.8510757080078125,6.0,127,2.05,4.9
SLVM,2026-08-21,38.72999954223633,P,42.5,0.711916943359375,100.0,200,3.0,6.5
SLVM,2026-08-21,38.72999954223633,P,45.0,1.0000000000000003e-05,1.0,0,0.0,0.0
SLVM,2026-08-21,38.72999954223633,P,47.5,1.0000000000000003e-05,60.0,0,0.0,0.0
SLVM,2026-08-21,38.72999954223633,P,50.0,1.0000000000000003e-05,,0,0.0,0.0
SLVM,2026-08-21,38.72999954223633,P,55.0,1.0000000000000003e-05,,0,0.0,0.0
SLVM,2026-08-21,38.72999954223633,P,57.5,1.0000000000000003e-05,,2,14.3,18.0
RGNX,2026-08-21,10.5,C,5.0,1.0000000000000003e-05,10.0,0,0.0,0.0
RGNX,2026-08-21,10.5,C,9.0,1.0000000000000003e-05,5.0,0,0.0,0.0
RGNX,2026-08-21,10.5,C,10.0,1.0000000000000003e-05,17.0,0,0.0,0.0
RGNX,2026-08-21,10.5,C,11.0,0.062509375,2.0,0,0.0,0.0
RGNX,2026-08-21,10.5,C,12.0,0.12500875,4.0,0,0.0,0.0
RGNX,2026-08-21,10.5,C,13.0,0.2500075,10.0,0,0.0,0.0
RGNX,2026-08-21,10.5,C,14.0,0.2500075,2.0,0,0.0,0.0
RGNX,2026-08-21,10.5,C,15.0,0.500005,11.0,0,0.0,0.0
RGNX,2026-08-21,10.5,C,16.0,0.500005,7.0,0,0.0,0.0
RGNX,2026-08-21,10.5,C,17.0,0.500005,1.0,0,0.0,0.0
RGNX,2026-08-21,10.5,C,20.0,0.500005,,0,0.0,0.0
RGNX,2026-08-21,10.5,C,25.0,0.500005,,0,0.0,0.0
RGNX,2026-08-21,10.5,P,5.0,0.500005,6.0,0,0.0,0.0
RGNX,2026-08-21,10.5,P,6.0,0.500005,2.0,0,0.0,0.0
RGNX,2026-08-21,10.5,P,7.0,0.500005,1.0,0,0.0,0.0
RGNX,2026-08-21,10.5,P,8.0,0.2500075,20.0,0,0.0,0.0
RGNX,2026-08-21,10.5,P,9.0,0.2500075,1.0,0,0.0,0.0
RGNX,2026-08-21,10.5,P,10.0,0.062509375,10.0,0,0.0,0.0
RGNX,2026-08-21,10.5,P,11.0,1.0000000000000003e-05,,0,0.0,0.0
RGNX,2026-08-21,10.5,P,12.0,1.0000000000000003e-05,4.0,0,0.0,0.0
RGNX,2026-08-21,10.5,P,14.0,1.0000000000000003e-05,3.0,0,0.0,0.0
RGNX,2026-08-21,10.5,P,15.0,1.0000000000000003e-05,10.0,0,0.0,0.0
MAIN,2026-08-21,56.11000061035156,C,39.7,1.0000000000000003e-05,2.0,0.0,0.0,0.0
MAIN,2026-08-21,56.11000061035156,C,44.7,1.0000000000000003e-05,12.0,0.0,0.0,0.0
MAIN,2026-08-21,56.11000061035156,C,49.7,1.0000000000000003e-05,8.0,0.0,0.0,0.0
MAIN,2026-08-21,56.11000061035156,C,54.7,1.0000000000000003e-05,39.0,0.0,0.0,0.0
MAIN,2026-08-21,56.11000061035156,C,59.7,0.062509375,12.0,0.0,0.0,0.0
MAIN,2026-08-21,56.11000061035156,C,60.0,0.485356708984375,3.0,,0.05,0.9
MAIN,2026-08-21,56.11000061035156,C,64.7,0.12500875,2.0,0.0,0.0,0.0
MAIN,2026-08-21,56.11000061035156,C,69.7,0.2500075,2.0,0.0,0.0,0.0
MAIN,2026-08-21,56.11000061035156,C,74.7,0.2500075,,0.0,0.0,0.0
MAIN,2026-08-21,56.11000061035156,P,29.7,0.500005,1.0,0.0,0.0,0.0
MAIN,2026-08-21,56.11000061035156,P,39.7,1.2753942480468747,,1.0,0.0,1.15
MAIN,2026-08-21,56.11000061035156,P,40.0,1.1064497802734377,1.0,,0.1,0.6
MAIN,2026-08-21,56.11000061035156,P,44.7,0.2500075,1.0,0.0,0.0,0.0
MAIN,2026-08-21,56.11000061035156,P,49.7,0.12500875,26.0,0.0,0.0,0.0
MAIN,2026-08-21,56.11000061035156,P,50.0,0.9750979052734375,5.0,,1.6,2.25
MAIN,2026-08-21,56.11000061035156,P,54.7,0.0312596875,111.0,0.0,0.0,0.0
MAIN,2026-08-21,56.11000061035156,P,55.0,1.218265627441406,11.0,,3.1,7.1
MAIN,2026-08-21,56.11000061035156,P,59.7,1.0000000000000003e-05,1.0,0.0,0.0,0.0
MAIN,2026-08-21,56.11000061035156,P,64.7,1.0000000000000003e-05,7.0,0.0,0.0,0.0
QRHC,2026-08-21,1.2599999904632568,C,2.5,0.500005,290.0,0.0,0.0,0.0
QRHC,2026-08-21,1.2599999904632568,C,5.0,0.500005,1.0,0.0,0.0,0.0
QRHC,2026-08-21,1.2599999904632568,C,7.5,6.4062519921875,,1.0,0.0,0.3
WHWK,2026-08-21,4.070000171661377,C,5.0,7.585938017578126,3.0,6,0.0,4.3
WHWK,2026-08-21,4.070000171661377,P,5.0,1.0000000000000003e-05,,0,0.0,0.0
FGNX,2026-08-21,7.820000171661377,C,2.5,1.0000000000000003e-05,1.0,2,0.0,0.0
FGNX,2026-08-21,7.820000171661377,C,5.0,1.0000000000000003e-05,5.0,0,0.0,0.0
FGNX,2026-08-21,7.820000171661377,C,7.5,2.3437541406249993,1.0,1,0.0,3.3
FGNX,2026-08-21,7.820000171661377,C,10.0,0.2500075,15.0,0,0.0,0.0
FGNX,2026-08-21,7.820000171661377,C,12.5,0.500005,,0,0.0,0.0
FGNX,2026-08-21,7.820000171661377,C,15.0,0.500005,10.0,0,0.0,0.0
FGNX,2026-08-21,7.820000171661377,P,2.5,0.500005,10.0,0,0.0,0.0
GTN,2026-08-21,4.349999904632568,C,2.5,1.0000000000000003e-05,2.0,0,0.0,0.0
GTN,2026-08-21,4.349999904632568,C,5.0,0.2500075,254.0,0,0.0,0.0
GTN,2026-08-21,4.349999904632568,C,7.5,0.500005,2.0,0,0.0,0.0
GTN,2026-08-21,4.349999904632568,C,10.0,0.500005,1.0,0,0.0,0.0
GTN,2026-08-21,4.349999904632568,P,2.5,0.500005,,0,0.0,0.0
GTN,2026-08-21,4.349999904632568,P,5.0,1.0000000000000003e-05,10.0,0,0.0,0.0
GTN,2026-08-21,4.349999904632568,P,7.5,1.0000000000000003e-05,4.0,0,0.0,0.0
GTN,2026-08-21,4.349999904632568,P,10.0,1.0000000000000003e-05,4.0,0,0.0,0.0
ZLAB,2026-08-21,18.3700008392334,C,17.5,1.0000000000000003e-05,11.0,0,0.0,0.0
ZLAB,2026-08-21,18.3700008392334,C,20.0,0.12500875,5.0,0,0.0,0.0
ZLAB,2026-08-21,18.3700008392334,C,22.5,0.2500075,1.0,0,0.0,0.0
ZLAB,2026-08-21,18.3700008392334,C,25.0,0.2500075,2.0,0,0.0,0.0
ZLAB,2026-08-21,18.3700008392334,C,30.0,0.500005,,0,0.0,0.0
ZLAB,2026-08-21,18.3700008392334,C,35.0,0.500005,,0,0.0,0.0
ZLAB,2026-08-21,18.3700008392334,P,2.5,0.500005,8.0,0,0.0,0.0
ZLAB,2026-08-21,18.3700008392334,P,12.5,0.500005,,0,0.0,0.0
ZLAB,2026-08-21,18.3700008392334,P,15.0,0.2500075,1.0,0,0.0,0.0
ZLAB,2026-08-21,18.3700008392334,P,17.5,0.062509375,2.0,0,0.0,0.0
ZLAB,2026-08-21,18.3700008392334,P,20.0,1.0000000000000003e-05,22.0,0,0.0,0.0
ZLAB,2026-08-21,18.3700008392334,P,22.5,1.0000000000000003e-05,12.0,0,0.0,0.0
KELYA,2026-08-21,15.220000267028809,C,2.5,8.437504726562498,2.0,8,10.4,13.4
KELYA,2026-08-21,15.220000267028809,C,5.0,4.6093792382812495,4.0,3,8.3,10.7
KELYA,2026-08-21,15.220000267028809,C,10.0,1.0000000000000003e-05,50.0,0,0.0,0.0
KELYA,2026-08-21,15.220000267028809,C,12.5,1.0000000000000003e-05,30.0,0,0.0,0.0
KELYA,2026-08-21,15.220000267028809,C,15.0,1.0000000000000003e-05,61.0,0,0.0,0.0
KELYA,2026-08-21,15.220000267028809,C,17.5,0.12500875,8.0,0,0.0,0.0
KELYA,2026-08-21,15.220000267028809,C,22.5,0.500005,6.0,0,0.0,0.0
KELYA,2026-08-21,15.220000267028809,P,2.5,0.500005,6.0,0,0.0,0.0
KELYA,2026-08-21,15.220000267028809,P,5.0,0.500005,261.0,0,0.0,0.0
KELYA,2026-08-21,15.220000267028809,P,7.5,0.500005,2.0,0,0.0,0.0
KELYA,2026-08-21,15.220000267028809,P,10.0,0.500005,65.0,0,0.0,0.0
KELYA,2026-08-21,15.220000267028809,P,12.5,0.2500075,,0,0.0,0.0
KDK,2026-08-21,4.230000019073486,C,1.0,12.937501914062501,,1,2.5,5.3
KDK,2026-08-21,4.230000019073486,C,2.0,1.0000000000000003e-05,2.0,0,0.0,0.0
KDK,2026-08-21,4.230000019073486,C,3.0,1.0000000000000003e-05,1.0,0,0.0,0.0
KDK,2026-08-21,4.230000019073486,C,4.0,1.0000000000000003e-05,10.0,0,0.0,0.0
KDK,2026-08-21,4.230000019073486,C,5.0,0.2500075,177.0,0,0.0,0.0
KDK,2026-08-21,4.230000019073486,C,6.0,0.500005,40.0,0,0.0,0.0
KDK,2026-08-21,4.230000019073486,C,7.0,0.500005,1.0,0,0.0,0.0
KDK,2026-08-21,4.230000019073486,C,8.0,0.500005,1.0,0,0.0,0.0
KDK,2026-08-21,4.230000019073486,C,9.0,0.500005,2.0,0,0.0,0.0
KDK,2026-08-21,4.230000019073486,C,10.0,0.500005,1.0,0,0.0,0.0
KDK,2026-08-21,4.230000019073486,C,11.0,0.500005,2.0,0,0.0,0.0
KDK,2026-08-21,4.230000019073486,P,1.0,0.500005,1.0,0,0.0,0.0
KDK,2026-08-21,4.230000019073486,P,3.0,0.500005,,0,0.0,0.0
KDK,2026-08-21,4.230000019073486,P,4.0,0.12500875,7.0,0,0.0,0.0
KDK,2026-08-21,4.230000019073486,P,5.0,1.0000000000000003e-05,1.0,0,0.0,0.0
KDK,2026-08-21,4.230000019073486,P,6.0,1.0000000000000003e-05,1.0,0,0.0,0.0
KDK,2026-08-21,4.230000019073486,P,7.0,1.0000000000000003e-05,6.0,0,0.0,0.0
KDK,2026-08-21,4.230000019073486,P,8.0,1.0000000000000003e-05,1.0,0,0.0,0.0
KDK,2026-08-21,4.230000019073486,P,9.0,3.46093884765625,3.0,5,1.2,5.1
KDK,2026-08-21,4.230000019073486,P,10.0,1.0000000000000003e-05,2.0,0,0.0,0.0
KDK,2026-08-21,4.230000019073486,P,15.0,1.0000000000000003e-05,55.0,0,0.0,0.0
KDK,2026-08-21,4.230000019073486,P,19.0,3.281251796875,,1,11.1,14.8
PK,2026-08-21,14.9399995803833,C,2.5,1.0000000000000003e-05,4.0,0,0.0,0.0
PK,2026-08-21,14.9399995803833,C,5.0,1.0000000000000003e-05,6.0,0,0.0,0.0
PK,2026-08-21,14.9399995803833,C,7.5,1.0000000000000003e-05,2.0,0,0.0,0.0
PK,2026-08-21,14.9399995803833,C,10.0,1.0000000000000003e-05,,0,0.0,0.0
PK,2026-08-21,14.9399995803833,C,12.5,1.0000000000000003e-05,41.0,0,0.0,0.0
PK,2026-08-21,14.9399995803833,C,15.0,0.007822421875,118.0,0,0.0,0.0
PK,2026-08-21,14.9399995803833,C,17.5,0.2500075,1.0,0,0.0,0.0
PK,2026-08-21,14.9399995803833,P,2.5,0.500005,,0,0.0,0.0
PK,2026-08-21,14.9399995803833,P,5.0,0.500005,1.0,0,0.0,0.0
PK,2026-08-21,14.9399995803833,P,7.5,0.500005,2.0,0,0.0,0.0
PK,2026-08-21,14.9399995803833,P,10.0,0.500005,,0,0.0,0.0
PK,2026-08-21,14.9399995803833,P,12.5,0.2500075,2.0,0,0.0,0.0
PK,2026-08-21,14.9399995803833,P,15.0,1.0000000000000003e-05,1.0,0,0.0,0.0
PK,2026-08-21,14.9399995803833,P,17.5,1.0000000000000003e-05,,0,0.0,0.0
PK,2026-08-21,14.9399995803833,P,22.5,1.0000000000000003e-05,,0,0.0,0.0
PK,2026-08-21,14.9399995803833,P,25.0,1.0000000000000003e-05,1.0,0,0.0,0.0
TDS,2026-08-21,35.38999938964844,C,20.0,8.257817338867186,,1,23.2,27.5
TDS,2026-08-21,35.38999938964844,C,30.0,1.0000000000000003e-05,75.0,0,0.0,0.0
TDS,2026-08-21,35.38999938964844,C,35.0,1.0000000000000003e-05,17.0,0,0.0,0.0
TDS,2026-08-21,35.38999938964844,C,40.0,0.12500875,1.0,0,0.0,0.0
TDS,2026-08-21,35.38999938964844,C,45.0,0.2500075,1.0,0,0.0,0.0
TDS,2026-08-21,35.38999938964844,C,50.0,0.500005,1.0,0,0.0,0.0
TDS,2026-08-21,35.38999938964844,C,55.0,0.500005,10.0,0,0.0,0.0
TDS,2026-08-21,35.38999938964844,C,60.0,1.76171994140625,,2,0.0,1.15
TDS,2026-08-21,35.38999938964844,C,65.0,0.500005,,0,0.0,0.0
TDS,2026-08-21,35.38999938964844,P,30.0,0.2500075,,0,0.0,0.0
TDS,2026-08-21,35.38999938964844,P,35.0,0.015634843750000002,5.0,0,0.0,0.0
TDS,2026-08-21,35.38999938964844,P,40.0,0.9160164648437501,1.0,19,5.0,6.5
TDS,2026-08-21,35.38999938964844,P,45.0,1.0000000000000003e-05,1.0,0,2.8,3.6
TDS,2026-08-21,35.38999938964844,P,65.0,2.7626984057617188,2.0,0,29.9,33.4
MDU,2026-08-21,20.020000457763672,C,20.0,1.0000000000000003e-05,28.0,0,0.0,0.0
MDU,2026-08-21,20.020000457763672,C,22.5,0.12500875,1.0,0,0.0,0.0
MDU,2026-08-21,20.020000457763672,C,30.0,0.500005,,0,0.0,0.0
MDU,2026-08-21,20.020000457763672,P,17.5,0.12500875,,0,0.0,0.0
MDU,2026-08-21,20.020000457763672,P,20.0,0.5898478515625001,,4,0.0,1.95
RNAC,2026-08-21,8.350000381469727,C,2.5,5.7109403613281255,2.0,25,4.0,8.5
RNAC,2026-08-21,8.350000381469727,C,5.0,1.0000000000000003e-05,2.0,0,0.0,0.0
RNAC,2026-08-21,8.350000381469727,C,7.5,1.0000000000000003e-05,350.0,0,0.0,0.0
RNAC,2026-08-21,8.350000381469727,C,10.0,0.2500075,1.0,0,0.0,0.0
RNAC,2026-08-21,8.350000381469727,C,12.5,0.500005,5.0,0,0.0,0.0
RNAC,2026-08-21,8.350000381469727,C,15.0,0.500005,7.0,0,0.0,0.0
RNAC,2026-08-21,8.350000381469727,C,17.5,2.8789090527343753,300.0,308,0.0,0.75
RNAC,2026-08-21,8.350000381469727,P,2.5,0.500005,22.0,0,0.0,0.0
RNAC,2026-08-21,8.350000381469727,P,5.0,0.500005,,0,0.0,0.0
RNAC,2026-08-21,8.350000381469727,P,7.5,0.12500875,1.0,0,0.0,0.0
RNAC,2026-08-21,8.350000381469727,P,10.0,1.0000000000000003e-05,4.0,0,0.0,0.0
GAIN,2026-08-21,16.450000762939453,C,2.5,1.0000000000000003e-05,6.0,0,0.0,0.0
GAIN,2026-08-21,16.450000762939453,C,5.0,1.0000000000000003e-05,1.0,0,0.0,0.0
GAIN,2026-08-21,16.450000762939453,C,15.0,1.0000000000000003e-05,3.0,0,0.0,0.0
GAIN,2026-08-21,16.450000762939453,C,17.5,0.062509375,1234.0,0,0.0,0.0
GAIN,2026-08-21,16.450000762939453,C,20.0,0.2500075,250.0,0,0.0,0.0
GAIN,2026-08-21,16.450000762939453,C,22.5,0.500005,,0,0.0,0.0
GAIN,2026-08-21,16.450000762939453,P,5.0,0.500005,2.0,0,0.0,0.0
GAIN,2026-08-21,16.450000762939453,P,15.0,0.12500875,1.0,0,0.0,0.0
GAIN,2026-08-21,16.450000762939453,P,17.5,1.0000000000000003e-05,16.0,0,0.0,0.0
XPOF,2026-08-21,6.71999979019165,C,5.0,1.0000000000000003e-05,451.0,0,0.0,0.0
XPOF,2026-08-21,6.71999979019165,C,7.5,0.12500875,1.0,0,0.0,0.0
XPOF,2026-08-21,6.71999979019165,C,10.0,0.500005,1.0,0,0.0,0.0
XPOF,2026-08-21,6.71999979019165,C,12.5,0.500005,,0,0.0,0.0
XPOF,2026-08-21,6.71999979019165,P,5.0,0.500005,1.0,0,0.0,0.0
XPOF,2026-08-21,6.71999979019165,P,7.5,1.0000000000000003e-05,50.0,0,0.0,0.0
TSQ,2026-08-21,6.360000133514404,C,2.5,1.0000000000000003e-05,27.0,0.0,0.0,0.0
TSQ,2026-08-21,6.360000133514404,C,5.0,1.0000000000000003e-05,1.0,0.0,0.0,0.0
TSQ,2026-08-21,6.360000133514404,C,7.5,0.2500075,26.0,0.0,0.0,0.0
BRT,2026-08-21,14.180000305175781,C,5.0,1.0000000000000003e-05,,0,0.0,0.0
BRT,2026-08-21,14.180000305175781,C,15.0,0.062509375,44.0,0,0.0,0.0
BRT,2026-08-21,14.180000305175781,P,15.0,1.0000000000000003e-05,10.0,0,0.0,0.0
BCE,2026-08-21,22.059999465942383,C,19.0,1.0000000000000003e-05,,0,0.0,0.0
BCE,2026-08-21,22.059999465942383,C,21.0,1.0000000000000003e-05,1.0,0,0.0,0.0
BCE,2026-08-21,22.059999465942383,C,22.0,1.0000000000000003e-05,38.0,0,0.0,0.0
BCE,2026-08-21,22.059999465942383,C,23.0,0.062509375,2.0,0,0.0,0.0
BCE,2026-08-21,22.059999465942383,C,24.0,0.12500875,26.0,0,0.0,0.0
BCE,2026-08-21,22.059999465942383,C,25.0,0.12500875,7.0,0,0.0,0.0
BCE,2026-08-21,22.059999465942383,C,26.0,0.2500075,4.0,0,0.0,0.0
BCE,2026-08-21,22.059999465942383,C,27.0,0.5625043750000001,,2,0.0,0.05
BCE,2026-08-21,22.059999465942383,P,15.0,0.500005,,0,0.0,0.0
BCE,2026-08-21,22.059999465942383,P,16.0,0.500005,20.0,0,0.0,0.0
BCE,2026-08-21,22.059999465942383,P,17.0,0.2500075,20.0,0,0.0,0.0
BCE,2026-08-21,22.059999465942383,P,18.0,0.2500075,1.0,0,0.0,0.0
BCE,2026-08-21,22.059999465942383,P,19.0,0.2500075,20.0,0,0.0,0.0
BCE,2026-08-21,22.059999465942383,P,20.0,0.12500875,50.0,0,0.0,0.0
BCE,2026-08-21,22.059999465942383,P,21.0,0.062509375,124.0,0,0.0,0.0
BCE,2026-08-21,22.059999465942383,P,22.0,0.007822421875,1.0,0,0.0,0.0
BCE,2026-08-21,22.059999465942383,P,23.0,1.0000000000000003e-05,22.0,0,0.0,0.0
BCE,2026-08-21,22.059999465942383,P,24.0,1.0000000000000003e-05,2.0,0,0.0,0.0
BCE,2026-08-21,22.059999465942383,P,25.0,0.7607445800781252,,0,2.1,4.7
BCE,2026-08-21,22.059999465942383,P,26.0,1.0000000000000003e-05,5.0,0,0.0,0.0
BCE,2026-08-21,22.059999465942383,P,27.0,1.2216835791015623,,0,3.6,7.8
BUR,2026-08-21,4.269999980926514,C,2.5,1.0000000000000003e-05,1,0,0.0,0.0
BUR,2026-08-21,4.269999980926514,C,5.0,0.2500075,1,0,0.0,0.0
BUR,2026-08-21,4.269999980926514,C,7.5,0.500005,2,0,0.0,0.0
BUR,2026-08-21,4.269999980926514,C,10.0,0.500005,4,0,0.0,0.0
BUR,2026-08-21,4.269999980926514,C,12.5,0.500005,2,0,0.0,0.0
BUR,2026-08-21,4.269999980926514,C,15.0,0.500005,200,0,0.0,0.0
BUR,2026-08-21,4.269999980926514,C,20.0,0.500005,50,0,0.0,0.0
BUR,2026-08-21,4.269999980926514,P,2.5,0.500005,4,0,0.0,0.0
BUR,2026-08-21,4.269999980926514,P,5.0,1.0000000000000003e-05,1,0,0.0,0.0
BUR,2026-08-21,4.269999980926514,P,7.5,1.0000000000000003e-05,6,0,0.0,0.0
BUR,2026-08-21,4.269999980926514,P,10.0,1.0000000000000003e-05,4,0,0.0,0.0
BUR,2026-08-21,4.269999980926514,P,12.5,2.93750265625,4,0,6.8,9.8
BUR,2026-08-21,4.269999980926514,P,15.0,1.0000000000000003e-05,2,0,0.0,0.0
BUR,2026-08-21,4.269999980926514,P,17.5,7.316407104492187,2,0,11.9,14.3
BUR,2026-08-21,4.269999980926514,P,22.5,4.01562998046875,2,0,17.1,19.5
PRME,2026-08-21,3.0799999237060547,C,1.0,1.0000000000000003e-05,1.0,0,0.0,0.0
PRME,2026-08-21,3.0799999237060547,C,2.0,1.0000000000000003e-05,12.0,0,0.0,0.0
PRME,2026-08-21,3.0799999237060547,C,3.0,1.0000000000000003e-05,5.0,0,0.0,0.0
PRME,2026-08-21,3.0799999237060547,C,4.0,0.500005,78.0,0,0.0,0.0
PRME,2026-08-21,3.0799999237060547,C,5.0,0.500005,50.0,0,0.0,0.0
PRME,2026-08-21,3.0799999237060547,C,6.0,0.500005,1.0,0,0.0,0.0
PRME,2026-08-21,3.0799999237060547,C,7.0,0.500005,,0,0.0,0.0
PRME,2026-08-21,3.0799999237060547,P,3.0,0.062509375,401.0,0,0.0,0.0
PRME,2026-08-21,3.0799999237060547,P,4.0,1.0000000000000003e-05,10.0,0,0.0,0.0
PRME,2026-08-21,3.0799999237060547,P,5.0,1.0000000000000003e-05,2.0,0,0.0,0.0
WSC,2026-08-21,26.559999465942383,C,17.5,1.0000000000000003e-05,,0,0.0,0.0
WSC,2026-08-21,26.559999465942383,C,20.0,1.0000000000000003e-05,3.0,0,0.0,0.0
WSC,2026-08-21,26.559999465942383,C,25.0,1.0000000000000003e-05,4.0,0,0.0,0.0
WSC,2026-08-21,26.559999465942383,C,27.5,0.062509375,208.0,0,0.0,0.0
WSC,2026-08-21,26.559999465942383,C,30.0,0.12500875,1.0,0,0.0,0.0
WSC,2026-08-21,26.559999465942383,C,32.5,0.2500075,2.0,0,0.0,0.0
WSC,2026-08-21,26.559999465942383,C,35.0,0.2500075,2.0,0,0.0,0.0
WSC,2026-08-21,26.559999465942383,C,37.5,0.500005,,0,0.0,0.0
WSC,2026-08-21,26.559999465942383,C,40.0,0.500005,,0,0.0,0.0
WSC,2026-08-21,26.559999465942383,P,15.0,0.500005,2.0,0,0.0,0.0
WSC,2026-08-21,26.559999465942383,P,17.5,0.500005,,0,0.0,0.0
WSC,2026-08-21,26.559999465942383,P,20.0,0.2500075,4.0,0,0.0,0.0
WSC,2026-08-21,26.559999465942383,P,22.5,0.2500075,106.0,0,0.0,0.0
WSC,2026-08-21,26.559999465942383,P,25.0,0.062509375,106.0,0,0.0,0.0
WSC,2026-08-21,26.559999465942383,P,27.5,1.0000000000000003e-05,7.0,0,0.0,0.0
HCAT,2026-08-21,2.390000104904175,C,2.5,0.062509375,7.0,0.0,0.0,0.0
MVIS,2026-08-07,3.180000066757202,C,0.5,1.0000000000000003e-05,114.0,929,0.0,0.05
MVIS,2026-08-07,3.180000066757202,C,1.0,1.0000000000000003e-05,2.0,83,0.0,0.1
MVIS,2026-08-07,3.180000066757202,C,1.5,1.0000000000000003e-05,1.0,1,0.0,0.05
MVIS,2026-08-07,3.180000066757202,C,2.0,1.0000000000000003e-05,,3,0.0,0.1
MVIS,2026-08-07,3.180000066757202,P,0.5,25.0000021875,11.0,4,0.0,0.3
MARA,2026-08-07,11.239999771118164,C,1.0,1.0000000000000003e-05,28,0,0.0,0.0
MARA,2026-08-07,11.239999771118164,C,2.0,1.0000000000000003e-05,45,0,0.0,0.0
MARA,2026-08-07,11.239999771118164,C,3.0,1.0000000000000003e-05,23,0,0.0,0.0
MARA,2026-08-07,11.239999771118164,C,4.0,1.0000000000000003e-05,22,0,0.0,0.0
MARA,2026-08-07,11.239999771118164,C,5.0,1.0000000000000003e-05,6,0,0.0,0.0
MARA,2026-08-07,11.239999771118164,C,6.0,1.0000000000000003e-05,3,0,0.0,0.0
MARA,2026-08-07,11.239999771118164,C,7.0,1.0000000000000003e-05,3,0,0.0,0.0
MARA,2026-08-07,11.239999771118164,C,8.0,1.0000000000000003e-05,3,0,0.0,0.0
MARA,2026-08-07,11.239999771118164,C,8.5,1.0000000000000003e-05,10,0,0.0,0.0
MARA,2026-08-07,11.239999771118164,C,9.0,1.0000000000000003e-05,29,0,0.0,0.0
MARA,2026-08-07,11.239999771118164,C,9.5,1.0000000000000003e-05,3,0,0.0,0.0
MARA,2026-08-07,11.239999771118164,C,10.0,1.0000000000000003e-05,93,0,0.0,0.0
MARA,2026-08-07,11.239999771118164,C,10.5,1.0000000000000003e-05,137,0,0.0,0.0
MARA,2026-08-07,11.239999771118164,C,11.0,1.0000000000000003e-05,779,0,0.0,0.0
MARA,2026-08-07,11.239999771118164,C,11.5,0.12500875,6215,0,0.0,0.0
MARA,2026-08-07,11.239999771118164,C,12.0,0.2500075,8806,0,0.0,0.0
MARA,2026-08-07,11.239999771118164,C,12.5,0.500005,3215,0,0.0,0.0
MARA,2026-08-07,11.239999771118164,C,13.0,0.500005,3787,0,0.0,0.0
MARA,2026-08-07,11.239999771118164,C,13.5,0.500005,1595,0,0.0,0.0
MARA,2026-08-07,11.239999771118164,C,14.0,0.500005,541,0,0.0,0.0
MARA,2026-08-07,11.239999771118164,C,14.5,0.500005,538,0,0.0,0.0
MARA,2026-08-07,11.239999771118164,C,15.0,0.500005,1378,0,0.0,0.0
MARA,2026-08-07,11.239999771118164,C,15.5,0.500005,189,0,0.0,0.0
MARA,2026-08-07,11.239999771118164,C,16.0,0.500005,49,0,0.0,0.0
MARA,2026-08-07,11.239999771118164,C,16.5,0.500005,26,0,0.0,0.0
MARA,2026-08-07,11.239999771118164,C,17.0,0.500005,3,0,0.0,0.0
MARA,2026-08-07,11.239999771118164,C,17.5,0.500005,252,0,0.0,0.0
MARA,2026-08-07,11.239999771118164,C,18.0,0.500005,5,0,0.0,0.0
MARA,2026-08-07,11.239999771118164,C,18.5,0.500005,14,0,0.0,0.0
MARA,2026-08-07,11.239999771118164,C,19.0,0.500005,1,0,0.0,0.0
MARA,2026-08-07,11.239999771118164,C,20.0,0.500005,5,0,0.0,0.0
MARA,2026-08-07,11.239999771118164,C,21.0,0.500005,1,0,0.0,0.0
MARA,2026-08-07,11.239999771118164,C,22.0,0.500005,16,0,0.0,0.0
MARA,2026-08-07,11.239999771118164,C,23.0,0.500005,64,0,0.0,0.0
MARA,2026-08-07,11.239999771118164,C,24.0,0.500005,12,0,0.0,0.0
MARA,2026-08-07,11.239999771118164,C,25.0,0.500005,1,0,0.0,0.0
MARA,2026-08-07,11.239999771118164,C,26.0,0.500005,1,0,0.0,0.0
MARA,2026-08-07,11.239999771118164,C,27.0,0.500005,4,0,0.0,0.0
MARA,2026-08-07,11.239999771118164,P,2.0,0.500005,1,0,0.0,0.0
MARA,2026-08-07,11.239999771118164,P,4.0,0.500005,15,0,0.0,0.0
MARA,2026-08-07,11.239999771118164,P,5.0,0.500005,3,0,0.0,0.0
MARA,2026-08-07,11.239999771118164,P,6.0,0.500005,5,0,0.0,0.0
MARA,2026-08-07,11.239999771118164,P,7.0,0.500005,3,0,0.0,0.0
MARA,2026-08-07,11.239999771118164,P,7.5,0.500005,2,0,0.0,0.0
MARA,2026-08-07,11.239999771118164,P,8.0,0.500005,14,0,0.0,0.0
MARA,2026-08-07,11.239999771118164,P,8.5,0.500005,92,0,0.0,0.0
MARA,2026-08-07,11.239999771118164,P,9.0,0.500005,131,0,0.0,0.0
MARA,2026-08-07,11.239999771118164,P,9.5,0.500005,224,0,0.0,0.0
MARA,2026-08-07,11.239999771118164,P,10.0,0.500005,1708,0,0.0,0.0
MARA,2026-08-07,11.239999771118164,P,10.5,0.2500075,2794,0,0.0,0.0
MARA,2026-08-07,11.239999771118164,P,11.0,0.12500875,3700,0,0.0,0.0
MARA,2026-08-07,11.239999771118164,P,11.5,1.0000000000000003e-05,1707,0,0.0,0.0
MARA,2026-08-07,11.239999771118164,P,12.0,1.0000000000000003e-05,1921,0,0.0,0.0
MARA,2026-08-07,11.239999771118164,P,12.5,1.0000000000000003e-05,1017,0,0.0,0.0
MARA,2026-08-07,11.239999771118164,P,13.0,1.0000000000000003e-05,117,0,0.0,0.0
MARA,2026-08-07,11.239999771118164,P,13.5,1.0000000000000003e-05,195,0,0.0,0.0
MARA,2026-08-07,11.239999771118164,P,14.0,1.0000000000000003e-05,37,0,0.0,0.0
MARA,2026-08-07,11.239999771118164,P,14.5,1.0000000000000003e-05,17,0,0.0,0.0
MARA,2026-08-07,11.239999771118164,P,15.0,1.0000000000000003e-05,12,0,0.0,0.0
MARA,2026-08-07,11.239999771118164,P,15.5,1.0000000000000003e-05,6,0,0.0,0.0
MARA,2026-08-07,11.239999771118164,P,16.0,1.0000000000000003e-05,23,0,0.0,0.0
MARA,2026-08-07,11.239999771118164,P,16.5,1.0000000000000003e-05,2,0,0.0,0.0
MARA,2026-08-07,11.239999771118164,P,17.0,1.0000000000000003e-05,7,0,0.0,0.0
MARA,2026-08-07,11.239999771118164,P,18.0,1.0000000000000003e-05,2,0,0.0,0.0
MARA,2026-08-07,11.239999771118164,P,18.5,1.0000000000000003e-05,2,0,0.0,0.0
MARA,2026-08-07,11.239999771118164,P,19.0,1.0000000000000003e-05,3,0,0.0,0.0
MARA,2026-08-07,11.239999771118164,P,20.0,1.0000000000000003e-05,143,0,0.0,0.0
MARA,2026-08-07,11.239999771118164,P,21.0,1.0000000000000003e-05,11,0,0.0,0.0
MARA,2026-08-07,11.239999771118164,P,22.0,1.0000000000000003e-05,7,0,0.0,0.0
MARA,2026-08-07,11.239999771118164,P,23.0,1.0000000000000003e-05,1,0,0.0,0.0
MARA,2026-08-07,11.239999771118164,P,24.0,1.0000000000000003e-05,4,0,0.0,0.0
MARA,2026-08-07,11.239999771118164,P,25.0,1.0000000000000003e-05,4,0,0.0,0.0
MARA,2026-08-07,11.239999771118164,P,26.0,1.0000000000000003e-05,1,0,0.0,0.0
MARA,2026-08-07,11.239999771118164,P,27.0,1.0000000000000003e-05,4,0,0.0,0.0
DOUG,2026-08-21,1.75,C,2.5,0.500005,,0,0.0,0.0
DOUG,2026-08-21,1.75,C,5.0,0.500005,3.0,0,0.0,0.0
DOUG,2026-08-21,1.75,C,7.5,0.500005,,0,0.0,0.0
DOUG,2026-08-21,1.75,P,2.5,1.0000000000000003e-05,20.0,0,0.0,0.0
SSP,2026-08-21,2.869999885559082,C,1.0,1.0000000000000003e-05,1.0,0,0.0,0.0
SSP,2026-08-21,2.869999885559082,C,2.0,3.750000625,2.0,9,0.6,1.9
SSP,2026-08-21,2.869999885559082,C,3.0,0.062509375,20.0,0,0.0,0.0
SSP,2026-08-21,2.869999885559082,C,4.0,0.500005,2.0,0,0.0,0.0
SSP,2026-08-21,2.869999885559082,C,5.0,0.500005,1.0,0,0.0,0.0
SSP,2026-08-21,2.869999885559082,P,3.0,1.0000000000000003e-05,1.0,0,0.0,0.0
SSP,2026-08-21,2.869999885559082,P,4.0,1.0000000000000003e-05,15.0,0,0.0,0.0
SSP,2026-08-21,2.869999885559082,P,5.0,9.4375041015625,,1,0.0,3.8
TTGT,2026-08-21,4.440000057220459,C,5.0,0.2500075,20,0,0.0,0.0
TTGT,2026-08-21,4.440000057220459,P,2.5,0.500005,10,0,0.0,0.0
ZYME,2026-08-21,23.5,C,17.5,1.0000000000000003e-05,,0,0.0,0.0
ZYME,2026-08-21,23.5,C,22.5,1.0000000000000003e-05,20.0,0,0.0,0.0
ZYME,2026-08-21,23.5,C,25.0,0.062509375,1.0,0,0.0,0.0
ZYME,2026-08-21,23.5,C,30.0,0.2500075,13.0,0,0.0,0.0
ZYME,2026-08-21,23.5,C,35.0,2.81250296875,,1,0.0,4.9
ZYME,2026-08-21,23.5,P,20.0,0.2500075,,0,0.0,0.0
ZYME,2026-08-21,23.5,P,22.5,0.062509375,70.0,0,0.0,0.0
ZYME,2026-08-21,23.5,P,25.0,1.0000000000000003e-05,176.0,0,0.0,0.0
INDI,2026-08-21,3.390000104904175,C,1.0,1.0000000000000003e-05,2,0,0.0,0.0
INDI,2026-08-21,3.390000104904175,C,1.5,7.7343753320312505,2,9,2.1,2.9
INDI,2026-08-21,3.390000104904175,C,2.0,1.0000000000000003e-05,10,0,0.0,0.0
INDI,2026-08-21,3.390000104904175,C,2.5,1.0000000000000003e-05,1,0,0.0,0.0
INDI,2026-08-21,3.390000104904175,C,3.0,1.0000000000000003e-05,2,0,0.0,0.0
INDI,2026-08-21,3.390000104904175,C,3.5,0.062509375,77,0,0.0,0.0
INDI,2026-08-21,3.390000104904175,C,4.0,0.2500075,181,0,0.0,0.0
INDI,2026-08-21,3.390000104904175,C,4.5,0.500005,1,0,0.0,0.0
INDI,2026-08-21,3.390000104904175,C,5.0,0.500005,77,0,0.0,0.0
INDI,2026-08-21,3.390000104904175,C,5.5,0.500005,3,0,0.0,0.0
INDI,2026-08-21,3.390000104904175,C,7.5,0.500005,13,0,0.0,0.0
INDI,2026-08-21,3.390000104904175,C,10.0,0.500005,50,0,0.0,0.0
INDI,2026-08-21,3.390000104904175,P,0.5,0.500005,2,0,0.0,0.0
INDI,2026-08-21,3.390000104904175,P,1.5,0.500005,10,0,0.0,0.0
INDI,2026-08-21,3.390000104904175,P,2.0,0.500005,100,0,0.0,0.0
INDI,2026-08-21,3.390000104904175,P,2.5,0.500005,6,0,0.0,0.0
INDI,2026-08-21,3.390000104904175,P,3.0,0.2500075,15,0,0.0,0.0
INDI,2026-08-21,3.390000104904175,P,3.5,1.0000000000000003e-05,11,0,0.0,0.0
INDI,2026-08-21,3.390000104904175,P,4.0,1.0000000000000003e-05,1,0,0.0,0.0
INDI,2026-08-21,3.390000104904175,P,4.5,1.0000000000000003e-05,1,0,0.0,0.0
INDI,2026-08-21,3.390000104904175,P,5.0,1.0000000000000003e-05,4,0,0.0,0.0
INDI,2026-08-21,3.390000104904175,P,5.5,1.0000000000000003e-05,1,0,0.0,0.0
INDI,2026-08-21,3.390000104904175,P,7.5,1.0000000000000003e-05,2,0,0.0,0.0
TEAD,2026-08-21,0.8270000219345093,C,0.5,1.0000000000000003e-05,10.0,0,0.0,0.0
TEAD,2026-08-21,0.8270000219345093,C,1.0,0.2500075,4.0,0,0.0,0.0
TEAD,2026-08-21,0.8270000219345093,C,1.5,0.500005,1.0,0,0.0,0.0
TEAD,2026-08-21,0.8270000219345093,C,2.0,0.500005,1.0,0,0.0,0.0
TEAD,2026-08-21,0.8270000219345093,C,2.5,0.500005,10.0,0,0.0,0.0
TEAD,2026-08-21,0.8270000219345093,C,5.0,10.625003359375002,1.0,2,0.0,0.75
TEAD,2026-08-21,0.8270000219345093,C,7.5,11.437502851562499,2.0,3,0.0,0.75
TEAD,2026-08-21,0.8270000219345093,P,0.5,0.500005,25.0,0,0.0,0.0
TEAD,2026-08-21,0.8270000219345093,P,1.0,1.0000000000000003e-05,4.0,0,0.0,0.0
TEAD,2026-08-21,0.8270000219345093,P,2.0,5.5937530078124995,,1,0.85,1.85
TEAD,2026-08-21,0.8270000219345093,P,2.5,5.375003281249999,,1,1.45,2.15
ACDC,2026-08-21,4.505000114440918,C,1.0,9.265629208984375,2.0,3,3.5,4.3
ACDC,2026-08-21,4.505000114440918,C,2.0,5.79687775390625,2.0,2,2.7,3.3
ACDC,2026-08-21,4.505000114440918,C,3.0,1.0000000000000003e-05,175.0,0,0.0,0.0
ACDC,2026-08-21,4.505000114440918,C,4.0,1.0000000000000003e-05,512.0,0,0.0,0.0
ACDC,2026-08-21,4.505000114440918,C,5.0,0.12500875,133.0,0,0.0,0.0
ACDC,2026-08-21,4.505000114440918,C,6.0,0.500005,631.0,0,0.0,0.0
ACDC,2026-08-21,4.505000114440918,C,7.0,0.500005,205.0,0,0.0,0.0
ACDC,2026-08-21,4.505000114440918,C,8.0,0.500005,2.0,0,0.0,0.0
ACDC,2026-08-21,4.505000114440918,C,9.0,0.500005,1.0,0,0.0,0.0
ACDC,2026-08-21,4.505000114440918,C,10.0,0.500005,20.0,0,0.0,0.0
ACDC,2026-08-21,4.505000114440918,C,11.0,0.500005,2.0,0,0.0,0.0
ACDC,2026-08-21,4.505000114440918,P,2.0,0.500005,,0,0.0,0.0
ACDC,2026-08-21,4.505000114440918,P,3.0,0.500005,4.0,0,0.0,0.0
ACDC,2026-08-21,4.505000114440918,P,4.0,0.2500075,2.0,0,0.0,0.0
ACDC,2026-08-21,4.505000114440918,P,5.0,1.0000000000000003e-05,2.0,0,0.0,0.0
ACDC,2026-08-21,4.505000114440918,P,6.0,1.0000000000000003e-05,1.0,0,0.0,0.0
ACDC,2026-08-21,4.505000114440918,P,7.0,1.0000000000000003e-05,20.0,0,0.0,0.0
ACDC,2026-08-21,4.505000114440918,P,8.0,1.0000000000000003e-05,1.0,0,0.0,0.0
ACDC,2026-08-21,4.505000114440918,P,11.0,1.0000000000000003e-05,1.0,1,3.3,4.6
ACDC,2026-08-21,4.505000114440918,P,13.0,4.039067451171874,,0,8.0,8.8
ACDC,2026-08-21,4.505000114440918,P,15.0,1.0000000000000003e-05,,1,9.7,10.4
HE,2026-08-21,12.59000015258789,C,2.5,1.0000000000000003e-05,70.0,0,0.0,0.0
HE,2026-08-21,12.59000015258789,C,7.5,1.0000000000000003e-05,100.0,0,0.0,0.0
HE,2026-08-21,12.59000015258789,C,10.0,1.0000000000000003e-05,5.0,0,0.0,0.0
HE,2026-08-21,12.59000015258789,C,12.5,1.0000000000000003e-05,8.0,0,0.0,0.0
HE,2026-08-21,12.59000015258789,C,15.0,0.2500075,24.0,0,0.0,0.0
HE,2026-08-21,12.59000015258789,C,17.5,0.500005,1.0,0,0.0,0.0
HE,2026-08-21,12.59000015258789,C,25.0,0.500005,,0,0.0,0.0
HE,2026-08-21,12.59000015258789,P,5.0,0.500005,,0,0.0,0.0
HE,2026-08-21,12.59000015258789,P,10.0,0.2500075,1.0,0,0.0,0.0
HE,2026-08-21,12.59000015258789,P,12.5,0.015634843750000002,94.0,0,0.0,0.0
HE,2026-08-21,12.59000015258789,P,15.0,1.0000000000000003e-05,1.0,0,0.0,0.0
HE,2026-08-21,12.59000015258789,P,17.5,1.0000000000000003e-05,1.0,1,3.7,4.9
OPTU,2026-08-21,0.7839999794960022,C,0.5,1.0000000000000003e-05,74.0,0,0.0,0.0
OPTU,2026-08-21,0.7839999794960022,C,1.0,0.500005,6.0,0,0.0,0.0
OPTU,2026-08-21,0.7839999794960022,C,1.5,0.500005,3.0,0,0.0,0.0
OPTU,2026-08-21,0.7839999794960022,C,2.0,0.500005,1.0,0,0.0,0.0
OPTU,2026-08-21,0.7839999794960022,C,2.5,0.500005,1.0,0,0.0,0.0
OPTU,2026-08-21,0.7839999794960022,C,5.0,0.500005,6.0,0,0.0,0.0
OPTU,2026-08-21,0.7839999794960022,C,7.5,0.500005,,0,0.0,0.0
OPTU,2026-08-21,0.7839999794960022,P,0.5,0.500005,2.0,0,0.0,0.0
OPTU,2026-08-21,0.7839999794960022,P,1.0,1.0000000000000003e-05,5.0,0,0.0,0.0
OPTU,2026-08-21,0.7839999794960022,P,1.5,1.0000000000000003e-05,1.0,0,0.0,0.0
OPTU,2026-08-21,0.7839999794960022,P,2.0,1.0000000000000003e-05,4.0,0,0.0,0.0
OPTU,2026-08-21,0.7839999794960022,P,2.5,1.0000000000000003e-05,1.0,0,0.0,0.0
XRAY,2026-08-21,13.779999732971191,C,2.5,1.0000000000000003e-05,22.0,0,0.0,0.0
XRAY,2026-08-21,13.779999732971191,C,5.0,1.0000000000000003e-05,3.0,0,0.0,0.0
XRAY,2026-08-21,13.779999732971191,C,7.5,1.0000000000000003e-05,28.0,0,0.0,0.0
XRAY,2026-08-21,13.779999732971191,C,10.0,1.0000000000000003e-05,6.0,0,0.0,0.0
XRAY,2026-08-21,13.779999732971191,C,12.5,1.0000000000000003e-05,3.0,0,0.0,0.0
XRAY,2026-08-21,13.779999732971191,C,15.0,0.12500875,157.0,0,0.0,0.0
XRAY,2026-08-21,13.779999732971191,C,17.5,0.2500075,2.0,0,0.0,0.0
XRAY,2026-08-21,13.779999732971191,C,20.0,0.500005,,0,0.0,0.0
XRAY,2026-08-21,13.779999732971191,P,5.0,0.500005,1.0,0,0.0,0.0
XRAY,2026-08-21,13.779999732971191,P,7.5,0.500005,30.0,0,0.0,0.0
XRAY,2026-08-21,13.779999732971191,P,10.0,0.500005,3.0,0,0.0,0.0
XRAY,2026-08-21,13.779999732971191,P,12.5,0.12500875,27.0,0,0.0,0.0
XRAY,2026-08-21,13.779999732971191,P,15.0,1.0000000000000003e-05,130.0,0,0.0,0.0
XRAY,2026-08-21,13.779999732971191,P,17.5,1.0000000000000003e-05,,0,0.0,0.0
OCGN,2026-08-21,1.2799999713897705,C,0.5,1.0000000000000003e-05,1,0,0.0,0.0
OCGN,2026-08-21,1.2799999713897705,C,1.0,1.0000000000000003e-05,6,0,0.0,0.0
OCGN,2026-08-21,1.2799999713897705,C,1.5,0.2500075,136,0,0.0,0.0
OCGN,2026-08-21,1.2799999713897705,C,2.0,0.500005,1,0,0.0,0.0
OCGN,2026-08-21,1.2799999713897705,C,2.5,0.500005,1,0,0.0,0.0
OCGN,2026-08-21,1.2799999713897705,C,3.0,0.500005,2,0,0.0,0.0
OCGN,2026-08-21,1.2799999713897705,P,0.5,0.500005,30,0,0.0,0.0
OCGN,2026-08-21,1.2799999713897705,P,1.0,0.500005,4,0,0.0,0.0
OCGN,2026-08-21,1.2799999713897705,P,1.5,1.0000000000000003e-05,15,0,0.0,0.0
OCGN,2026-08-21,1.2799999713897705,P,2.0,1.0000000000000003e-05,7,0,0.0,0.0
OCGN,2026-08-21,1.2799999713897705,P,2.5,1.0000000000000003e-05,3,0,0.0,0.0
OCGN,2026-08-21,1.2799999713897705,P,3.0,1.0000000000000003e-05,2,0,0.0,0.0
RXO,2026-08-21,21.0,C,2.5,1.0000000000000003e-05,2.0,0,0.0,0.0
RXO,2026-08-21,21.0,C,7.5,20.921878461914062,,1,19.4,21.9
RXO,2026-08-21,21.0,C,10.0,12.195314877929688,1.0,1,16.9,19.4
RXO,2026-08-21,21.0,C,12.5,9.304691684570313,20.0,15,14.5,17.0
RXO,2026-08-21,21.0,C,15.0,7.355469555664062,10.0,29,12.0,14.5
RXO,2026-08-21,21.0,C,17.5,1.0000000000000003e-05,4.0,0,0.0,0.0
RXO,2026-08-21,21.0,C,20.0,1.0000000000000003e-05,64.0,0,0.0,0.0
RXO,2026-08-21,21.0,C,22.5,0.12500875,2.0,0,0.0,0.0
RXO,2026-08-21,21.0,C,25.0,0.2500075,16.0,0,0.0,0.0
RXO,2026-08-21,21.0,C,30.0,0.500005,1.0,0,0.0,0.0
RXO,2026-08-21,21.0,C,35.0,0.500005,20.0,0,0.0,0.0
RXO,2026-08-21,21.0,C,40.0,0.500005,4.0,0,0.0,0.0
RXO,2026-08-21,21.0,P,5.0,0.500005,10.0,0,0.0,0.0
RXO,2026-08-21,21.0,P,7.5,0.500005,15.0,0,0.0,0.0
RXO,2026-08-21,21.0,P,10.0,0.500005,4.0,0,0.0,0.0
RXO,2026-08-21,21.0,P,12.5,0.500005,1.0,0,0.0,0.0
RXO,2026-08-21,21.0,P,15.0,0.500005,9.0,0,0.0,0.0
RXO,2026-08-21,21.0,P,17.5,0.2500075,25.0,0,0.0,0.0
RXO,2026-08-21,21.0,P,20.0,0.062509375,1570.0,0,0.0,0.0
RXO,2026-08-21,21.0,P,22.5,1.0000000000000003e-05,1.0,0,0.0,0.0
RXO,2026-08-21,21.0,P,25.0,1.0000000000000003e-05,1.0,0,0.0,0.0
RXO,2026-08-21,21.0,P,30.0,1.0000000000000003e-05,2.0,0,0.0,0.0
GTIM,2026-08-21,1.4199999570846558,C,2.5,0.500005,140.0,0,0.0,0.0
GTIM,2026-08-21,1.4199999570846558,C,5.0,0.500005,,0,0.0,0.0
GTIM,2026-08-21,1.4199999570846558,P,2.5,1.0000000000000003e-05,,0,0.0,0.0
GTIM,2026-08-21,1.4199999570846558,P,7.5,1.0000000000000003e-05,,0,0.0,0.0
